{"transaction_id": "f3eb1cf9-ee06-43b1-8080-3d204187db0b", "timestamp": "2026-08-09T20:09:30.453117", "sender_account": "ZBHW15201152194607", "receiver_account": "HCRJ13445288437325", "amount": 1356.77, "currency": "USD", "type": "NORMAL"}
{"transaction_id": "c90fcb12-3b19-49a6-b786-e6e7ee2f4714", "timestamp": "2026-08-09T20:09:31.453850", "sender_account": "UPJV37418231984446", "receiver_account": "DHXD29798129363670", "amount": 9900.0, "currency": "USD", "type": "FRAUD_SMURFING"}
{"transaction_id": "41da4e46-90f4-4c1d-9213-4b447cafd7ab", "timestamp": "2026-08-09T20:09:32.454560", "sender_account": "SLAB07782912545918", "receiver_account": "DHXD29798129363670", "amount": 9900.0, "currency": "USD", "type": "FRAUD_SMURFING"}
{"transaction_id": "a0f1c061-2c1b-4778-ae5d-2504a271ea0d", "timestamp": "2026-08-09T20:09:33.458044", "sender_account": "OKXQ21634511779765", "receiver_account": "VLJZ34879110836950", "amount": 4399.19, "currency": "USD", "type": "NORMAL"}
{"transaction_id": "82507411-7ba3-4188-8b43-2cad9650e37f", "timestamp": "2026-08-09T20:09:34.459181", "sender_account": "ZXAR05765075668663", "receiver_account": "KFLB63103608820780", "amount": 1031.04, "currency": "USD", "type": "NORMAL"}
{"transaction_id": "a48949f4-4fa0-4889-82b4-40ed06acfb49", "timestamp": "2026-08-09T20:09:35.459851", "sender_account": "TUTS20820033146909", "receiver_account": "SOMQ12929249245303", "amount": 3931.2, "currency": "USD", "type": "NORMAL"}
{"transaction_id": "747d933e-28c1-428d-b968-b60768a82332", "timestamp": "2026-08-09T20:09:36.460362", "sender_account": "TLEQ94176569127507", "receiver_account": "DHXD29798129363670", "amount": 9900.0, "currency": "USD", "type": "FRAUD_SMURFING"}
{"transaction_id": "60979fa2-6c64-4039-8f98-f9923b55a19f", "timestamp": "2026-08-09T20:09:37.461105", "sender_account": "BBUZ25013525748049", "receiver_account": "ICGV53156075812497", "amount": 4281.24, "currency": "USD", "type": "NORMAL"}
{"transaction_id": "a2cfafa5-12c0-4bbc-b541-ea25dd04061b", "timestamp": "2026-08-09T20:09:38.462209", "sender_account": "TLEQ94176569127507", "receiver_account": "PVYV10054967223098", "amount": 3258.65, "currency": "USD", "type": "NORMAL"}
{"transaction_id": "6922d956-f509-4240-911c-3c4f93c558f9", "timestamp": "2026-08-09T20:09:39.462874", "sender_account": "ROEG21699488836212", "receiver_account": "KLGW93460839524738", "amount": 3655.4, "currency": "USD", "type": "NORMAL"}
{"transaction_id": "90068344-a9c4-4937-b385-7066585501c0", "timestamp": "2026-08-09T20:09:40.463653", "sender_account": "PQZX88229111339405", "receiver_account": "IGDV95657565219143", "amount": 4253.22, "currency": "USD", "type": "NORMAL"}
{"transaction_id": "a7a96499-ffc4-41dc-9ce0-88d0a1a0158c", "timestamp": "2026-08-09T20:09:41.464422", "sender_account": "LIIF46058529294356", "receiver_account": "WNJJ46715791962562", "amount": 1957.81, "currency": "USD", "type": "NORMAL"}
{"transaction_id": "8e5d8b5b-544e-4700-879e-8ada2f64f561", "timestamp": "2026-08-09T20:09:42.465329", "sender_account": "WOLO65474758917107", "receiver_account": "DHXD29798129363670", "amount": 9900.0, "currency": "USD", "type": "FRAUD_SMURFING"}
{"transaction_id": "7e53ef02-1240-48ad-9384-8455ba025706", "timestamp": "2026-08-09T20:09:43.466129", "sender_account": "VCMZ25182124680889", "receiver_account": "XRHZ49622104577532", "amount": 4202.96, "currency": "USD", "type": "NORMAL"}
{"transaction_id": "455a9f28-f848-48b4-9a7b-1c69d75e54db", "timestamp": "2026-08-09T20:09:44.466747", "sender_account": "HUUO56872093999999", "receiver_account": "OGMT50338476598631", "amount": 2910.64, "currency": "USD", "type": "NORMAL"}
{"transaction_id": "ac3534cf-6e4e-472a-a09f-33aa957345fa", "timestamp": "2026-08-09T20:09:45.467787", "sender_account": "WIWI99102811960457", "receiver_account": "IGDV95657565219143", "amount": 4495.77, "currency": "USD", "type": "NORMAL"}
{"transaction_id": "6f652da1-b91d-459d-9df1-35d17956c124", "timestamp": "2026-08-09T20:09:46.468648", "sender_account": "BJVE55078217622304", "receiver_account": "XHMU92807757733251", "amount": 1705.03, "currency": "USD", "type": "NORMAL"}
{"transaction_id": "8bce95b1-6fda-4c62-8c8e-058b5c005a0b", "timestamp": "2026-08-09T20:09:47.469519", "sender_account": "PCDK45107659026488", "receiver_account": "OGMT50338476598631", "amount": 3125.14, "currency": "USD", "type": "NORMAL"}
{"transaction_id": "b5e9f9b5-7c64-42d6-9ec7-ed3e92a481d3", "timestamp": "2026-08-09T20:09:48.470449", "sender_account": "BBUZ25013525748049", "receiver_account": "HYWI43654336654190", "amount": 4760.88, "currency": "USD", "type": "NORMAL"}
{"transaction_id": "763d0252-93ec-4d48-bdc6-8611a84689ce", "timestamp": "2026-08-09T20:09:49.471486", "sender_account": "KFLB63103608820780", "receiver_account": "SLAB07782912545918", "amount": 594.71, "currency": "USD", "type": "NORMAL"}
{"transaction_id": "066a6ebc-19d8-4721-bf0e-20be08be047b", "timestamp": "2026-08-09T20:09:50.472745", "sender_account": "BBUZ25013525748049", "receiver_account": "SJUF05147964573082", "amount": 4146.96, "currency": "USD", "type": "NORMAL"}
{"transaction_id": "66e8a666-6049-4834-830e-596a678264d7", "timestamp": "2026-08-09T20:09:51.473852", "sender_account": "YGIT36284720296184", "receiver_account": "VGXC17835131867242", "amount": 3229.85, "currency": "USD", "type": "NORMAL"}
{"transaction_id": "ac0d57d0-c078-4559-936d-6b147049ed78", "timestamp": "2026-08-09T20:09:52.474651", "sender_account": "WIWI99102811960457", "receiver_account": "XWOK47537729199592", "amount": 1004.22, "currency": "USD", "type": "NORMAL"}
{"transaction_id": "2d335dd0-e980-4baf-bb44-8977c5e774da", "timestamp": "2026-08-09T20:09:53.475607", "sender_account": "HMHN12888078151724", "receiver_account": "ROEG21699488836212", "amount": 1920.19, "currency": "USD", "type": "NORMAL"}
{"transaction_id": "5701656d-2200-4790-b660-0a5013760376", "timestamp": "2026-08-09T20:09:54.476465", "sender_account": "BBUZ25013525748049", "receiver_account": "DZKR24857421368718", "amount": 4519.08, "currency": "USD", "type": "NORMAL"}
{"transaction_id": "d58013b8-2ca8-42ca-9ca0-f90c6be82910", "timestamp": "2026-08-09T20:09:55.477137", "sender_account": "TLEQ94176569127507", "receiver_account": "USTZ67934160346930", "amount": 4946.84, "currency": "USD", "type": "NORMAL"}
{"transaction_id": "ff3ba2c5-cc2e-4a50-807a-2174d9bb6c35", "timestamp": "2026-08-09T20:09:56.478104", "sender_account": "LIIF46058529294356", "receiver_account": "PQZX88229111339405", "amount": 4919.26, "currency": "USD", "type": "NORMAL"}
{"transaction_id": "82056d1a-89d1-4b10-a8d8-cafadbe49add", "timestamp": "2026-08-09T20:09:57.478940", "sender_account": "RTQL83733328553717", "receiver_account": "PCDK45107659026488", "amount": 1510.83, "currency": "USD", "type": "NORMAL"}
{"transaction_id": "f8ac0e66-5ff0-4d50-91b3-286a3d95c838", "timestamp": "2026-08-09T20:09:58.479570", "sender_account": "LFTD52744557424271", "receiver_account": "BJVE55078217622304", "amount": 2358.74, "currency": "USD", "type": "NORMAL"}
{"transaction_id": "e27453fa-e13e-4cca-adf9-2bbeb2f9ec31", "timestamp": "2026-08-09T20:09:59.480516", "sender_account": "ZBHW15201152194607", "receiver_account": "DHXD29798129363670", "amount": 9900.0, "currency": "USD", "type": "FRAUD_SMURFING"}
{"transaction_id": "58ee2911-5578-407a-9b75-b124cb871633", "timestamp": "2026-08-09T20:10:00.481269", "sender_account": "KLGW93460839524738", "receiver_account": "DHXD29798129363670", "amount": 9900.0, "currency": "USD", "type": "FRAUD_SMURFING"}
{"transaction_id": "9dbf930b-9cc0-40ac-a6e1-3d9a4b838056", "timestamp": "2026-08-09T20:10:01.482518", "sender_account": "VSDN52904406785119", "receiver_account": "DHXD29798129363670", "amount": 9900.0, "currency": "USD", "type": "FRAUD_SMURFING"}
{"transaction_id": "e73ab0ab-330f-48c6-bec7-32bd9d8a6df5", "timestamp": "2026-08-09T20:10:02.483638", "sender_account": "MMKB78965358287172", "receiver_account": "DHXD29798129363670", "amount": 9900.0, "currency": "USD", "type": "FRAUD_SMURFING"}
{"transaction_id": "00138c22-8e7c-48a9-a6ec-fbd6127a7433", "timestamp": "2026-08-09T20:10:03.484803", "sender_account": "LFTD52744557424271", "receiver_account": "VSDN52904406785119", "amount": 2737.4, "currency": "USD", "type": "NORMAL"}
{"transaction_id": "a391c28c-db03-4bfc-84e2-d35a23bfb94e", "timestamp": "2026-08-09T20:10:04.485719", "sender_account": "RYCA44078118992009", "receiver_account": "WIWI99102811960457", "amount": 453.35, "currency": "USD", "type": "NORMAL"}
{"transaction_id": "674b9f61-5d32-461e-b243-b7eecfee5af4", "timestamp": "2026-08-09T20:10:05.486686", "sender_account": "ZTQI82871841120125", "receiver_account": "XVZO40869208840581", "amount": 4310.57, "currency": "USD", "type": "NORMAL"}
{"transaction_id": "178fb96b-e5dc-4cd1-84c2-a43cf43cf270", "timestamp": "2026-08-09T20:10:06.487461", "sender_account": "DOFY33322810472416", "receiver_account": "IUXC75497866885031", "amount": 4985.06, "currency": "USD", "type": "NORMAL"}
{"transaction_id": "eaad3948-e1ad-4584-86b6-1be96f06c2b8", "timestamp": "2026-08-09T20:10:07.488091", "sender_account": "SLAB07782912545918", "receiver_account": "HMHN12888078151724", "amount": 4520.55, "currency": "USD", "type": "NORMAL"}
{"transaction_id": "b2fdbb65-719e-4796-b4a0-fb59fc3b021c", "timestamp": "2026-08-09T20:10:08.488936", "sender_account": "VGXC17835131867242", "receiver_account": "GTIQ73609749748511", "amount": 3302.73, "currency": "USD", "type": "NORMAL"}
{"transaction_id": "35e052a9-00cd-42bc-a1c5-a68a6b7ed071", "timestamp": "2026-08-09T20:10:09.490163", "sender_account": "HYWI43654336654190", "receiver_account": "DHXD29798129363670", "amount": 9900.0, "currency": "USD", "type": "FRAUD_SMURFING"}
{"transaction_id": "35a7ae53-38f6-4328-997f-e6f11abf688a", "timestamp": "2026-08-09T20:10:10.491357", "sender_account": "RYCA44078118992009", "receiver_account": "IMJX39582692207633", "amount": 3440.58, "currency": "USD", "type": "NORMAL"}
{"transaction_id": "78cfa150-cbe8-4fee-bee2-7c979100ef72", "timestamp": "2026-08-10T16:14:08.897213", "sender_account": "YXRF85957215814306", "receiver_account": "BMWQ07401602650724", "amount": 3280.74, "currency": "USD", "type": "NORMAL"}
{"transaction_id": "a71a3b07-1f10-4217-bc1f-51f61b6e27e9", "timestamp": "2026-08-10T16:14:09.899923", "sender_account": "FOBA45363711762614", "receiver_account": "VALP74928055025578", "amount": 545.81, "currency": "USD", "type": "NORMAL"}
{"transaction_id": "79078575-fb16-4a0b-9938-dc293671d485", "timestamp": "2026-08-10T16:14:10.901053", "sender_account": "TKCO15830034158606", "receiver_account": "ZISS86727170516266", "amount": 512.52, "currency": "USD", "type": "NORMAL"}
{"transaction_id": "121fa2b0-8458-4e3b-ac1c-94da95721ffd", "timestamp": "2026-08-10T16:14:11.902017", "sender_account": "DRXV24124034784149", "receiver_account": "PALM16133745049607", "amount": 495.85, "currency": "USD", "type": "NORMAL"}
{"transaction_id": "42eddfe1-79e7-4b53-baf7-e82cb1086f37", "timestamp": "2026-08-10T16:14:12.903154", "sender_account": "FLWW48003862994101", "receiver_account": "MGQC27256683991625", "amount": 836.33, "currency": "USD", "type": "NORMAL"}
{"transaction_id": "c7ff52df-9086-4efb-9483-0db4b98eb3d6", "timestamp": "2026-08-10T16:14:13.904266", "sender_account": "NORJ47127315571079", "receiver_account": "CWAH81262579423819", "amount": 1294.56, "currency": "USD", "type": "NORMAL"}
{"transaction_id": "a40a33cd-f4b5-4aa3-990a-43436e18f828", "timestamp": "2026-08-10T16:14:14.905804", "sender_account": "VPQE19399427637466", "receiver_account": "QTXV40623378585875", "amount": 4756.21, "currency": "USD", "type": "NORMAL"}
{"transaction_id": "5012d5c3-d918-4132-a7e3-9413307acb83", "timestamp": "2026-08-10T16:14:15.907228", "sender_account": "GKOO36379143283440", "receiver_account": "IQWF66011720786197", "amount": 14.59, "currency": "USD", "type": "NORMAL"}
{"transaction_id": "e291b315-cbec-4dd5-86fc-3fc964b638bb", "timestamp": "2026-08-10T16:14:16.908881", "sender_account": "ECDH75774390227986", "receiver_account": "SOBM80491499457608", "amount": 401.48, "currency": "USD", "type": "NORMAL"}
{"transaction_id": "e96a79b7-33e5-426c-9c88-043132b330a3", "timestamp": "2026-08-10T16:14:17.910839", "sender_account": "OWJJ95183742153706", "receiver_account": "SNQR02825333527062", "amount": 3865.16, "currency": "USD", "type": "NORMAL"}
{"transaction_id": "2f0e79f2-610a-412c-b71f-089e2aea16a7", "timestamp": "2026-08-10T16:14:18.912527", "sender_account": "FOKF83913028698195", "receiver_account": "BLTT28136406266695", "amount": 470.2, "currency": "USD", "type": "NORMAL"}
{"transaction_id": "40e90b4d-2afd-4952-b383-a4e411df24df", "timestamp": "2026-08-10T16:14:19.913258", "sender_account": "EUPF21042455172540", "receiver_account": "WIYV91633626744584", "amount": 3842.51, "currency": "USD", "type": "NORMAL"}
{"transaction_id": "2bb79aa6-f5fe-46ec-94fb-2a9384461e43", "timestamp": "2026-08-10T16:14:20.913961", "sender_account": "BLTT28136406266695", "receiver_account": "TYZA12395659119598", "amount": 9900.0, "currency": "USD", "type": "FRAUD_PLACEMENT"}
{"transaction_id": "93a0f0cb-8015-402b-a23c-80b4bb65eabb", "timestamp": "2026-08-10T16:14:20.913992", "sender_account": "TYZA12395659119598", "receiver_account": "TKNE95981619733116", "amount": 9900.0, "currency": "USD", "type": "FRAUD_LAYERING"}
{"transaction_id": "ed6c5b61-e05f-44a3-b3a9-fb31c205e574", "timestamp": "2026-08-10T16:14:21.915063", "sender_account": "JHOE55271525311673", "receiver_account": "GLIT62311059003233", "amount": 2773.93, "currency": "USD", "type": "NORMAL"}
{"transaction_id": "fb56068b-0791-4d61-b1c1-73fcffe82883", "timestamp": "2026-08-10T16:14:22.916304", "sender_account": "KOVQ87848311751921", "receiver_account": "DGWO81624487946464", "amount": 2794.66, "currency": "USD", "type": "NORMAL"}
{"transaction_id": "c6c20af3-32ff-4841-91b4-0d0aab98c967", "timestamp": "2026-08-10T16:14:23.917060", "sender_account": "YXRF85957215814306", "receiver_account": "FXIM87758079103884", "amount": 176.93, "currency": "USD", "type": "NORMAL"}
{"transaction_id": "6ac96276-41aa-4e6b-aa1b-3a4ddc06c9a9", "timestamp": "2026-08-10T16:14:24.917571", "sender_account": "TYUO44513722171270", "receiver_account": "ZRSL02416594373530", "amount": 454.69, "currency": "USD", "type": "NORMAL"}
{"transaction_id": "f9967d90-4da2-41b7-9c22-c4a843114349", "timestamp": "2026-08-10T16:14:25.918458", "sender_account": "SOBM80491499457608", "receiver_account": "HNVF64891754144366", "amount": 2024.4, "currency": "USD", "type": "NORMAL"}
{"transaction_id": "f0625647-531e-4c9b-9e90-83b90c3a4fd3", "timestamp": "2026-08-10T16:14:26.919579", "sender_account": "RTKW81167619321392", "receiver_account": "YGUU62893874834917", "amount": 4873.64, "currency": "USD", "type": "NORMAL"}
{"transaction_id": "c906ac01-71c4-4656-aac7-09498424c5df", "timestamp": "2026-08-10T16:14:27.920429", "sender_account": "HNVF64891754144366", "receiver_account": "FOKF83913028698195", "amount": 2930.52, "currency": "USD", "type": "NORMAL"}
{"transaction_id": "e7baf2ac-c9b0-4b0f-abd6-4ae01a5908f1", "timestamp": "2026-08-10T16:14:28.921128", "sender_account": "BLTT28136406266695", "receiver_account": "BTCE30031727194183", "amount": 3572.23, "currency": "USD", "type": "NORMAL"}
{"transaction_id": "d32b2c55-a3f3-4469-9236-d61e5ba481dd", "timestamp": "2026-08-10T16:14:29.921989", "sender_account": "MIJN31964293863181", "receiver_account": "JHOE55271525311673", "amount": 4631.87, "currency": "USD", "type": "NORMAL"}
{"transaction_id": "c0acaa2a-30ea-45ba-80bc-167579b7f4ce", "timestamp": "2026-08-10T16:14:30.922924", "sender_account": "DRXV24124034784149", "receiver_account": "ONTE15993666350518", "amount": 2169.82, "currency": "USD", "type": "NORMAL"}
{"transaction_id": "4a572b89-84cc-48ae-ad1e-4e8deee96c4b", "timestamp": "2026-08-10T16:14:31.923745", "sender_account": "ONTE15993666350518", "receiver_account": "TYUO44513722171270", "amount": 2540.51, "currency": "USD", "type": "NORMAL"}
{"transaction_id": "e78d33b0-e5a8-47be-9295-f7d1a0566445", "timestamp": "2026-08-10T16:14:32.929880", "sender_account": "UJCK66397862919111", "receiver_account": "YXRF85957215814306", "amount": 4826.56, "currency": "USD", "type": "NORMAL"}
{"transaction_id": "c9d30a70-beea-47d4-8111-3d53ddec68c6", "timestamp": "2026-08-10T16:14:33.930613", "sender_account": "UOIY52992373188750", "receiver_account": "TYZA12395659119598", "amount": 9900.0, "currency": "USD", "type": "FRAUD_PLACEMENT"}
{"transaction_id": "b7e0a2d8-725a-4d24-b19b-21702ada9bba", "timestamp": "2026-08-10T16:14:33.930647", "sender_account": "TYZA12395659119598", "receiver_account": "TKNE95981619733116", "amount": 9900.0, "currency": "USD", "type": "FRAUD_LAYERING"}
{"transaction_id": "f8656015-17f2-4d82-afa0-0930d39f3a52", "timestamp": "2026-08-10T16:14:34.931704", "sender_account": "ONTE15993666350518", "receiver_account": "TYZA12395659119598", "amount": 9900.0, "currency": "USD", "type": "FRAUD_PLACEMENT"}
{"transaction_id": "df40ac1e-11c1-4564-ae6a-e8b63f423b11", "timestamp": "2026-08-10T16:14:34.931733", "sender_account": "TYZA12395659119598", "receiver_account": "TKNE95981619733116", "amount": 9900.0, "currency": "USD", "type": "FRAUD_LAYERING"}
{"transaction_id": "ec1cb384-e317-4082-93e6-74924ec3be00", "timestamp": "2026-08-10T16:14:35.932651", "sender_account": "VALP74928055025578", "receiver_account": "MGQC27256683991625", "amount": 2664.49, "currency": "USD", "type": "NORMAL"}
{"transaction_id": "724b7183-f4c1-4afa-abad-272fd64de37e", "timestamp": "2026-08-10T16:14:36.933520", "sender_account": "MGQC27256683991625", "receiver_account": "BMWQ07401602650724", "amount": 1243.33, "currency": "USD", "type": "NORMAL"}
{"transaction_id": "b6f16afc-5025-476b-9612-161dfe5f95c7", "timestamp": "2026-08-10T16:14:37.934432", "sender_account": "SNQR02825333527062", "receiver_account": "JQKJ34058795741041", "amount": 873.3, "currency": "USD", "type": "NORMAL"}
{"transaction_id": "3184e6dd-960e-464d-b6b7-5a6980badd60", "timestamp": "2026-08-10T16:14:38.935031", "sender_account": "FOKF83913028698195", "receiver_account": "YFVA16193788759614", "amount": 2434.26, "currency": "USD", "type": "NORMAL"}
{"transaction_id": "ed5d42f0-dc1b-4c34-915f-94723f4ca519", "timestamp": "2026-08-10T16:14:39.935535", "sender_account": "ZADP42098975580841", "receiver_account": "GIBZ40473797020174", "amount": 9900.0, "currency": "USD", "type": "FRAUD_PLACEMENT"}
{"transaction_id": "3f4b1b47-2d07-419d-bb96-af4143b96ad6", "timestamp": "2026-08-10T16:14:39.935569", "sender_account": "GIBZ40473797020174", "receiver_account": "TKNE95981619733116", "amount": 9900.0, "currency": "USD", "type": "FRAUD_LAYERING"}
{"transaction_id": "e96ce32f-1a28-4f56-8011-b4a040eada79", "timestamp": "2026-08-10T16:14:40.936466", "sender_account": "FOKF83913028698195", "receiver_account": "GIBZ40473797020174", "amount": 9900.0, "currency": "USD", "type": "FRAUD_PLACEMENT"}
{"transaction_id": "405a347d-4a40-4aea-af7d-ad242bef588a", "timestamp": "2026-08-10T16:14:40.936508", "sender_account": "GIBZ40473797020174", "receiver_account": "TKNE95981619733116", "amount": 9900.0, "currency": "USD", "type": "FRAUD_LAYERING"}
{"transaction_id": "3ba4ab9a-20e9-42e1-9216-2ea31dde9b7e", "timestamp": "2026-08-10T16:14:41.937213", "sender_account": "ECDH75774390227986", "receiver_account": "UJCK66397862919111", "amount": 994.66, "currency": "USD", "type": "NORMAL"}
{"transaction_id": "ec79d18f-c715-4fc9-8288-9244820ae019", "timestamp": "2026-08-10T16:14:42.938330", "sender_account": "BLTT28136406266695", "receiver_account": "ZGMR58754809663746", "amount": 2320.13, "currency": "USD", "type": "NORMAL"}
{"transaction_id": "f50d74ea-5b50-4cab-aa71-f47e4c016b22", "timestamp": "2026-08-10T16:14:43.939058", "sender_account": "WSCV53841899351261", "receiver_account": "MFRJ31603040538232", "amount": 665.52, "currency": "USD", "type": "NORMAL"}
{"transaction_id": "7cc27d68-a0fa-4386-ad04-385da883b612", "timestamp": "2026-08-10T16:14:44.940630", "sender_account": "OWJJ95183742153706", "receiver_account": "UIUQ30880043964264", "amount": 1073.44, "currency": "USD", "type": "NORMAL"}
{"transaction_id": "03c5a8f5-f45d-4aa9-91f7-401e3e2b9966", "timestamp": "2026-08-10T16:14:45.941566", "sender_account": "VVRM26534773504180", "receiver_account": "NRLN08377251537949", "amount": 1432.54, "currency": "USD", "type": "NORMAL"}
{"transaction_id": "d19a72a4-cfd7-4ba9-9eae-7df1f1809059", "timestamp": "2026-08-10T16:14:46.942491", "sender_account": "RTKW81167619321392", "receiver_account": "OWJJ95183742153706", "amount": 1152.14, "currency": "USD", "type": "NORMAL"}
{"transaction_id": "3774ebf9-c1f6-46c8-8a26-5002ee119d4c", "timestamp": "2026-08-10T16:14:47.943047", "sender_account": "MIJN31964293863181", "receiver_account": "JRIS76694227569281", "amount": 3975.69, "currency": "USD", "type": "NORMAL"}
{"transaction_id": "876c7223-fcb7-42b4-aaec-fad58bee83d1", "timestamp": "2026-08-10T16:14:48.943976", "sender_account": "ZBAV57583531826293", "receiver_account": "GIBZ40473797020174", "amount": 9900.0, "currency": "USD", "type": "FRAUD_PLACEMENT"}
{"transaction_id": "982765dd-afc4-4ccb-933a-7528177817a7", "timestamp": "2026-08-10T16:14:48.944018", "sender_account": "GIBZ40473797020174", "receiver_account": "TKNE95981619733116", "amount": 9900.0, "currency": "USD", "type": "FRAUD_LAYERING"}
{"transaction_id": "c9743ee3-9366-4927-8e2c-84cca251119d", "timestamp": "2026-08-10T16:14:49.944914", "sender_account": "EJZC41691668687807", "receiver_account": "BLTT28136406266695", "amount": 2768.91, "currency": "USD", "type": "NORMAL"}
{"transaction_id": "07030923-a9a3-44ff-a864-5fd614256166", "timestamp": "2026-08-10T16:14:50.945963", "sender_account": "VNZI08329609359985", "receiver_account": "VVRM26534773504180", "amount": 4986.56, "currency": "USD", "type": "NORMAL"}
{"transaction_id": "7e772cea-4b49-40d8-a59b-3de7b4e54b49", "timestamp": "2026-08-10T16:14:51.946885", "sender_account": "RZVP21155505850037", "receiver_account": "JGKZ81762083124666", "amount": 188.06, "currency": "USD", "type": "NORMAL"}
{"transaction_id": "189a634c-fa60-4452-8b46-83f30683637d", "timestamp": "2026-08-10T16:14:52.947690", "sender_account": "FXIM87758079103884", "receiver_account": "MFRJ31603040538232", "amount": 1693.06, "currency": "USD", "type": "NORMAL"}
{"transaction_id": "a74cef52-4692-4835-a9c5-17921a6bdfb6", "timestamp": "2026-08-10T16:14:53.948357", "sender_account": "ZGMR58754809663746", "receiver_account": "QNGB06866193861206", "amount": 3495.42, "currency": "USD", "type": "NORMAL"}
{"transaction_id": "813795d2-a719-4b44-8609-c1153b40ae65", "timestamp": "2026-08-19T22:08:54.133077", "sender_account": "IVEN85122238604633", "receiver_account": "POPI60802500302561", "amount": 4760.92, "currency": "USD", "type": "NORMAL"}
{"transaction_id": "69435397-39da-436e-8bc3-5c4ca5b4dd6c", "timestamp": "2026-08-19T22:08:55.136734", "sender_account": "ZRSL02416594373530", "receiver_account": "ZGYE32529717670955", "amount": 3237.74, "currency": "USD", "type": "NORMAL"}
{"transaction_id": "edeacd85-2621-47b0-bdf6-652e7c713ed6", "timestamp": "2026-08-19T22:08:56.138753", "sender_account": "HNVF64891754144366", "receiver_account": "BMWQ07401602650724", "amount": 9900.0, "currency": "USD", "type": "FRAUD_PLACEMENT"}
{"transaction_id": "a6df6503-178e-411f-919e-14929d7dba33", "timestamp": "2026-08-19T22:08:56.138798", "sender_account": "BMWQ07401602650724", "receiver_account": "TKNE95981619733116", "amount": 9900.0, "currency": "USD", "type": "FRAUD_LAYERING"}
{"transaction_id": "741bca74-4dbb-49b9-8872-50271b4ec46a", "timestamp": "2026-08-19T22:08:57.141218", "sender_account": "MPYG47417771988920", "receiver_account": "BARZ06398633576495", "amount": 704.89, "currency": "USD", "type": "NORMAL"}
{"transaction_id": "def6cbaf-3c67-4645-b2b2-7426aae6770e", "timestamp": "2026-08-19T22:08:58.142833", "sender_account": "ITUW94328852809457", "receiver_account": "BTCE30031727194183", "amount": 2674.1, "currency": "USD", "type": "NORMAL"}
{"transaction_id": "423671f1-b6a5-449d-89b9-c6592e4e8401", "timestamp": "2026-08-19T22:08:59.144624", "sender_account": "XMJK82504694562095", "receiver_account": "NRLN08377251537949", "amount": 599.27, "currency": "USD", "type": "NORMAL"}
{"transaction_id": "db54de28-cc68-4434-a138-4b4bc9112769", "timestamp": "2026-08-19T22:09:00.146649", "sender_account": "MGQC27256683991625", "receiver_account": "FXIM87758079103884", "amount": 2673.18, "currency": "USD", "type": "NORMAL"}
{"transaction_id": "94bfa484-a5d1-469c-b257-67ced9352df0", "timestamp": "2026-08-19T22:09:01.149918", "sender_account": "NORJ47127315571079", "receiver_account": "HAZZ16939678914701", "amount": 104.9, "currency": "USD", "type": "NORMAL"}
{"transaction_id": "5fb04485-d23e-417f-88bb-a0723767c6b7", "timestamp": "2026-08-19T22:09:03.152635", "sender_account": "EMXL67993602576108", "receiver_account": "RZVP21155505850037", "amount": 845.56, "currency": "USD", "type": "NORMAL"}
{"transaction_id": "46936526-9e2e-4003-86d3-194cd88d0d04", "timestamp": "2026-08-19T22:09:04.154165", "sender_account": "SNQR02825333527062", "receiver_account": "ZRSL02416594373530", "amount": 2978.84, "currency": "USD", "type": "NORMAL"}
{"transaction_id": "ba44ef33-66af-4bc9-a32c-cee7d200cdb3", "timestamp": "2026-08-19T22:09:05.154801", "sender_account": "YHPD62845950258653", "receiver_account": "IQWF66011720786197", "amount": 275.46, "currency": "USD", "type": "NORMAL"}
{"transaction_id": "73f8c455-1a9a-461c-85c3-bec05c1656b3", "timestamp": "2026-08-19T22:09:06.155847", "sender_account": "RTKW81167619321392", "receiver_account": "HBOW30753169678897", "amount": 3188.68, "currency": "USD", "type": "NORMAL"}
{"transaction_id": "bc249020-0cff-4d9f-9578-a24d6fe52d3e", "timestamp": "2026-08-19T22:09:07.156995", "sender_account": "ZBAV57583531826293", "receiver_account": "VPQE19399427637466", "amount": 9900.0, "currency": "USD", "type": "FRAUD_PLACEMENT"}
{"transaction_id": "f3163d89-693f-473d-a3b2-2ae276f2c3d4", "timestamp": "2026-08-19T22:09:07.157050", "sender_account": "VPQE19399427637466", "receiver_account": "TKNE95981619733116", "amount": 9900.0, "currency": "USD", "type": "FRAUD_LAYERING"}
{"transaction_id": "07ab5974-f6ba-4e32-a365-34c967c651eb", "timestamp": "2026-08-19T22:09:08.158382", "sender_account": "QOSV59129264416433", "receiver_account": "ZWCH93320854773187", "amount": 385.32, "currency": "USD", "type": "NORMAL"}
{"transaction_id": "7055009c-2621-4146-92a9-76c20cf241e5", "timestamp": "2026-08-19T22:09:09.159464", "sender_account": "DGWO81624487946464", "receiver_account": "QJTE47754309425360", "amount": 4783.34, "currency": "USD", "type": "NORMAL"}
{"transaction_id": "43f3eb3f-7328-4b24-8a6a-f0d8dd730383", "timestamp": "2026-08-19T22:09:10.160651", "sender_account": "KNAU16349393570336", "receiver_account": "MREZ94532505100354", "amount": 3792.59, "currency": "USD", "type": "NORMAL"}
{"transaction_id": "d103a99b-7074-49d8-9b97-e137c6af57dd", "timestamp": "2026-08-19T22:09:11.161160", "sender_account": "BARZ06398633576495", "receiver_account": "BLTT28136406266695", "amount": 3986.24, "currency": "USD", "type": "NORMAL"}
{"transaction_id": "3863d37a-5c63-4834-828b-2799817025c1", "timestamp": "2026-08-19T22:09:12.161872", "sender_account": "BLTT28136406266695", "receiver_account": "TYZA12395659119598", "amount": 9900.0, "currency": "USD", "type": "FRAUD_PLACEMENT"}
{"transaction_id": "7f718d69-10a2-4dde-88b2-c9ee5c203001", "timestamp": "2026-08-19T22:09:12.161904", "sender_account": "TYZA12395659119598", "receiver_account": "TKNE95981619733116", "amount": 9900.0, "currency": "USD", "type": "FRAUD_LAYERING"}
{"transaction_id": "776d9f48-eaa9-4238-b52b-2b52593a4c80", "timestamp": "2026-08-19T22:09:13.162888", "sender_account": "ZQRY82107849082085", "receiver_account": "IQWF66011720786197", "amount": 1254.95, "currency": "USD", "type": "NORMAL"}
{"transaction_id": "de3816fc-69d1-4160-823c-793730618d1f", "timestamp": "2026-08-19T22:09:14.163408", "sender_account": "PCEW62562572220429", "receiver_account": "VPQE19399427637466", "amount": 9900.0, "currency": "USD", "type": "FRAUD_PLACEMENT"}
{"transaction_id": "0b24ff8f-be64-4cb5-bd1f-5b81f8155ea3", "timestamp": "2026-08-19T22:09:14.163446", "sender_account": "VPQE19399427637466", "receiver_account": "TKNE95981619733116", "amount": 9900.0, "currency": "USD", "type": "FRAUD_LAYERING"}
{"transaction_id": "e28b4796-d4da-45aa-b4bb-522cdcfc4280", "timestamp": "2026-08-19T22:09:15.164157", "sender_account": "ITUW94328852809457", "receiver_account": "SOBM80491499457608", "amount": 3388.47, "currency": "USD", "type": "NORMAL"}
{"transaction_id": "7a259122-336b-4815-bcdf-17dd6a854ede", "timestamp": "2026-08-19T22:09:16.165129", "sender_account": "POPI60802500302561", "receiver_account": "VPQE19399427637466", "amount": 9900.0, "currency": "USD", "type": "FRAUD_PLACEMENT"}
{"transaction_id": "fc683fa6-583c-49d0-a08c-f80e94afe648", "timestamp": "2026-08-19T22:09:16.165170", "sender_account": "VPQE19399427637466", "receiver_account": "TKNE95981619733116", "amount": 9900.0, "currency": "USD", "type": "FRAUD_LAYERING"}
{"transaction_id": "2ace05e2-d23a-437c-89b7-9cebf823ca31", "timestamp": "2026-08-19T22:09:17.166059", "sender_account": "UIUQ30880043964264", "receiver_account": "TYUO44513722171270", "amount": 4276.11, "currency": "USD", "type": "NORMAL"}
{"transaction_id": "4ecfafdd-49c8-413c-92c9-e5503f230756", "timestamp": "2026-08-19T22:09:18.167044", "sender_account": "ZADP42098975580841", "receiver_account": "TYZA12395659119598", "amount": 9900.0, "currency": "USD", "type": "FRAUD_PLACEMENT"}
{"transaction_id": "77cd6479-aadc-4e6a-8c2d-2b99b4003169", "timestamp": "2026-08-19T22:09:18.167085", "sender_account": "TYZA12395659119598", "receiver_account": "TKNE95981619733116", "amount": 9900.0, "currency": "USD", "type": "FRAUD_LAYERING"}
{"transaction_id": "6e8e8e0c-cc11-4378-9bf8-6cf3d498d881", "timestamp": "2026-08-19T22:09:19.168431", "sender_account": "QJTE47754309425360", "receiver_account": "JGKZ81762083124666", "amount": 1052.52, "currency": "USD", "type": "NORMAL"}
{"transaction_id": "865d82c1-4b53-4c22-bce2-5ba748e77387", "timestamp": "2026-08-19T22:09:20.169396", "sender_account": "PALM16133745049607", "receiver_account": "VPQE19399427637466", "amount": 395.75, "currency": "USD", "type": "NORMAL"}
{"transaction_id": "ce3d5e79-e6cf-47b1-b7af-7464e05265bb", "timestamp": "2026-08-19T22:09:21.170061", "sender_account": "REUU89703871611287", "receiver_account": "EMXL67993602576108", "amount": 4649.57, "currency": "USD", "type": "NORMAL"}
{"transaction_id": "cf7fe4aa-0031-4203-a9ae-183c9a3a3f71", "timestamp": "2026-08-19T22:09:22.170901", "sender_account": "QJTE47754309425360", "receiver_account": "XMJK82504694562095", "amount": 1588.9, "currency": "USD", "type": "NORMAL"}
{"transaction_id": "4f5ab879-acf7-42b2-9f45-5dce60ddc47e", "timestamp": "2026-08-19T22:09:23.171706", "sender_account": "FOKF83913028698195", "receiver_account": "VPQE19399427637466", "amount": 9900.0, "currency": "USD", "type": "FRAUD_PLACEMENT"}
{"transaction_id": "f1df93b5-1589-409a-a2d3-382c20c5aaed", "timestamp": "2026-08-19T22:09:23.171741", "sender_account": "VPQE19399427637466", "receiver_account": "TKNE95981619733116", "amount": 9900.0, "currency": "USD", "type": "FRAUD_LAYERING"}
{"transaction_id": "de94c15e-db3b-4f78-aa51-2cb754932cd1", "timestamp": "2026-08-19T22:09:24.172699", "sender_account": "BMWQ07401602650724", "receiver_account": "ZRSL02416594373530", "amount": 1096.45, "currency": "USD", "type": "NORMAL"}
{"transaction_id": "0e852610-bc2c-4e5d-bc27-d8a630157069", "timestamp": "2026-08-19T22:09:25.173765", "sender_account": "BARZ06398633576495", "receiver_account": "ZGMR58754809663746", "amount": 2509.07, "currency": "USD", "type": "NORMAL"}
{"transaction_id": "b75938f4-d7c2-4176-a336-5a11636594a5", "timestamp": "2026-08-19T22:09:26.174893", "sender_account": "JGKZ81762083124666", "receiver_account": "EMXL67993602576108", "amount": 4750.17, "currency": "USD", "type": "NORMAL"}
{"transaction_id": "e36c6905-c325-4c13-91d8-75f2ee465847", "timestamp": "2026-08-19T22:09:27.175987", "sender_account": "JQKJ34058795741041", "receiver_account": "YFVA16193788759614", "amount": 4569.72, "currency": "USD", "type": "NORMAL"}
{"transaction_id": "094c5e87-dc5b-4e36-9a26-801a43dbf7f1", "timestamp": "2026-08-19T22:09:28.176907", "sender_account": "TYUO44513722171270", "receiver_account": "IQWF66011720786197", "amount": 3436.18, "currency": "USD", "type": "NORMAL"}
{"transaction_id": "025f062e-eeb2-404a-8323-36cdf1c5f4d6", "timestamp": "2026-08-19T22:09:29.177638", "sender_account": "HAZZ16939678914701", "receiver_account": "YGUU62893874834917", "amount": 2114.26, "currency": "USD", "type": "NORMAL"}
{"transaction_id": "da5c3e6b-5319-4037-87ec-aeca24f5bb08", "timestamp": "2026-08-19T22:09:30.178587", "sender_account": "EUPF21042455172540", "receiver_account": "YRYY89437144222231", "amount": 859.01, "currency": "USD", "type": "NORMAL"}
{"transaction_id": "93963150-314b-4bbd-8e78-fd6c0c4d4f48", "timestamp": "2026-08-19T22:09:31.179380", "sender_account": "FXIM87758079103884", "receiver_account": "UOIY52992373188750", "amount": 1361.08, "currency": "USD", "type": "NORMAL"}
{"transaction_id": "9826fe73-9e19-45fd-8379-34afbce0ae5f", "timestamp": "2026-08-19T22:09:32.180607", "sender_account": "MREZ94532505100354", "receiver_account": "JRIS76694227569281", "amount": 2455.68, "currency": "USD", "type": "NORMAL"}
{"transaction_id": "72673879-effe-4f79-96de-11626e31be57", "timestamp": "2026-08-19T22:09:33.181415", "sender_account": "EUPF21042455172540", "receiver_account": "GIBZ40473797020174", "amount": 9900.0, "currency": "USD", "type": "FRAUD_PLACEMENT"}
{"transaction_id": "f358ed1d-d3a9-4198-8f5e-a560706dcf84", "timestamp": "2026-08-19T22:09:33.181458", "sender_account": "GIBZ40473797020174", "receiver_account": "TKNE95981619733116", "amount": 9900.0, "currency": "USD", "type": "FRAUD_LAYERING"}
{"transaction_id": "306e6f5f-f227-43e4-9f71-3c3c63a0db9b", "timestamp": "2026-08-19T22:09:34.182394", "sender_account": "OXKV10606491971240", "receiver_account": "SNQR02825333527062", "amount": 3259.32, "currency": "USD", "type": "NORMAL"}
{"transaction_id": "7ecc127e-93c1-4e71-9de4-eee82e146cf7", "timestamp": "2026-08-19T22:09:35.183421", "sender_account": "IVEN85122238604633", "receiver_account": "HNVF64891754144366", "amount": 271.04, "currency": "USD", "type": "NORMAL"}
{"transaction_id": "6e494696-a382-4139-9714-05519ff24bed", "timestamp": "2026-08-19T22:09:36.184309", "sender_account": "EJZC41691668687807", "receiver_account": "KSQR22887690863408", "amount": 2274.54, "currency": "USD", "type": "NORMAL"}
{"transaction_id": "67f8b89a-1af1-469d-a888-836aacbb2745", "timestamp": "2026-08-19T22:09:37.186582", "sender_account": "ZBAV57583531826293", "receiver_account": "BMWQ07401602650724", "amount": 9900.0, "currency": "USD", "type": "FRAUD_PLACEMENT"}
{"transaction_id": "e4d7b5f0-77c4-430d-851d-116aef43f499", "timestamp": "2026-08-19T22:09:37.186632", "sender_account": "BMWQ07401602650724", "receiver_account": "TKNE95981619733116", "amount": 9900.0, "currency": "USD", "type": "FRAUD_LAYERING"}
{"transaction_id": "45471df1-853d-4f3b-ba6a-26dd6b26f280", "timestamp": "2026-08-19T22:09:38.189059", "sender_account": "REUU89703871611287", "receiver_account": "VPQE19399427637466", "amount": 9900.0, "currency": "USD", "type": "FRAUD_PLACEMENT"}
{"transaction_id": "a914d3c1-fb64-4f36-a4da-560bc188d4f3", "timestamp": "2026-08-19T22:09:38.189128", "sender_account": "VPQE19399427637466", "receiver_account": "TKNE95981619733116", "amount": 9900.0, "currency": "USD", "type": "FRAUD_LAYERING"}
{"transaction_id": "6bca9b08-13ec-4dae-8ae2-c750c1a14cab", "timestamp": "2026-08-19T22:09:39.190492", "sender_account": "YIRQ99574502470842", "receiver_account": "UQUO78118349294482", "amount": 93.27, "currency": "USD", "type": "NORMAL"}
{"transaction_id": "30a835de-d61c-48a9-92db-04b9150479fa", "timestamp": "2026-08-19T22:09:40.191336", "sender_account": "POPI60802500302561", "receiver_account": "SNQR02825333527062", "amount": 1561.99, "currency": "USD", "type": "NORMAL"}
{"transaction_id": "b14e6646-0ea5-4b2a-b7da-e04996c69c20", "timestamp": "2026-08-19T22:09:41.192357", "sender_account": "WSCV53841899351261", "receiver_account": "ZGYE32529717670955", "amount": 2009.89, "currency": "USD", "type": "NORMAL"}
{"transaction_id": "087dd5e2-efd8-49fa-9602-de8e778fa003", "timestamp": "2026-08-19T22:09:42.193149", "sender_account": "FXIM87758079103884", "receiver_account": "HKVV91020206250530", "amount": 4696.75, "currency": "USD", "type": "NORMAL"}
{"transaction_id": "2b4eae4d-cff3-42f8-8058-49f24f6d4ab7", "timestamp": "2026-08-19T22:09:43.193942", "sender_account": "YIRQ99574502470842", "receiver_account": "BMWQ07401602650724", "amount": 9900.0, "currency": "USD", "type": "FRAUD_PLACEMENT"}
{"transaction_id": "77128675-529b-434a-a444-cee30dd26212", "timestamp": "2026-08-19T22:09:43.194034", "sender_account": "BMWQ07401602650724", "receiver_account": "TKNE95981619733116", "amount": 9900.0, "currency": "USD", "type": "FRAUD_LAYERING"}
{"transaction_id": "83691583-514c-42fc-aac9-0c56a9658f25", "timestamp": "2026-08-19T22:09:44.195211", "sender_account": "POPI60802500302561", "receiver_account": "OBST45783212332050", "amount": 9900.0, "currency": "USD", "type": "FRAUD_PLACEMENT"}
{"transaction_id": "3687eb78-ed8e-4896-a126-b3700a6c8606", "timestamp": "2026-08-19T22:09:44.195325", "sender_account": "OBST45783212332050", "receiver_account": "TKNE95981619733116", "amount": 9900.0, "currency": "USD", "type": "FRAUD_LAYERING"}
{"transaction_id": "10099cbb-0541-41bf-9c42-0d5803f5b52b", "timestamp": "2026-08-19T22:09:45.197611", "sender_account": "WCLE91496399180753", "receiver_account": "MFRJ31603040538232", "amount": 4401.34, "currency": "USD", "type": "NORMAL"}
{"transaction_id": "d6df6c62-7592-481e-836d-90ff6e423676", "timestamp": "2026-08-19T22:09:46.198547", "sender_account": "REUU89703871611287", "receiver_account": "EJZC41691668687807", "amount": 1196.36, "currency": "USD", "type": "NORMAL"}
{"transaction_id": "710fc85f-579e-4452-b3dd-72e925561e61", "timestamp": "2026-08-19T22:09:47.199640", "sender_account": "YGUU62893874834917", "receiver_account": "MLNT98933143420708", "amount": 2280.85, "currency": "USD", "type": "NORMAL"}
{"transaction_id": "555a9cd7-8cf2-46f4-88ba-784b24c0bddd", "timestamp": "2026-08-19T22:09:48.200874", "sender_account": "BLTT28136406266695", "receiver_account": "QOSV59129264416433", "amount": 176.04, "currency": "USD", "type": "NORMAL"}
{"transaction_id": "d85ff81f-af18-4bd8-8657-374e12129517", "timestamp": "2026-08-19T22:09:49.201735", "sender_account": "FOKF83913028698195", "receiver_account": "OBST45783212332050", "amount": 9900.0, "currency": "USD", "type": "FRAUD_PLACEMENT"}
{"transaction_id": "13b16677-1668-4e35-b5b9-503d88846502", "timestamp": "2026-08-19T22:09:49.201778", "sender_account": "OBST45783212332050", "receiver_account": "TKNE95981619733116", "amount": 9900.0, "currency": "USD", "type": "FRAUD_LAYERING"}
{"transaction_id": "d5f0782f-22c4-423f-86f7-bf0b0b2669e4", "timestamp": "2026-08-19T22:09:50.203088", "sender_account": "HQYC61658237444874", "receiver_account": "WKTH11946849130998", "amount": 658.74, "currency": "USD", "type": "NORMAL"}
{"transaction_id": "4615f7db-90a8-4452-8e5c-f06f2b427e0b", "timestamp": "2026-08-19T22:09:51.204000", "sender_account": "XMJK82504694562095", "receiver_account": "YRYY89437144222231", "amount": 663.45, "currency": "USD", "type": "NORMAL"}
{"transaction_id": "0d991309-98f7-4d51-b801-86e569e8c329", "timestamp": "2026-08-19T22:09:52.204638", "sender_account": "TYZA12395659119598", "receiver_account": "VNZI08329609359985", "amount": 3431.72, "currency": "USD", "type": "NORMAL"}
{"transaction_id": "77458bd5-f418-4f58-9e35-317508500fdb", "timestamp": "2026-08-19T22:09:53.205683", "sender_account": "ZBAV57583531826293", "receiver_account": "TYZA12395659119598", "amount": 9900.0, "currency": "USD", "type": "FRAUD_PLACEMENT"}
{"transaction_id": "77e66955-3eba-4d77-92c4-d38b5d4fc551", "timestamp": "2026-08-19T22:09:53.205803", "sender_account": "TYZA12395659119598", "receiver_account": "TKNE95981619733116", "amount": 9900.0, "currency": "USD", "type": "FRAUD_LAYERING"}
{"transaction_id": "028a67ff-7be8-4402-91df-f7616ca56d3c", "timestamp": "2026-08-19T22:09:54.208382", "sender_account": "HQYC61658237444874", "receiver_account": "HKVV91020206250530", "amount": 2594.26, "currency": "USD", "type": "NORMAL"}
{"transaction_id": "46e15c54-2f91-4f59-b2b4-47cd6147ec90", "timestamp": "2026-08-19T22:09:55.209242", "sender_account": "ZVIU98542550975060", "receiver_account": "WCLE91496399180753", "amount": 1683.47, "currency": "USD", "type": "NORMAL"}
{"transaction_id": "3282b8c2-924c-4a75-85c5-a926a1d8097b", "timestamp": "2026-08-19T22:09:56.210047", "sender_account": "GOHX63551834343537", "receiver_account": "BATQ26066122589537", "amount": 3796.64, "currency": "USD", "type": "NORMAL"}
{"transaction_id": "6cb27989-3149-4a55-83a2-a540028ee123", "timestamp": "2026-08-19T22:09:57.211336", "sender_account": "BLTT28136406266695", "receiver_account": "FLWW48003862994101", "amount": 4376.79, "currency": "USD", "type": "NORMAL"}
{"transaction_id": "5691a40d-dd9a-4d0a-aadc-784a6b69e4b2", "timestamp": "2026-08-19T22:09:58.212284", "sender_account": "XMJK82504694562095", "receiver_account": "SOBM80491499457608", "amount": 1565.66, "currency": "USD", "type": "NORMAL"}
{"transaction_id": "15730d3f-f61f-4b64-a3b1-fdd99f301c07", "timestamp": "2026-08-19T22:09:59.213537", "sender_account": "ZVIU98542550975060", "receiver_account": "QNGB06866193861206", "amount": 1306.22, "currency": "USD", "type": "NORMAL"}
{"transaction_id": "92bc09d4-bf56-4f9c-83b2-a582297c83de", "timestamp": "2026-08-19T22:10:00.214667", "sender_account": "ONTE15993666350518", "receiver_account": "VPQE19399427637466", "amount": 9900.0, "currency": "USD", "type": "FRAUD_PLACEMENT"}
{"transaction_id": "7a7c9f46-b146-41df-8050-28004e40708e", "timestamp": "2026-08-19T22:10:00.214707", "sender_account": "VPQE19399427637466", "receiver_account": "TKNE95981619733116", "amount": 9900.0, "currency": "USD", "type": "FRAUD_LAYERING"}
{"transaction_id": "adbe9366-f36e-4fd9-8bb8-543bca533cce", "timestamp": "2026-08-19T22:10:01.215800", "sender_account": "JQKJ34058795741041", "receiver_account": "JHOE55271525311673", "amount": 211.19, "currency": "USD", "type": "NORMAL"}
{"transaction_id": "88edc784-be82-4a76-9dbe-4cfadcda95b8", "timestamp": "2026-08-19T22:10:02.216392", "sender_account": "RZVP21155505850037", "receiver_account": "OBST45783212332050", "amount": 9900.0, "currency": "USD", "type": "FRAUD_PLACEMENT"}
{"transaction_id": "348bd4e8-e756-4498-9a0e-cf4880d01204", "timestamp": "2026-08-19T22:10:02.216432", "sender_account": "OBST45783212332050", "receiver_account": "TKNE95981619733116", "amount": 9900.0, "currency": "USD", "type": "FRAUD_LAYERING"}
{"transaction_id": "d6db10f7-45f9-4628-8831-eb789c75688f", "timestamp": "2026-08-19T22:10:03.217430", "sender_account": "GIBZ40473797020174", "receiver_account": "PCEW62562572220429", "amount": 307.69, "currency": "USD", "type": "NORMAL"}
{"transaction_id": "2519031a-8147-4093-8209-cb676b08991d", "timestamp": "2026-08-19T22:10:04.218860", "sender_account": "HQYC61658237444874", "receiver_account": "RZVP21155505850037", "amount": 2574.54, "currency": "USD", "type": "NORMAL"}
{"transaction_id": "33fd880f-b739-4514-80d6-14b14fa71a0a", "timestamp": "2026-08-19T22:10:05.219853", "sender_account": "IQWF66011720786197", "receiver_account": "KNAU16349393570336", "amount": 1792.67, "currency": "USD", "type": "NORMAL"}
{"transaction_id": "4d4393dc-cb75-4ee7-b330-e3adeba81ffd", "timestamp": "2026-08-19T22:10:06.221229", "sender_account": "GKOO36379143283440", "receiver_account": "OBST45783212332050", "amount": 9900.0, "currency": "USD", "type": "FRAUD_PLACEMENT"}
{"transaction_id": "29788801-0d7d-400c-ad2e-f570548ca032", "timestamp": "2026-08-19T22:10:06.221322", "sender_account": "OBST45783212332050", "receiver_account": "TKNE95981619733116", "amount": 9900.0, "currency": "USD", "type": "FRAUD_LAYERING"}
{"transaction_id": "5a9d5406-a066-4203-9f5d-94d879a163b7", "timestamp": "2026-08-19T22:10:07.222502", "sender_account": "BOQG09638950855355", "receiver_account": "REUU89703871611287", "amount": 4988.97, "currency": "USD", "type": "NORMAL"}
{"transaction_id": "4b56dc90-017e-482a-b7ad-cde56cef12f3", "timestamp": "2026-08-19T22:10:08.223750", "sender_account": "REUU89703871611287", "receiver_account": "TYUO44513722171270", "amount": 153.38, "currency": "USD", "type": "NORMAL"}
{"transaction_id": "de825023-c4d6-4e90-83be-9a6e16dfdf4d", "timestamp": "2026-08-19T22:10:09.224403", "sender_account": "JGKZ81762083124666", "receiver_account": "POPI60802500302561", "amount": 759.53, "currency": "USD", "type": "NORMAL"}
{"transaction_id": "d3dc8613-0da3-459f-b666-9e355fc62330", "timestamp": "2026-08-19T22:10:10.225486", "sender_account": "XMJK82504694562095", "receiver_account": "GIBZ40473797020174", "amount": 9900.0, "currency": "USD", "type": "FRAUD_PLACEMENT"}
{"transaction_id": "29f40379-da0e-42a7-b3f5-1edd34716abd", "timestamp": "2026-08-19T22:10:10.225564", "sender_account": "GIBZ40473797020174", "receiver_account": "TKNE95981619733116", "amount": 9900.0, "currency": "USD", "type": "FRAUD_LAYERING"}
{"transaction_id": "c4516e7a-a1e5-46db-b8e6-19de135b18da", "timestamp": "2026-08-19T22:10:11.226346", "sender_account": "BLTT28136406266695", "receiver_account": "VPQE19399427637466", "amount": 9900.0, "currency": "USD", "type": "FRAUD_PLACEMENT"}
{"transaction_id": "affece3e-d58b-400f-934e-b2a439f4919b", "timestamp": "2026-08-19T22:10:11.226381", "sender_account": "VPQE19399427637466", "receiver_account": "TKNE95981619733116", "amount": 9900.0, "currency": "USD", "type": "FRAUD_LAYERING"}
{"transaction_id": "c79bebba-cd06-44ce-8b8a-c636cdb76a9d", "timestamp": "2026-08-19T22:10:12.227634", "sender_account": "ZBAV57583531826293", "receiver_account": "OBST45783212332050", "amount": 9900.0, "currency": "USD", "type": "FRAUD_PLACEMENT"}
{"transaction_id": "7ce1d6fa-4c12-4c11-967b-ce94b18be0de", "timestamp": "2026-08-19T22:10:12.227691", "sender_account": "OBST45783212332050", "receiver_account": "TKNE95981619733116", "amount": 9900.0, "currency": "USD", "type": "FRAUD_LAYERING"}
{"transaction_id": "418e8bf1-e49b-43bf-a60b-0f2a463c31d8", "timestamp": "2026-08-19T22:10:13.229824", "sender_account": "DRXV24124034784149", "receiver_account": "HNVF64891754144366", "amount": 4580.86, "currency": "USD", "type": "NORMAL"}
{"transaction_id": "2c44e589-0765-4754-8d67-d060351d7b2d", "timestamp": "2026-08-19T22:10:14.231947", "sender_account": "WSCV53841899351261", "receiver_account": "VNZI08329609359985", "amount": 2890.85, "currency": "USD", "type": "NORMAL"}
{"transaction_id": "438ecae9-d37a-4523-aad8-0062c3209873", "timestamp": "2026-08-19T22:10:15.232603", "sender_account": "SOBM80491499457608", "receiver_account": "ONTE15993666350518", "amount": 2373.81, "currency": "USD", "type": "NORMAL"}
{"transaction_id": "db96ee2d-183e-4ea6-9d48-20ab88582997", "timestamp": "2026-08-19T22:10:16.233407", "sender_account": "QOSV59129264416433", "receiver_account": "MFRJ31603040538232", "amount": 169.59, "currency": "USD", "type": "NORMAL"}
{"transaction_id": "051b9787-acd0-4cff-97c0-11e292741233", "timestamp": "2026-08-19T22:10:17.234990", "sender_account": "KNAU16349393570336", "receiver_account": "ZGMR58754809663746", "amount": 1688.6, "currency": "USD", "type": "NORMAL"}
{"transaction_id": "a2b9f9ba-d24d-483b-86ad-03f68bb5033f", "timestamp": "2026-08-19T22:10:18.235737", "sender_account": "POPI60802500302561", "receiver_account": "TYZA12395659119598", "amount": 9900.0, "currency": "USD", "type": "FRAUD_PLACEMENT"}
{"transaction_id": "1f406c70-2570-4f7b-950b-51de9592f647", "timestamp": "2026-08-19T22:10:18.235784", "sender_account": "TYZA12395659119598", "receiver_account": "TKNE95981619733116", "amount": 9900.0, "currency": "USD", "type": "FRAUD_LAYERING"}
{"transaction_id": "eeb3da7c-ae0c-4841-b7d2-9da3dfecab96", "timestamp": "2026-08-19T22:10:19.236877", "sender_account": "UIUQ30880043964264", "receiver_account": "ZVIU98542550975060", "amount": 2020.5, "currency": "USD", "type": "NORMAL"}
{"transaction_id": "bc393298-37dd-490e-a4a7-cc386a7d37a9", "timestamp": "2026-08-19T22:10:20.237614", "sender_account": "YIRQ99574502470842", "receiver_account": "FXIM87758079103884", "amount": 3823.49, "currency": "USD", "type": "NORMAL"}
{"transaction_id": "e96a11eb-3385-498b-8e3f-4a4e0a4a16e8", "timestamp": "2026-08-19T22:10:21.238374", "sender_account": "FOKF83913028698195", "receiver_account": "OBST45783212332050", "amount": 9900.0, "currency": "USD", "type": "FRAUD_PLACEMENT"}
{"transaction_id": "7c1f2a49-3037-4a42-bec3-71688371f651", "timestamp": "2026-08-19T22:10:21.238422", "sender_account": "OBST45783212332050", "receiver_account": "TKNE95981619733116", "amount": 9900.0, "currency": "USD", "type": "FRAUD_LAYERING"}
{"transaction_id": "7eef139b-f22d-407b-bb49-5a0eb2d042e3", "timestamp": "2026-08-19T22:10:22.239563", "sender_account": "YIRQ99574502470842", "receiver_account": "VPQE19399427637466", "amount": 9900.0, "currency": "USD", "type": "FRAUD_PLACEMENT"}
{"transaction_id": "03ebeab7-a977-4991-91c5-0ef22d324cb3", "timestamp": "2026-08-19T22:10:22.239598", "sender_account": "VPQE19399427637466", "receiver_account": "TKNE95981619733116", "amount": 9900.0, "currency": "USD", "type": "FRAUD_LAYERING"}
{"transaction_id": "71cd29e6-897d-4e17-a44d-6311af4d366c", "timestamp": "2026-08-19T22:10:23.240618", "sender_account": "UQUO78118349294482", "receiver_account": "HKVV91020206250530", "amount": 4548.0, "currency": "USD", "type": "NORMAL"}
{"transaction_id": "683fa15c-39c1-409e-8c47-56de0cb0a84b", "timestamp": "2026-08-19T22:10:24.241348", "sender_account": "BOQG09638950855355", "receiver_account": "VALP74928055025578", "amount": 4329.42, "currency": "USD", "type": "NORMAL"}
{"transaction_id": "cdef4861-feeb-4a6c-b07e-5cbbd4e01934", "timestamp": "2026-08-19T22:10:25.242274", "sender_account": "ZGYE32529717670955", "receiver_account": "GIBZ40473797020174", "amount": 528.63, "currency": "USD", "type": "NORMAL"}
{"transaction_id": "f16da9ff-8ad3-4f77-ba52-8af3f01b1bd2", "timestamp": "2026-08-19T22:10:26.242846", "sender_account": "JQKJ34058795741041", "receiver_account": "YXRF85957215814306", "amount": 2666.98, "currency": "USD", "type": "NORMAL"}
{"transaction_id": "c36d23c4-0149-40b7-9e92-09fc3f447455", "timestamp": "2026-08-19T22:10:27.243795", "sender_account": "RTKW81167619321392", "receiver_account": "IVEN85122238604633", "amount": 4704.1, "currency": "USD", "type": "NORMAL"}
{"transaction_id": "a826cdd0-1ba6-4091-9626-128717077a44", "timestamp": "2026-08-19T22:10:28.244974", "sender_account": "MLNT98933143420708", "receiver_account": "BMWQ07401602650724", "amount": 9900.0, "currency": "USD", "type": "FRAUD_PLACEMENT"}
{"transaction_id": "8c552805-9553-47d0-8cb7-a5f0faba5a5b", "timestamp": "2026-08-19T22:10:28.245004", "sender_account": "BMWQ07401602650724", "receiver_account": "TKNE95981619733116", "amount": 9900.0, "currency": "USD", "type": "FRAUD_LAYERING"}
{"transaction_id": "c297b8b0-fb43-4f14-95bb-f1d14234ef74", "timestamp": "2026-08-19T22:10:29.245990", "sender_account": "BOQG09638950855355", "receiver_account": "VVRM26534773504180", "amount": 2493.7, "currency": "USD", "type": "NORMAL"}
{"transaction_id": "461c1ec3-df20-4862-be6d-088e727d393c", "timestamp": "2026-08-19T22:10:30.246586", "sender_account": "MFRJ31603040538232", "receiver_account": "BWKA78710027600682", "amount": 1178.28, "currency": "USD", "type": "NORMAL"}
{"transaction_id": "c3fd4c73-0bd6-4003-a9af-687eb6a4d492", "timestamp": "2026-08-19T22:10:31.247561", "sender_account": "ZMWS54714289381237", "receiver_account": "OBST45783212332050", "amount": 9900.0, "currency": "USD", "type": "FRAUD_PLACEMENT"}
{"transaction_id": "8a48f631-aa8b-40b6-9755-c9242e022dc0", "timestamp": "2026-08-19T22:10:31.247616", "sender_account": "OBST45783212332050", "receiver_account": "TKNE95981619733116", "amount": 9900.0, "currency": "USD", "type": "FRAUD_LAYERING"}
{"transaction_id": "c6f8efa2-618e-4598-bdca-b2a6fc470a4b", "timestamp": "2026-08-19T22:10:32.248886", "sender_account": "BLTT28136406266695", "receiver_account": "VPQE19399427637466", "amount": 9900.0, "currency": "USD", "type": "FRAUD_PLACEMENT"}
{"transaction_id": "6e124b28-f5a9-43f3-8288-6b3f6f1c697c", "timestamp": "2026-08-19T22:10:32.248919", "sender_account": "VPQE19399427637466", "receiver_account": "TKNE95981619733116", "amount": 9900.0, "currency": "USD", "type": "FRAUD_LAYERING"}
{"transaction_id": "653b2e36-5a44-4870-945c-c64dff4c0306", "timestamp": "2026-08-19T22:10:33.249626", "sender_account": "MLNT98933143420708", "receiver_account": "TYZA12395659119598", "amount": 9900.0, "currency": "USD", "type": "FRAUD_PLACEMENT"}
{"transaction_id": "4b3596d2-4fbc-4a35-a014-6796e23dbfde", "timestamp": "2026-08-19T22:10:33.249660", "sender_account": "TYZA12395659119598", "receiver_account": "TKNE95981619733116", "amount": 9900.0, "currency": "USD", "type": "FRAUD_LAYERING"}
{"transaction_id": "65a05b61-e562-4dd4-bc31-905ddfddab53", "timestamp": "2026-08-19T22:10:34.250777", "sender_account": "ZRSL02416594373530", "receiver_account": "MIJN31964293863181", "amount": 3579.35, "currency": "USD", "type": "NORMAL"}
{"transaction_id": "b5b7da14-70e2-44dd-a0d1-f397cea1c443", "timestamp": "2026-08-19T22:10:35.251537", "sender_account": "SOBM80491499457608", "receiver_account": "MIJN31964293863181", "amount": 809.49, "currency": "USD", "type": "NORMAL"}
{"transaction_id": "10ec0ef2-5b38-4c31-884b-2b5a655c185d", "timestamp": "2026-08-19T22:10:36.252027", "sender_account": "POPI60802500302561", "receiver_account": "BMWQ07401602650724", "amount": 9900.0, "currency": "USD", "type": "FRAUD_PLACEMENT"}
{"transaction_id": "e5d1f29c-5452-45f8-aef9-490795587d9c", "timestamp": "2026-08-19T22:10:36.252080", "sender_account": "BMWQ07401602650724", "receiver_account": "TKNE95981619733116", "amount": 9900.0, "currency": "USD", "type": "FRAUD_LAYERING"}
{"transaction_id": "a67b396e-82b1-4d62-b13d-822723540298", "timestamp": "2026-08-19T22:10:37.253002", "sender_account": "ZADP42098975580841", "receiver_account": "TYZA12395659119598", "amount": 9900.0, "currency": "USD", "type": "FRAUD_PLACEMENT"}
{"transaction_id": "354e0398-475f-4ac7-81a1-f654134d6629", "timestamp": "2026-08-19T22:10:37.253048", "sender_account": "TYZA12395659119598", "receiver_account": "TKNE95981619733116", "amount": 9900.0, "currency": "USD", "type": "FRAUD_LAYERING"}
{"transaction_id": "8c4cb690-8308-4be0-a24e-a8dde7b01d7e", "timestamp": "2026-08-19T22:10:38.254053", "sender_account": "VALP74928055025578", "receiver_account": "BOQG09638950855355", "amount": 2404.27, "currency": "USD", "type": "NORMAL"}
{"transaction_id": "c72486ef-a53b-418c-86ef-7acdfceffce8", "timestamp": "2026-08-19T22:10:39.254881", "sender_account": "ITUW94328852809457", "receiver_account": "REUU89703871611287", "amount": 4620.2, "currency": "USD", "type": "NORMAL"}
{"transaction_id": "b44f52ac-426f-4ee6-9806-3f236650efde", "timestamp": "2026-08-19T22:10:40.255680", "sender_account": "GKOO36379143283440", "receiver_account": "GIBZ40473797020174", "amount": 9900.0, "currency": "USD", "type": "FRAUD_PLACEMENT"}
{"transaction_id": "3c36c91d-ebda-4546-846d-1c3028ac64e1", "timestamp": "2026-08-19T22:10:40.255725", "sender_account": "GIBZ40473797020174", "receiver_account": "TKNE95981619733116", "amount": 9900.0, "currency": "USD", "type": "FRAUD_LAYERING"}
{"transaction_id": "59cabbf3-ce86-428e-ae74-604eb7b4cff0", "timestamp": "2026-08-19T22:10:41.257344", "sender_account": "UOIY52992373188750", "receiver_account": "GIBZ40473797020174", "amount": 9900.0, "currency": "USD", "type": "FRAUD_PLACEMENT"}
{"transaction_id": "477cae26-db69-46d3-b8d5-5a6bdf96790a", "timestamp": "2026-08-19T22:10:41.257391", "sender_account": "GIBZ40473797020174", "receiver_account": "TKNE95981619733116", "amount": 9900.0, "currency": "USD", "type": "FRAUD_LAYERING"}
{"transaction_id": "8a9bc14a-ac38-42f4-a7e9-9059cbc18e0b", "timestamp": "2026-08-19T22:10:42.258551", "sender_account": "UJCK66397862919111", "receiver_account": "OXKV10606491971240", "amount": 4290.25, "currency": "USD", "type": "NORMAL"}
{"transaction_id": "ac59f0e5-f66b-481e-b089-5803b1fd6346", "timestamp": "2026-08-19T22:10:43.259263", "sender_account": "WSCV53841899351261", "receiver_account": "GOHX63551834343537", "amount": 166.52, "currency": "USD", "type": "NORMAL"}
{"transaction_id": "e6d6c643-a843-4fa4-9569-be15500c1224", "timestamp": "2026-08-19T22:10:44.259957", "sender_account": "JHOE55271525311673", "receiver_account": "DRXV24124034784149", "amount": 349.22, "currency": "USD", "type": "NORMAL"}
{"transaction_id": "53f68f27-75ae-4358-90a7-148ca21ba259", "timestamp": "2026-08-19T22:10:45.260523", "sender_account": "MLNT98933143420708", "receiver_account": "TYZA12395659119598", "amount": 9900.0, "currency": "USD", "type": "FRAUD_PLACEMENT"}
{"transaction_id": "9d981a54-4db8-4d99-8112-9e8591b623fb", "timestamp": "2026-08-19T22:10:45.260586", "sender_account": "TYZA12395659119598", "receiver_account": "TKNE95981619733116", "amount": 9900.0, "currency": "USD", "type": "FRAUD_LAYERING"}
{"transaction_id": "fb93bd9f-a105-4596-ad6a-d482d68d87bc", "timestamp": "2026-08-19T22:10:46.261517", "sender_account": "BOQG09638950855355", "receiver_account": "ONTE15993666350518", "amount": 1323.76, "currency": "USD", "type": "NORMAL"}
{"transaction_id": "a05dc7fd-a653-4019-b0ab-6f943dbfcb31", "timestamp": "2026-08-19T22:10:47.287618", "sender_account": "UQUO78118349294482", "receiver_account": "ZISS86727170516266", "amount": 1896.29, "currency": "USD", "type": "NORMAL"}
{"transaction_id": "f6277ba0-fe90-400b-a8aa-b62c6e314b95", "timestamp": "2026-08-19T22:10:48.288514", "sender_account": "SNQR02825333527062", "receiver_account": "OCPV45827561184835", "amount": 4282.4, "currency": "USD", "type": "NORMAL"}
{"transaction_id": "116c9a1b-b418-4ee9-be8d-f70fa62381cd", "timestamp": "2026-08-19T22:10:49.289007", "sender_account": "YXRF85957215814306", "receiver_account": "POPI60802500302561", "amount": 1315.17, "currency": "USD", "type": "NORMAL"}
{"transaction_id": "5bda2a38-433a-425d-9f8f-705c358e688c", "timestamp": "2026-08-19T22:10:50.289646", "sender_account": "YIRQ99574502470842", "receiver_account": "HNVF64891754144366", "amount": 4398.79, "currency": "USD", "type": "NORMAL"}
{"transaction_id": "94469a02-5437-4e35-951e-ee522345d055", "timestamp": "2026-08-19T22:10:51.290412", "sender_account": "BARZ06398633576495", "receiver_account": "PALM16133745049607", "amount": 1753.13, "currency": "USD", "type": "NORMAL"}
{"transaction_id": "f0eaa64b-f55f-4270-85ae-c0033fe2bb9a", "timestamp": "2026-08-19T22:10:52.291218", "sender_account": "NRLN08377251537949", "receiver_account": "JHOE55271525311673", "amount": 215.7, "currency": "USD", "type": "NORMAL"}
{"transaction_id": "f8da0f06-30d7-4488-8420-67849de53066", "timestamp": "2026-08-19T22:10:53.291786", "sender_account": "JRIS76694227569281", "receiver_account": "FXIM87758079103884", "amount": 4179.04, "currency": "USD", "type": "NORMAL"}
{"transaction_id": "0794607e-819c-4833-9188-1f1de5274485", "timestamp": "2026-08-19T22:10:54.292879", "sender_account": "QJTE47754309425360", "receiver_account": "IVEN85122238604633", "amount": 2402.51, "currency": "USD", "type": "NORMAL"}
{"transaction_id": "19e90e34-e73d-4cab-a3ba-49b0906e091d", "timestamp": "2026-08-19T22:10:55.293540", "sender_account": "BATQ26066122589537", "receiver_account": "SNQR02825333527062", "amount": 1432.38, "currency": "USD", "type": "NORMAL"}
{"transaction_id": "7c05ee0e-4b0b-441c-84f6-1eb3067e4c6b", "timestamp": "2026-08-19T22:10:56.294067", "sender_account": "FXIM87758079103884", "receiver_account": "UJCK66397862919111", "amount": 3603.29, "currency": "USD", "type": "NORMAL"}
{"transaction_id": "eb187f89-32a2-48d5-978f-aa0aa61de9aa", "timestamp": "2026-08-19T22:10:57.294846", "sender_account": "HBOW30753169678897", "receiver_account": "BMWQ07401602650724", "amount": 4716.66, "currency": "USD", "type": "NORMAL"}
{"transaction_id": "9e2fd9b2-6321-4d34-a2c6-44a01993f85f", "timestamp": "2026-08-19T22:10:58.295533", "sender_account": "ONTE15993666350518", "receiver_account": "TYZA12395659119598", "amount": 9900.0, "currency": "USD", "type": "FRAUD_PLACEMENT"}
{"transaction_id": "f04d1ba1-d01a-4591-b40e-6f06e03636bf", "timestamp": "2026-08-19T22:10:58.295634", "sender_account": "TYZA12395659119598", "receiver_account": "TKNE95981619733116", "amount": 9900.0, "currency": "USD", "type": "FRAUD_LAYERING"}
{"transaction_id": "d310df20-0edc-4c9e-a121-733983017d03", "timestamp": "2026-08-19T22:10:59.296252", "sender_account": "ZQRY82107849082085", "receiver_account": "OONT57623890878105", "amount": 4573.5, "currency": "USD", "type": "NORMAL"}
{"transaction_id": "a7e188e0-8221-4bb6-afaf-75171deafc23", "timestamp": "2026-08-19T22:11:00.297202", "sender_account": "BLTT28136406266695", "receiver_account": "EJZC41691668687807", "amount": 783.31, "currency": "USD", "type": "NORMAL"}
{"transaction_id": "6a198301-fa4c-4641-9905-a3bdcaa21380", "timestamp": "2026-08-19T22:11:01.298090", "sender_account": "ONTE15993666350518", "receiver_account": "WQIV41315931568868", "amount": 2338.93, "currency": "USD", "type": "NORMAL"}
{"transaction_id": "f6168dbd-a440-4f3d-97e8-bcb0015837d6", "timestamp": "2026-08-19T22:11:02.298936", "sender_account": "YRYY89437144222231", "receiver_account": "MPYG47417771988920", "amount": 2759.37, "currency": "USD", "type": "NORMAL"}
{"transaction_id": "968a4fcf-fccd-4e1a-90d4-b3bc06b859f7", "timestamp": "2026-08-19T22:11:03.299720", "sender_account": "VALP74928055025578", "receiver_account": "BLTT28136406266695", "amount": 2415.65, "currency": "USD", "type": "NORMAL"}
{"transaction_id": "d5732ef5-3f3d-43a1-bdde-d8665ff4ad38", "timestamp": "2026-08-19T22:11:04.300438", "sender_account": "FXIM87758079103884", "receiver_account": "FLWW48003862994101", "amount": 539.01, "currency": "USD", "type": "NORMAL"}
{"transaction_id": "6f601a75-c48c-458b-882f-21acdea54f33", "timestamp": "2026-08-19T22:11:05.301351", "sender_account": "CWAH81262579423819", "receiver_account": "YHPD62845950258653", "amount": 3718.0, "currency": "USD", "type": "NORMAL"}
{"transaction_id": "37316776-13fd-475b-abf0-ed2b464d7c76", "timestamp": "2026-08-19T22:11:06.301974", "sender_account": "POPI60802500302561", "receiver_account": "HNVF64891754144366", "amount": 67.06, "currency": "USD", "type": "NORMAL"}
{"transaction_id": "70cd8637-1050-45e7-8c33-bef2333ba638", "timestamp": "2026-08-19T22:11:07.303031", "sender_account": "ZWCH93320854773187", "receiver_account": "DRXV24124034784149", "amount": 609.19, "currency": "USD", "type": "NORMAL"}
{"transaction_id": "bf547873-2dd1-48dc-bf3d-3db2080113e9", "timestamp": "2026-08-19T22:11:08.304219", "sender_account": "DSOS96311899642368", "receiver_account": "UQUO78118349294482", "amount": 3313.38, "currency": "USD", "type": "NORMAL"}
{"transaction_id": "1e3c8222-e989-487e-93c8-fe8f1862468d", "timestamp": "2026-08-19T22:11:09.305154", "sender_account": "UJCK66397862919111", "receiver_account": "OONT57623890878105", "amount": 1433.83, "currency": "USD", "type": "NORMAL"}
{"transaction_id": "42b4e420-9e63-4698-af53-b60819a532fa", "timestamp": "2026-08-19T22:11:10.305966", "sender_account": "JRIS76694227569281", "receiver_account": "JQKJ34058795741041", "amount": 199.36, "currency": "USD", "type": "NORMAL"}
{"transaction_id": "632b43f2-9f1f-4b40-899b-5691be874d27", "timestamp": "2026-08-19T22:11:11.307036", "sender_account": "ZISS86727170516266", "receiver_account": "TYZA12395659119598", "amount": 2083.51, "currency": "USD", "type": "NORMAL"}
{"transaction_id": "c02e3752-18ed-4c87-920d-ee25466e79b8", "timestamp": "2026-08-19T22:11:12.307664", "sender_account": "HKVV91020206250530", "receiver_account": "TYUO44513722171270", "amount": 2098.35, "currency": "USD", "type": "NORMAL"}
{"transaction_id": "5c1e8ce6-305f-407c-b4a4-f96d51ee0214", "timestamp": "2026-08-19T22:11:13.308195", "sender_account": "FOBA45363711762614", "receiver_account": "MPYG47417771988920", "amount": 3100.79, "currency": "USD", "type": "NORMAL"}
{"transaction_id": "46c434d2-3c6d-4200-963a-608c6ede8cdb", "timestamp": "2026-08-19T22:11:14.308801", "sender_account": "IQWF66011720786197", "receiver_account": "JGKZ81762083124666", "amount": 1637.64, "currency": "USD", "type": "NORMAL"}
{"transaction_id": "8a38e8c0-be0d-457b-add4-3233697481bb", "timestamp": "2026-08-19T22:11:15.310323", "sender_account": "ZFKA83364609539681", "receiver_account": "MREZ94532505100354", "amount": 1134.72, "currency": "USD", "type": "NORMAL"}
{"transaction_id": "9b364bf3-668d-4dd7-aee7-7fd63a2fe276", "timestamp": "2026-08-19T22:11:16.311173", "sender_account": "ZBAV57583531826293", "receiver_account": "FXIM87758079103884", "amount": 691.2, "currency": "USD", "type": "NORMAL"}
{"transaction_id": "0fea80d4-b354-42f1-b1e1-fb2a2bb5dc46", "timestamp": "2026-08-19T22:11:17.312204", "sender_account": "QNGB06866193861206", "receiver_account": "ZVIU98542550975060", "amount": 2147.35, "currency": "USD", "type": "NORMAL"}
{"transaction_id": "92dac16a-c136-4e5a-ae8e-7d725bfe348b", "timestamp": "2026-08-19T22:11:18.312900", "sender_account": "WIYV91633626744584", "receiver_account": "REUU89703871611287", "amount": 1372.89, "currency": "USD", "type": "NORMAL"}
{"transaction_id": "824ba791-c390-4ca8-a5dc-c348bab6ebb4", "timestamp": "2026-08-19T22:11:19.313837", "sender_account": "PALM16133745049607", "receiver_account": "YHPD62845950258653", "amount": 3645.8, "currency": "USD", "type": "NORMAL"}
{"transaction_id": "b1b355ac-0710-495e-a94c-10cd1565a174", "timestamp": "2026-08-19T22:11:20.314685", "sender_account": "ZADP42098975580841", "receiver_account": "GIBZ40473797020174", "amount": 9900.0, "currency": "USD", "type": "FRAUD_PLACEMENT"}
{"transaction_id": "8388f00f-cb8e-4695-ac12-73205c3bf470", "timestamp": "2026-08-19T22:11:20.314729", "sender_account": "GIBZ40473797020174", "receiver_account": "TKNE95981619733116", "amount": 9900.0, "currency": "USD", "type": "FRAUD_LAYERING"}
{"transaction_id": "aed455d6-9c5f-4068-8061-13cf7d9866b3", "timestamp": "2026-08-19T22:11:21.315956", "sender_account": "KOVQ87848311751921", "receiver_account": "BTCE30031727194183", "amount": 1798.61, "currency": "USD", "type": "NORMAL"}
{"transaction_id": "eb1df1ae-d1fc-495b-a8b7-0a22d556bfb3", "timestamp": "2026-08-19T22:11:22.316786", "sender_account": "FXIM87758079103884", "receiver_account": "VVRM26534773504180", "amount": 2858.56, "currency": "USD", "type": "NORMAL"}
{"transaction_id": "46ff8e0e-f234-45cc-a25a-be2a94e4feb5", "timestamp": "2026-08-19T22:11:23.317860", "sender_account": "OBST45783212332050", "receiver_account": "XMJK82504694562095", "amount": 2931.79, "currency": "USD", "type": "NORMAL"}
{"transaction_id": "03c756d5-72ce-481b-801c-4ebb2639481c", "timestamp": "2026-08-19T22:11:24.318709", "sender_account": "TKCO15830034158606", "receiver_account": "ZMWS54714289381237", "amount": 1472.29, "currency": "USD", "type": "NORMAL"}
{"transaction_id": "b34e1bad-853b-4180-99f8-abf5bbf5452f", "timestamp": "2026-08-19T22:11:25.319604", "sender_account": "YFVA16193788759614", "receiver_account": "ZVIU98542550975060", "amount": 4902.4, "currency": "USD", "type": "NORMAL"}
{"transaction_id": "6cd8a9a6-2cf7-48f8-a2dc-d82fda238f09", "timestamp": "2026-08-19T22:11:26.320486", "sender_account": "ZISS86727170516266", "receiver_account": "QTXV40623378585875", "amount": 2247.65, "currency": "USD", "type": "NORMAL"}
{"transaction_id": "7fc2c8e2-a05f-40e8-ad4f-2e817191b7d2", "timestamp": "2026-08-19T22:11:27.321194", "sender_account": "ZADP42098975580841", "receiver_account": "ZRSL02416594373530", "amount": 932.01, "currency": "USD", "type": "NORMAL"}
{"transaction_id": "939f210a-6ea7-4a3b-8a68-b8e6842675a7", "timestamp": "2026-08-19T22:11:28.322146", "sender_account": "OXKV10606491971240", "receiver_account": "RZVP21155505850037", "amount": 1281.24, "currency": "USD", "type": "NORMAL"}
{"transaction_id": "e8dd9ad3-f037-49bd-b0e2-58a96712dfb6", "timestamp": "2026-08-19T22:11:29.323086", "sender_account": "XMJK82504694562095", "receiver_account": "OBST45783212332050", "amount": 9900.0, "currency": "USD", "type": "FRAUD_PLACEMENT"}
{"transaction_id": "ff3cf731-825e-43ee-acc6-659de9d37b98", "timestamp": "2026-08-19T22:11:29.323137", "sender_account": "OBST45783212332050", "receiver_account": "TKNE95981619733116", "amount": 9900.0, "currency": "USD", "type": "FRAUD_LAYERING"}
{"transaction_id": "b0273e2d-4c42-4821-8abb-8f6bd0951ad5", "timestamp": "2026-08-19T22:11:30.324139", "sender_account": "ZWCH93320854773187", "receiver_account": "BMWQ07401602650724", "amount": 9900.0, "currency": "USD", "type": "FRAUD_PLACEMENT"}
{"transaction_id": "cbdd48ce-14e5-48ae-9538-c0862adb97d8", "timestamp": "2026-08-19T22:11:30.324249", "sender_account": "BMWQ07401602650724", "receiver_account": "TKNE95981619733116", "amount": 9900.0, "currency": "USD", "type": "FRAUD_LAYERING"}
{"transaction_id": "0432916e-5128-45e7-b598-cb8da915a4bf", "timestamp": "2026-08-19T22:11:31.325362", "sender_account": "ZFKA83364609539681", "receiver_account": "EUPF21042455172540", "amount": 1887.06, "currency": "USD", "type": "NORMAL"}
{"transaction_id": "73038911-27ac-4af2-b3dd-10f354b6fce9", "timestamp": "2026-08-19T22:11:32.325962", "sender_account": "UOIY52992373188750", "receiver_account": "OBST45783212332050", "amount": 9900.0, "currency": "USD", "type": "FRAUD_PLACEMENT"}
{"transaction_id": "0b07fa51-d00f-4ca2-b079-3fd41b749ba4", "timestamp": "2026-08-19T22:11:32.325997", "sender_account": "OBST45783212332050", "receiver_account": "TKNE95981619733116", "amount": 9900.0, "currency": "USD", "type": "FRAUD_LAYERING"}
{"transaction_id": "baf9f3c4-c148-4ed1-86ec-9aac1b2cf6aa", "timestamp": "2026-08-19T22:11:33.327262", "sender_account": "JHOE55271525311673", "receiver_account": "CDPO86269475852321", "amount": 3193.23, "currency": "USD", "type": "NORMAL"}
{"transaction_id": "bebdc41b-0847-47c1-bfd4-0ee1e6563a3d", "timestamp": "2026-08-19T22:11:34.328088", "sender_account": "WCLE91496399180753", "receiver_account": "BWKA78710027600682", "amount": 1104.86, "currency": "USD", "type": "NORMAL"}
{"transaction_id": "2f5c7552-dbc2-4353-a6c1-2877a4fefd7b", "timestamp": "2026-08-19T22:11:35.328786", "sender_account": "MFRJ31603040538232", "receiver_account": "WKTH11946849130998", "amount": 655.08, "currency": "USD", "type": "NORMAL"}
{"transaction_id": "a4496920-8f78-4433-941e-7d0cf9f0c848", "timestamp": "2026-08-19T22:11:36.329783", "sender_account": "EMXL67993602576108", "receiver_account": "QJTE47754309425360", "amount": 1273.58, "currency": "USD", "type": "NORMAL"}
{"transaction_id": "768c96cf-e7fe-4357-9c73-3e95cff7238c", "timestamp": "2026-08-19T22:11:37.330421", "sender_account": "OONT57623890878105", "receiver_account": "QJTE47754309425360", "amount": 1625.38, "currency": "USD", "type": "NORMAL"}
{"transaction_id": "7de35d0b-d2e9-4235-81da-dd155aca6712", "timestamp": "2026-08-19T22:11:38.331429", "sender_account": "NORJ47127315571079", "receiver_account": "ZRSL02416594373530", "amount": 2983.1, "currency": "USD", "type": "NORMAL"}
{"transaction_id": "5ecd3eec-5ed6-422f-804d-725da8fe8be2", "timestamp": "2026-08-19T22:11:39.332280", "sender_account": "ZGMR58754809663746", "receiver_account": "ZGYE32529717670955", "amount": 3701.58, "currency": "USD", "type": "NORMAL"}
{"transaction_id": "d5005535-cc44-4854-bb20-975ed6570241", "timestamp": "2026-08-19T22:11:40.333159", "sender_account": "GOHX63551834343537", "receiver_account": "JHOE55271525311673", "amount": 3960.65, "currency": "USD", "type": "NORMAL"}
{"transaction_id": "57d81f20-9455-4ebe-a2b8-a5b7ee90c3b1", "timestamp": "2026-08-19T22:11:41.334976", "sender_account": "QTXV40623378585875", "receiver_account": "ZADP42098975580841", "amount": 61.99, "currency": "USD", "type": "NORMAL"}
{"transaction_id": "19a519ec-cb97-498d-8dd0-7ce749635d6f", "timestamp": "2026-08-19T22:11:42.335755", "sender_account": "EMXL67993602576108", "receiver_account": "BTCE30031727194183", "amount": 4828.01, "currency": "USD", "type": "NORMAL"}
{"transaction_id": "616512ce-0679-410f-93d7-f2283b3e25d9", "timestamp": "2026-08-19T22:11:43.337011", "sender_account": "ZBAV57583531826293", "receiver_account": "ZQRY82107849082085", "amount": 3830.59, "currency": "USD", "type": "NORMAL"}
{"transaction_id": "b8797bac-4da0-45e2-b80f-8174c15720d0", "timestamp": "2026-08-19T22:11:44.338431", "sender_account": "SNQR02825333527062", "receiver_account": "ITUW94328852809457", "amount": 2925.75, "currency": "USD", "type": "NORMAL"}
{"transaction_id": "c11e09ef-463a-479c-b29d-b32d3e280d19", "timestamp": "2026-08-19T22:11:45.339747", "sender_account": "OONT57623890878105", "receiver_account": "TYZA12395659119598", "amount": 4754.94, "currency": "USD", "type": "NORMAL"}
{"transaction_id": "7cbe4421-dd12-4dc6-b99a-91414ff1e029", "timestamp": "2026-08-19T22:11:46.340548", "sender_account": "OCPV45827561184835", "receiver_account": "PCEW62562572220429", "amount": 4163.55, "currency": "USD", "type": "NORMAL"}
{"transaction_id": "5b4320cc-e768-4c56-8c71-e20681cfdeba", "timestamp": "2026-08-19T22:11:47.341710", "sender_account": "GKOO36379143283440", "receiver_account": "GIBZ40473797020174", "amount": 9900.0, "currency": "USD", "type": "FRAUD_PLACEMENT"}
{"transaction_id": "d97e11a6-6634-44ff-865d-6bea9007297b", "timestamp": "2026-08-19T22:11:47.341750", "sender_account": "GIBZ40473797020174", "receiver_account": "TKNE95981619733116", "amount": 9900.0, "currency": "USD", "type": "FRAUD_LAYERING"}
{"transaction_id": "7e76f92e-427b-442b-9e48-b9b16f332de2", "timestamp": "2026-08-19T22:11:48.342962", "sender_account": "OBST45783212332050", "receiver_account": "VVRM26534773504180", "amount": 4894.55, "currency": "USD", "type": "NORMAL"}
{"transaction_id": "6d6bb318-3898-451c-8aa6-a69d03fc77f1", "timestamp": "2026-08-19T22:11:49.343686", "sender_account": "QNGB06866193861206", "receiver_account": "DGWO81624487946464", "amount": 1834.04, "currency": "USD", "type": "NORMAL"}
{"transaction_id": "8ba48a9c-72f9-48fb-9670-8144736b9791", "timestamp": "2026-08-19T22:11:50.345746", "sender_account": "HNVF64891754144366", "receiver_account": "TYZA12395659119598", "amount": 9900.0, "currency": "USD", "type": "FRAUD_PLACEMENT"}
{"transaction_id": "834d67f0-8e6a-4fb1-ad3b-38ac80b9fbe4", "timestamp": "2026-08-19T22:11:50.345831", "sender_account": "TYZA12395659119598", "receiver_account": "TKNE95981619733116", "amount": 9900.0, "currency": "USD", "type": "FRAUD_LAYERING"}
{"transaction_id": "10a27ff7-5171-4195-a64a-451322c95137", "timestamp": "2026-08-19T22:11:51.349850", "sender_account": "HNVF64891754144366", "receiver_account": "VVRM26534773504180", "amount": 4435.18, "currency": "USD", "type": "NORMAL"}
{"transaction_id": "3afcab78-58b1-4147-b024-7b05a6582e18", "timestamp": "2026-08-19T22:11:52.350720", "sender_account": "GLIT62311059003233", "receiver_account": "FOBA45363711762614", "amount": 1275.84, "currency": "USD", "type": "NORMAL"}
{"transaction_id": "a61fdeb5-6fc9-4ce6-ad22-01dfa8c5b2a7", "timestamp": "2026-08-19T22:11:53.351729", "sender_account": "HNVF64891754144366", "receiver_account": "OBST45783212332050", "amount": 9900.0, "currency": "USD", "type": "FRAUD_PLACEMENT"}
{"transaction_id": "f5b13d93-741f-423f-95a3-00bfec7f81b2", "timestamp": "2026-08-19T22:11:53.351766", "sender_account": "OBST45783212332050", "receiver_account": "TKNE95981619733116", "amount": 9900.0, "currency": "USD", "type": "FRAUD_LAYERING"}
{"transaction_id": "851cca0e-04ab-4329-be08-a5d1d1d6e73f", "timestamp": "2026-08-19T22:11:54.352633", "sender_account": "BTCE30031727194183", "receiver_account": "FLWW48003862994101", "amount": 1482.17, "currency": "USD", "type": "NORMAL"}
{"transaction_id": "abbbd174-c15a-4ef5-9eee-26895a9eaf8f", "timestamp": "2026-08-19T22:11:55.353843", "sender_account": "VPQE19399427637466", "receiver_account": "MPYG47417771988920", "amount": 4751.73, "currency": "USD", "type": "NORMAL"}
{"transaction_id": "0efea540-be1e-41bd-ac04-ba417426eeac", "timestamp": "2026-08-19T22:11:56.354656", "sender_account": "XMJK82504694562095", "receiver_account": "ITUW94328852809457", "amount": 928.03, "currency": "USD", "type": "NORMAL"}
{"transaction_id": "45949e94-5b58-4bd6-8c91-bf587163fb42", "timestamp": "2026-08-19T22:11:57.355600", "sender_account": "ZFKA83364609539681", "receiver_account": "BMWQ07401602650724", "amount": 1687.93, "currency": "USD", "type": "NORMAL"}
{"transaction_id": "e67225df-79f8-4c55-9296-2b1a5ea7dfbd", "timestamp": "2026-08-19T22:11:58.356340", "sender_account": "MGQC27256683991625", "receiver_account": "TKCO15830034158606", "amount": 1309.1, "currency": "USD", "type": "NORMAL"}
{"transaction_id": "636fd7ac-6115-4ac8-852f-5ad960fbf5d1", "timestamp": "2026-08-19T22:11:59.357302", "sender_account": "WIYV91633626744584", "receiver_account": "JQKJ34058795741041", "amount": 2654.77, "currency": "USD", "type": "NORMAL"}
{"transaction_id": "1f82a846-f3c3-4ed2-812b-4d76ba799ebe", "timestamp": "2026-08-19T22:12:00.358272", "sender_account": "ZFKA83364609539681", "receiver_account": "JGKZ81762083124666", "amount": 2435.35, "currency": "USD", "type": "NORMAL"}
{"transaction_id": "2a25358d-1421-4a8e-b4df-0d06fc07538d", "timestamp": "2026-08-19T22:12:01.359410", "sender_account": "XMJK82504694562095", "receiver_account": "TYZA12395659119598", "amount": 9900.0, "currency": "USD", "type": "FRAUD_PLACEMENT"}
{"transaction_id": "402e3aac-9232-4c9e-ab84-44f2fdb4b7fe", "timestamp": "2026-08-19T22:12:01.359457", "sender_account": "TYZA12395659119598", "receiver_account": "TKNE95981619733116", "amount": 9900.0, "currency": "USD", "type": "FRAUD_LAYERING"}
{"transaction_id": "bf16f3aa-7f4c-4764-b686-44e62d2d2d5b", "timestamp": "2026-08-19T22:12:02.360884", "sender_account": "PCEW62562572220429", "receiver_account": "POPI60802500302561", "amount": 1070.02, "currency": "USD", "type": "NORMAL"}
{"transaction_id": "b4d889b9-8c93-45e0-a520-5866e9bf3e2f", "timestamp": "2026-08-19T22:12:03.361952", "sender_account": "OBST45783212332050", "receiver_account": "IVEN85122238604633", "amount": 610.32, "currency": "USD", "type": "NORMAL"}
{"transaction_id": "95d2b84f-edf4-4b8c-a6f8-f458740b9cbd", "timestamp": "2026-08-19T22:12:05.363349", "sender_account": "ZVIU98542550975060", "receiver_account": "ZGMR58754809663746", "amount": 62.29, "currency": "USD", "type": "NORMAL"}
{"transaction_id": "bfed3cd9-469f-4e28-8777-c61322ed5076", "timestamp": "2026-08-19T22:12:06.364609", "sender_account": "GOHX63551834343537", "receiver_account": "MPYG47417771988920", "amount": 4842.87, "currency": "USD", "type": "NORMAL"}
{"transaction_id": "6870df5c-3302-47fc-a7b1-8d0b1b370602", "timestamp": "2026-08-19T22:12:07.365378", "sender_account": "MFRJ31603040538232", "receiver_account": "YIRQ99574502470842", "amount": 4485.38, "currency": "USD", "type": "NORMAL"}
{"transaction_id": "b9d37301-049a-446e-89f7-f5153742a276", "timestamp": "2026-08-19T22:12:08.366313", "sender_account": "MGQC27256683991625", "receiver_account": "VPQE19399427637466", "amount": 2150.51, "currency": "USD", "type": "NORMAL"}
{"transaction_id": "63d9b85b-adbf-45d4-ab7f-f52296be9503", "timestamp": "2026-08-19T22:12:09.367188", "sender_account": "ZBAV57583531826293", "receiver_account": "OBST45783212332050", "amount": 9900.0, "currency": "USD", "type": "FRAUD_PLACEMENT"}
{"transaction_id": "ead9788e-dfb3-4451-903b-9cf06d7c02f6", "timestamp": "2026-08-19T22:12:09.367242", "sender_account": "OBST45783212332050", "receiver_account": "TKNE95981619733116", "amount": 9900.0, "currency": "USD", "type": "FRAUD_LAYERING"}
{"transaction_id": "8277cae5-e825-4b01-9451-836c5d3d5661", "timestamp": "2026-08-19T22:12:10.368023", "sender_account": "SOBM80491499457608", "receiver_account": "UIUQ30880043964264", "amount": 2016.22, "currency": "USD", "type": "NORMAL"}
{"transaction_id": "b4ead71b-35b9-4f49-a69f-b2904b800f1d", "timestamp": "2026-08-19T22:12:11.369175", "sender_account": "ZGYE32529717670955", "receiver_account": "WSCV53841899351261", "amount": 4384.42, "currency": "USD", "type": "NORMAL"}
{"transaction_id": "301f17da-2fa1-4ad7-94cf-f2355a488b5e", "timestamp": "2026-08-19T22:12:12.369903", "sender_account": "FOKF83913028698195", "receiver_account": "DSOS96311899642368", "amount": 1508.81, "currency": "USD", "type": "NORMAL"}
{"transaction_id": "20fa5fac-b478-4eca-90a3-77c63e106854", "timestamp": "2026-08-19T22:12:13.370604", "sender_account": "QTXV40623378585875", "receiver_account": "PCEW62562572220429", "amount": 2335.56, "currency": "USD", "type": "NORMAL"}
{"transaction_id": "f7344230-de3a-434a-84d0-befee9a42026", "timestamp": "2026-08-19T22:12:14.371436", "sender_account": "OBST45783212332050", "receiver_account": "MPYG47417771988920", "amount": 2130.54, "currency": "USD", "type": "NORMAL"}
{"transaction_id": "798dae9a-9752-47cd-8840-c23fa978f62e", "timestamp": "2026-08-19T22:12:15.374085", "sender_account": "ZMWS54714289381237", "receiver_account": "DGWO81624487946464", "amount": 1426.28, "currency": "USD", "type": "NORMAL"}
{"transaction_id": "16870c15-7e3a-4366-af3d-d8e7e90ed199", "timestamp": "2026-08-19T22:12:16.375199", "sender_account": "DSOS96311899642368", "receiver_account": "HNVF64891754144366", "amount": 3096.34, "currency": "USD", "type": "NORMAL"}
{"transaction_id": "fbcb81dd-5cfa-416a-94ab-7748a5f53b5f", "timestamp": "2026-08-19T22:12:17.375938", "sender_account": "BOQG09638950855355", "receiver_account": "EJZC41691668687807", "amount": 2315.43, "currency": "USD", "type": "NORMAL"}
{"transaction_id": "852ad95e-5e56-4697-8955-96ae2719e867", "timestamp": "2026-08-19T22:12:18.376682", "sender_account": "BWKA78710027600682", "receiver_account": "RZVP21155505850037", "amount": 2534.28, "currency": "USD", "type": "NORMAL"}
{"transaction_id": "ca8152e1-44ab-48de-b5ca-d14fe935fe9b", "timestamp": "2026-08-19T22:12:19.377677", "sender_account": "ZVIU98542550975060", "receiver_account": "HKVV91020206250530", "amount": 3901.02, "currency": "USD", "type": "NORMAL"}
{"transaction_id": "7ca3356c-68ab-41ff-a2c1-a7faa1699771", "timestamp": "2026-08-19T22:12:20.378632", "sender_account": "BARZ06398633576495", "receiver_account": "ONTE15993666350518", "amount": 532.91, "currency": "USD", "type": "NORMAL"}
{"transaction_id": "3c0f4d04-3396-4dc0-8ca2-868b47713c50", "timestamp": "2026-08-19T22:12:21.379427", "sender_account": "BLTT28136406266695", "receiver_account": "VPQE19399427637466", "amount": 9900.0, "currency": "USD", "type": "FRAUD_PLACEMENT"}
{"transaction_id": "b3828cc3-a122-4203-8cf1-f810ae92ceba", "timestamp": "2026-08-19T22:12:21.379464", "sender_account": "VPQE19399427637466", "receiver_account": "TKNE95981619733116", "amount": 9900.0, "currency": "USD", "type": "FRAUD_LAYERING"}
{"transaction_id": "0d9865a4-e4c3-4cd0-adb6-91d22dfd81cd", "timestamp": "2026-08-19T22:12:22.380367", "sender_account": "OBST45783212332050", "receiver_account": "ZRSL02416594373530", "amount": 587.91, "currency": "USD", "type": "NORMAL"}
{"transaction_id": "d1424a13-3d78-4cb8-95a3-34e916d096ca", "timestamp": "2026-08-19T22:12:23.381226", "sender_account": "MFRJ31603040538232", "receiver_account": "GOHX63551834343537", "amount": 827.95, "currency": "USD", "type": "NORMAL"}
{"transaction_id": "9759054f-11f7-4b04-a9cc-ac6da42b5c3b", "timestamp": "2026-08-19T22:12:24.382857", "sender_account": "KOVQ87848311751921", "receiver_account": "HAZZ16939678914701", "amount": 3302.94, "currency": "USD", "type": "NORMAL"}
{"transaction_id": "3c1cc7f1-f91c-4e5a-8f12-8f40533325f8", "timestamp": "2026-08-19T22:12:25.383939", "sender_account": "DSOS96311899642368", "receiver_account": "QTXV40623378585875", "amount": 3713.77, "currency": "USD", "type": "NORMAL"}
{"transaction_id": "382a2aec-4718-4b5a-8bf1-1de65a1bb297", "timestamp": "2026-08-19T22:12:26.384507", "sender_account": "UOIY52992373188750", "receiver_account": "BMWQ07401602650724", "amount": 9900.0, "currency": "USD", "type": "FRAUD_PLACEMENT"}
{"transaction_id": "752648c8-b945-499d-87be-c00930e35be2", "timestamp": "2026-08-19T22:12:26.384554", "sender_account": "BMWQ07401602650724", "receiver_account": "TKNE95981619733116", "amount": 9900.0, "currency": "USD", "type": "FRAUD_LAYERING"}
{"transaction_id": "c8b6af88-d3fa-42c9-b474-15bffc01c2d7", "timestamp": "2026-08-19T22:12:27.385421", "sender_account": "PCEW62562572220429", "receiver_account": "OBST45783212332050", "amount": 9900.0, "currency": "USD", "type": "FRAUD_PLACEMENT"}
{"transaction_id": "39cc3a53-bc26-4ca9-8769-e385febfe305", "timestamp": "2026-08-19T22:12:27.385456", "sender_account": "OBST45783212332050", "receiver_account": "TKNE95981619733116", "amount": 9900.0, "currency": "USD", "type": "FRAUD_LAYERING"}
{"transaction_id": "6dbd8865-1baa-48fd-b9c3-c1a2d6c55227", "timestamp": "2026-08-19T22:12:28.387022", "sender_account": "MLNT98933143420708", "receiver_account": "GIBZ40473797020174", "amount": 9900.0, "currency": "USD", "type": "FRAUD_PLACEMENT"}
{"transaction_id": "da6e306f-04c0-434f-9741-d6260b7e9351", "timestamp": "2026-08-19T22:12:28.387059", "sender_account": "GIBZ40473797020174", "receiver_account": "TKNE95981619733116", "amount": 9900.0, "currency": "USD", "type": "FRAUD_LAYERING"}
{"transaction_id": "ea261684-b261-4167-86ff-b1e720f4d88c", "timestamp": "2026-08-19T22:12:29.389545", "sender_account": "HBOW30753169678897", "receiver_account": "QTXV40623378585875", "amount": 3337.24, "currency": "USD", "type": "NORMAL"}
{"transaction_id": "0339edc6-5dcd-453c-84a4-0051b70ff2dd", "timestamp": "2026-08-19T22:12:30.390423", "sender_account": "FOBA45363711762614", "receiver_account": "ONTE15993666350518", "amount": 1087.71, "currency": "USD", "type": "NORMAL"}
{"transaction_id": "b447dd1c-b6ef-439f-834e-979320cc224b", "timestamp": "2026-08-19T22:12:31.395030", "sender_account": "GKOO36379143283440", "receiver_account": "SOBM80491499457608", "amount": 4013.93, "currency": "USD", "type": "NORMAL"}
{"transaction_id": "e721eab9-0806-43dd-a304-7b2540b79571", "timestamp": "2026-08-19T22:12:32.406211", "sender_account": "JGKZ81762083124666", "receiver_account": "SOBM80491499457608", "amount": 2947.91, "currency": "USD", "type": "NORMAL"}
{"transaction_id": "161e385b-2362-44f2-b402-d9bfe33d8651", "timestamp": "2026-08-19T22:12:33.406855", "sender_account": "UOIY52992373188750", "receiver_account": "VPQE19399427637466", "amount": 9900.0, "currency": "USD", "type": "FRAUD_PLACEMENT"}
{"transaction_id": "6b413ea7-1bd0-447b-b677-b42143c5f15e", "timestamp": "2026-08-19T22:12:33.406886", "sender_account": "VPQE19399427637466", "receiver_account": "TKNE95981619733116", "amount": 9900.0, "currency": "USD", "type": "FRAUD_LAYERING"}
{"transaction_id": "3aa38e5e-974b-40cc-a00a-f0f8f31b3c8f", "timestamp": "2026-08-19T22:12:35.410130", "sender_account": "RTKW81167619321392", "receiver_account": "ZWCH93320854773187", "amount": 3293.59, "currency": "USD", "type": "NORMAL"}
{"transaction_id": "26cec7d6-6282-4f93-9962-cb326ef96725", "timestamp": "2026-08-19T22:12:36.411312", "sender_account": "HAZZ16939678914701", "receiver_account": "KOVQ87848311751921", "amount": 2381.22, "currency": "USD", "type": "NORMAL"}
{"transaction_id": "8a1838db-3422-4032-a998-4130d221db74", "timestamp": "2026-08-19T22:12:37.412014", "sender_account": "ZBAV57583531826293", "receiver_account": "ZGYE32529717670955", "amount": 2655.17, "currency": "USD", "type": "NORMAL"}
{"transaction_id": "758f7d6b-ac9f-44fd-a877-6d161805964c", "timestamp": "2026-08-19T22:12:38.413077", "sender_account": "ZWCH93320854773187", "receiver_account": "FOBA45363711762614", "amount": 3189.51, "currency": "USD", "type": "NORMAL"}
{"transaction_id": "054cb9bb-a44a-485d-a138-8c1f2b38b7a8", "timestamp": "2026-08-19T22:12:39.414205", "sender_account": "GKOO36379143283440", "receiver_account": "MGQC27256683991625", "amount": 685.97, "currency": "USD", "type": "NORMAL"}
{"transaction_id": "5faf45aa-900b-4fa5-8262-82fc11a0eb43", "timestamp": "2026-08-19T22:12:40.415249", "sender_account": "ZADP42098975580841", "receiver_account": "HAZZ16939678914701", "amount": 2429.36, "currency": "USD", "type": "NORMAL"}
{"transaction_id": "fd664d17-90ae-4f47-a440-99405e6be21d", "timestamp": "2026-08-19T22:12:41.416455", "sender_account": "VNZI08329609359985", "receiver_account": "OONT57623890878105", "amount": 2170.26, "currency": "USD", "type": "NORMAL"}
{"transaction_id": "ddb81fda-662d-45f8-960e-1776219806e0", "timestamp": "2026-08-19T22:12:42.418238", "sender_account": "OONT57623890878105", "receiver_account": "BATQ26066122589537", "amount": 4572.76, "currency": "USD", "type": "NORMAL"}
{"transaction_id": "10566a76-4ad8-46f9-9289-938bc2fa999c", "timestamp": "2026-08-19T22:12:43.419036", "sender_account": "JGKZ81762083124666", "receiver_account": "ONTE15993666350518", "amount": 3971.72, "currency": "USD", "type": "NORMAL"}
{"transaction_id": "42b6a558-01eb-4602-bcd1-81c24c2ad602", "timestamp": "2026-08-19T22:12:44.419901", "sender_account": "REUU89703871611287", "receiver_account": "HNVF64891754144366", "amount": 4656.89, "currency": "USD", "type": "NORMAL"}
{"transaction_id": "71e2df6f-c623-429c-a1fd-18123780defd", "timestamp": "2026-08-19T22:12:45.420740", "sender_account": "JHOE55271525311673", "receiver_account": "CDPO86269475852321", "amount": 1982.28, "currency": "USD", "type": "NORMAL"}
{"transaction_id": "cd17894d-835e-4191-8cb5-fdd5a3c5cba1", "timestamp": "2026-08-19T22:12:46.421435", "sender_account": "OWJJ95183742153706", "receiver_account": "HNVF64891754144366", "amount": 2634.0, "currency": "USD", "type": "NORMAL"}
{"transaction_id": "845ec9d6-0658-4dd4-a92f-d9ab0552da5e", "timestamp": "2026-08-19T22:12:47.422322", "sender_account": "YRYY89437144222231", "receiver_account": "FXIM87758079103884", "amount": 1135.19, "currency": "USD", "type": "NORMAL"}
{"transaction_id": "8e99f121-abbd-461e-8388-b1ac2fe94419", "timestamp": "2026-08-19T22:12:48.423329", "sender_account": "MREZ94532505100354", "receiver_account": "VPQE19399427637466", "amount": 3350.73, "currency": "USD", "type": "NORMAL"}
{"transaction_id": "e726faf7-09ab-4984-813d-330ab57d3ce4", "timestamp": "2026-08-19T22:12:49.424081", "sender_account": "ZADP42098975580841", "receiver_account": "XMJK82504694562095", "amount": 3774.31, "currency": "USD", "type": "NORMAL"}
{"transaction_id": "c24ebfdd-f56b-46a5-9cf0-e227a05bffcd", "timestamp": "2026-08-19T22:12:50.424851", "sender_account": "HNVF64891754144366", "receiver_account": "OBST45783212332050", "amount": 9900.0, "currency": "USD", "type": "FRAUD_PLACEMENT"}
{"transaction_id": "e91bb87d-3a17-4374-bbb5-4c0d2fccee21", "timestamp": "2026-08-19T22:12:50.424885", "sender_account": "OBST45783212332050", "receiver_account": "TKNE95981619733116", "amount": 9900.0, "currency": "USD", "type": "FRAUD_LAYERING"}
{"transaction_id": "ba07e138-c2c5-4b1a-96fb-5cda3a05d855", "timestamp": "2026-08-19T22:12:51.425934", "sender_account": "YIRQ99574502470842", "receiver_account": "YXRF85957215814306", "amount": 4516.23, "currency": "USD", "type": "NORMAL"}
{"transaction_id": "43cd0d2c-bccd-4282-bbeb-1c4ebfe5b2d9", "timestamp": "2026-08-19T22:12:52.427013", "sender_account": "MLNT98933143420708", "receiver_account": "GLIT62311059003233", "amount": 2646.42, "currency": "USD", "type": "NORMAL"}
{"transaction_id": "857ccee3-037a-4f5d-8746-e4357723bf7f", "timestamp": "2026-08-19T22:12:53.427902", "sender_account": "FOKF83913028698195", "receiver_account": "BMWQ07401602650724", "amount": 9900.0, "currency": "USD", "type": "FRAUD_PLACEMENT"}
{"transaction_id": "1b99e389-0d6b-4788-96f4-e47c04592004", "timestamp": "2026-08-19T22:12:53.427950", "sender_account": "BMWQ07401602650724", "receiver_account": "TKNE95981619733116", "amount": 9900.0, "currency": "USD", "type": "FRAUD_LAYERING"}
{"transaction_id": "ebc136b2-ab51-4a23-a988-2bc1420b5bd1", "timestamp": "2026-08-19T22:12:54.428888", "sender_account": "REUU89703871611287", "receiver_account": "DRXV24124034784149", "amount": 1461.58, "currency": "USD", "type": "NORMAL"}
{"transaction_id": "b1d69738-809f-4ab9-aeed-4ac23d1d04bf", "timestamp": "2026-08-19T22:12:55.429715", "sender_account": "WQIV41315931568868", "receiver_account": "BATQ26066122589537", "amount": 1869.11, "currency": "USD", "type": "NORMAL"}
{"transaction_id": "660b792d-a61c-45ed-98c6-b1e6182e4d2b", "timestamp": "2026-08-19T22:12:56.430795", "sender_account": "ZADP42098975580841", "receiver_account": "GIBZ40473797020174", "amount": 9900.0, "currency": "USD", "type": "FRAUD_PLACEMENT"}
{"transaction_id": "fd8d2e29-e68b-4ef1-aa7d-1542401954da", "timestamp": "2026-08-19T22:12:56.430833", "sender_account": "GIBZ40473797020174", "receiver_account": "TKNE95981619733116", "amount": 9900.0, "currency": "USD", "type": "FRAUD_LAYERING"}
{"transaction_id": "4182a729-5a03-49ea-8285-62de17a973da", "timestamp": "2026-08-19T22:12:57.432046", "sender_account": "REUU89703871611287", "receiver_account": "BMWQ07401602650724", "amount": 9900.0, "currency": "USD", "type": "FRAUD_PLACEMENT"}
{"transaction_id": "921cbc29-6e76-4c38-996b-56702c8cc7c2", "timestamp": "2026-08-19T22:12:57.432096", "sender_account": "BMWQ07401602650724", "receiver_account": "TKNE95981619733116", "amount": 9900.0, "currency": "USD", "type": "FRAUD_LAYERING"}
{"transaction_id": "879a8b36-a9be-4ed7-b4ae-a288fd77c68a", "timestamp": "2026-08-19T22:12:58.432982", "sender_account": "OCPV45827561184835", "receiver_account": "DSOS96311899642368", "amount": 1599.29, "currency": "USD", "type": "NORMAL"}
{"transaction_id": "2c26d449-c0cf-49f7-9a81-a7ec7af1d222", "timestamp": "2026-08-19T22:12:59.433940", "sender_account": "BOQG09638950855355", "receiver_account": "DRXV24124034784149", "amount": 1648.27, "currency": "USD", "type": "NORMAL"}
{"transaction_id": "1f2f8492-eab9-4d30-85cb-5b289a2109ae", "timestamp": "2026-08-19T22:13:00.434799", "sender_account": "EUPF21042455172540", "receiver_account": "OBST45783212332050", "amount": 9900.0, "currency": "USD", "type": "FRAUD_PLACEMENT"}
{"transaction_id": "a9d8b23c-5f6d-4d3f-a815-30f82014a81a", "timestamp": "2026-08-19T22:13:00.434842", "sender_account": "OBST45783212332050", "receiver_account": "TKNE95981619733116", "amount": 9900.0, "currency": "USD", "type": "FRAUD_LAYERING"}
{"transaction_id": "daf12915-dbc9-4652-84ec-fd3554fb0ffe", "timestamp": "2026-08-19T22:13:01.435960", "sender_account": "REUU89703871611287", "receiver_account": "GIBZ40473797020174", "amount": 9900.0, "currency": "USD", "type": "FRAUD_PLACEMENT"}
{"transaction_id": "acc14442-498e-41ba-b00b-db1ffb223810", "timestamp": "2026-08-19T22:13:01.436012", "sender_account": "GIBZ40473797020174", "receiver_account": "TKNE95981619733116", "amount": 9900.0, "currency": "USD", "type": "FRAUD_LAYERING"}
{"transaction_id": "76a2dff4-6090-4f8d-907e-b9f48fdc61b1", "timestamp": "2026-08-19T22:13:02.437348", "sender_account": "RZVP21155505850037", "receiver_account": "HQYC61658237444874", "amount": 139.4, "currency": "USD", "type": "NORMAL"}
{"transaction_id": "27d7ec78-bc25-4e89-a668-3310799123e9", "timestamp": "2026-08-19T22:13:03.437958", "sender_account": "SNQR02825333527062", "receiver_account": "GIBZ40473797020174", "amount": 9900.0, "currency": "USD", "type": "FRAUD_PLACEMENT"}
{"transaction_id": "7f92a740-e430-4c1f-bd60-f48a5d845c15", "timestamp": "2026-08-19T22:13:03.437997", "sender_account": "GIBZ40473797020174", "receiver_account": "TKNE95981619733116", "amount": 9900.0, "currency": "USD", "type": "FRAUD_LAYERING"}
{"transaction_id": "3b9f2f53-d226-4280-a7ea-fba64c74152c", "timestamp": "2026-08-19T22:13:04.439063", "sender_account": "YFVA16193788759614", "receiver_account": "WSCV53841899351261", "amount": 4300.66, "currency": "USD", "type": "NORMAL"}
{"transaction_id": "1b5fd2cb-1e1d-48e6-a9ce-63b00b87038a", "timestamp": "2026-08-19T22:13:05.440435", "sender_account": "IVEN85122238604633", "receiver_account": "OONT57623890878105", "amount": 4851.11, "currency": "USD", "type": "NORMAL"}
{"transaction_id": "ba471b16-ef22-4b22-99f2-082001fb592b", "timestamp": "2026-08-19T22:13:06.441590", "sender_account": "JRIS76694227569281", "receiver_account": "OONT57623890878105", "amount": 3904.78, "currency": "USD", "type": "NORMAL"}
{"transaction_id": "9f145523-b045-4016-9a84-5b51f68a98cb", "timestamp": "2026-08-19T22:13:07.442807", "sender_account": "BWKA78710027600682", "receiver_account": "POPI60802500302561", "amount": 255.35, "currency": "USD", "type": "NORMAL"}
{"transaction_id": "135a602b-ecde-4f25-81d9-21271096efbd", "timestamp": "2026-08-19T22:13:08.443838", "sender_account": "TYZA12395659119598", "receiver_account": "IQWF66011720786197", "amount": 4334.65, "currency": "USD", "type": "NORMAL"}
{"transaction_id": "c3e06c60-37e6-4aea-ad17-57bbfe107a34", "timestamp": "2026-08-19T22:13:09.444476", "sender_account": "TKCO15830034158606", "receiver_account": "HKVV91020206250530", "amount": 3297.63, "currency": "USD", "type": "NORMAL"}
{"transaction_id": "56d73787-38f4-4473-9916-c9c0f1307db2", "timestamp": "2026-08-19T22:13:10.445662", "sender_account": "VALP74928055025578", "receiver_account": "BTCE30031727194183", "amount": 3567.99, "currency": "USD", "type": "NORMAL"}
{"transaction_id": "d4348a8a-45e6-4447-9770-d1176fc4f0c0", "timestamp": "2026-08-19T22:13:11.449786", "sender_account": "BATQ26066122589537", "receiver_account": "BLTT28136406266695", "amount": 3798.68, "currency": "USD", "type": "NORMAL"}
{"transaction_id": "e7ab81e4-42e8-4442-b3d3-cf4f7605220b", "timestamp": "2026-08-19T22:13:12.450819", "sender_account": "PCEW62562572220429", "receiver_account": "OBST45783212332050", "amount": 9900.0, "currency": "USD", "type": "FRAUD_PLACEMENT"}
{"transaction_id": "26cc8db4-4c78-41d6-bb53-567fe12345af", "timestamp": "2026-08-19T22:13:12.450863", "sender_account": "OBST45783212332050", "receiver_account": "TKNE95981619733116", "amount": 9900.0, "currency": "USD", "type": "FRAUD_LAYERING"}
{"transaction_id": "dce4e137-e397-4e38-815f-152caec40d56", "timestamp": "2026-08-19T22:13:13.452332", "sender_account": "BATQ26066122589537", "receiver_account": "NORJ47127315571079", "amount": 4695.49, "currency": "USD", "type": "NORMAL"}
{"transaction_id": "2adafd74-5fec-4507-910a-9f7e696dfff2", "timestamp": "2026-08-19T22:13:14.453283", "sender_account": "HNVF64891754144366", "receiver_account": "BATQ26066122589537", "amount": 2074.36, "currency": "USD", "type": "NORMAL"}
{"transaction_id": "80019b33-7347-4403-bccd-860eacf7389a", "timestamp": "2026-08-19T22:13:15.454316", "sender_account": "IQWF66011720786197", "receiver_account": "VPQE19399427637466", "amount": 3642.34, "currency": "USD", "type": "NORMAL"}
{"transaction_id": "45afd871-7ffe-4d30-9872-155d85bb54c2", "timestamp": "2026-08-19T22:13:16.455729", "sender_account": "MLNT98933143420708", "receiver_account": "OBST45783212332050", "amount": 9900.0, "currency": "USD", "type": "FRAUD_PLACEMENT"}
{"transaction_id": "88608969-24be-4791-9f37-7012b7418c91", "timestamp": "2026-08-19T22:13:16.455775", "sender_account": "OBST45783212332050", "receiver_account": "TKNE95981619733116", "amount": 9900.0, "currency": "USD", "type": "FRAUD_LAYERING"}
{"transaction_id": "2e55cce7-9b89-4ef3-af48-ec7bdb6992a7", "timestamp": "2026-08-19T22:13:17.456924", "sender_account": "GKOO36379143283440", "receiver_account": "ITUW94328852809457", "amount": 223.26, "currency": "USD", "type": "NORMAL"}
{"transaction_id": "09356417-9cf7-4643-91b3-76f7dc59d8a3", "timestamp": "2026-08-19T22:13:18.457694", "sender_account": "ZMWS54714289381237", "receiver_account": "VPQE19399427637466", "amount": 9900.0, "currency": "USD", "type": "FRAUD_PLACEMENT"}
{"transaction_id": "e2832531-3a5c-4b0e-9a85-727bdc058789", "timestamp": "2026-08-19T22:13:18.457738", "sender_account": "VPQE19399427637466", "receiver_account": "TKNE95981619733116", "amount": 9900.0, "currency": "USD", "type": "FRAUD_LAYERING"}
{"transaction_id": "34205c24-4d2f-4ce5-9aff-207e96faae49", "timestamp": "2026-08-19T22:13:19.458730", "sender_account": "YIRQ99574502470842", "receiver_account": "OBST45783212332050", "amount": 9900.0, "currency": "USD", "type": "FRAUD_PLACEMENT"}
{"transaction_id": "cd873a35-c5e0-4579-838d-b41b29383d93", "timestamp": "2026-08-19T22:13:19.458774", "sender_account": "OBST45783212332050", "receiver_account": "TKNE95981619733116", "amount": 9900.0, "currency": "USD", "type": "FRAUD_LAYERING"}
{"transaction_id": "ca3be273-870c-49b6-8f2b-003586b13b6f", "timestamp": "2026-08-19T22:13:20.459959", "sender_account": "QNGB06866193861206", "receiver_account": "IVEN85122238604633", "amount": 3574.62, "currency": "USD", "type": "NORMAL"}
{"transaction_id": "8eeaaf62-d460-47bd-b683-316a4d16aa88", "timestamp": "2026-08-19T22:13:21.460825", "sender_account": "YHPD62845950258653", "receiver_account": "NRLN08377251537949", "amount": 1669.6, "currency": "USD", "type": "NORMAL"}
{"transaction_id": "43976190-ddd1-4287-8b73-f1e140367050", "timestamp": "2026-08-19T22:13:22.461641", "sender_account": "UIUQ30880043964264", "receiver_account": "UOIY52992373188750", "amount": 4090.61, "currency": "USD", "type": "NORMAL"}
{"transaction_id": "7038c9c9-615b-490d-a31c-383460391dff", "timestamp": "2026-08-19T22:13:23.462579", "sender_account": "JHOE55271525311673", "receiver_account": "QNGB06866193861206", "amount": 1717.4, "currency": "USD", "type": "NORMAL"}
{"transaction_id": "fe5a4b68-8a13-4659-8f44-4ec12847eaa1", "timestamp": "2026-08-19T22:13:24.463541", "sender_account": "HBOW30753169678897", "receiver_account": "MLNT98933143420708", "amount": 4826.39, "currency": "USD", "type": "NORMAL"}
{"transaction_id": "e38ee53f-b358-469b-9994-0a3d2475519f", "timestamp": "2026-08-19T22:13:25.464444", "sender_account": "QOSV59129264416433", "receiver_account": "BTCE30031727194183", "amount": 1389.76, "currency": "USD", "type": "NORMAL"}
{"transaction_id": "ad3a1936-31b5-4ed5-a961-6243a101f906", "timestamp": "2026-08-19T22:13:26.465160", "sender_account": "BLTT28136406266695", "receiver_account": "PALM16133745049607", "amount": 1107.43, "currency": "USD", "type": "NORMAL"}
{"transaction_id": "f3507e62-2dc4-4419-adbd-a1287d8eb87e", "timestamp": "2026-08-22T14:02:29.525229", "sender_account": "YXRF85957215814306", "receiver_account": "IQWF66011720786197", "amount": 1293.37, "currency": "USD", "type": "NORMAL"}
{"transaction_id": "3d91786a-7b8e-4d70-b5d7-4c9607b20300", "timestamp": "2026-08-22T14:02:30.527048", "sender_account": "EUPF21042455172540", "receiver_account": "OBST45783212332050", "amount": 9900.0, "currency": "USD", "type": "FRAUD_PLACEMENT"}
{"transaction_id": "82ca4ba0-6057-4b06-ab25-ac72ac439013", "timestamp": "2026-08-22T14:02:30.527104", "sender_account": "OBST45783212332050", "receiver_account": "TKNE95981619733116", "amount": 9900.0, "currency": "USD", "type": "FRAUD_LAYERING"}
{"transaction_id": "14af1941-d766-4a3b-8955-bc5488c90452", "timestamp": "2026-08-22T14:02:31.528452", "sender_account": "YIRQ99574502470842", "receiver_account": "ITUW94328852809457", "amount": 2659.85, "currency": "USD", "type": "NORMAL"}
{"transaction_id": "c9fc4add-188f-4759-8a8f-abe1c1443275", "timestamp": "2026-08-22T14:02:32.529341", "sender_account": "DGWO81624487946464", "receiver_account": "VVRM26534773504180", "amount": 4979.92, "currency": "USD", "type": "NORMAL"}
{"transaction_id": "6fda32c1-fd0b-4944-8068-504d510fcc03", "timestamp": "2026-08-22T14:02:33.530467", "sender_account": "GKOO36379143283440", "receiver_account": "TYZA12395659119598", "amount": 9900.0, "currency": "USD", "type": "FRAUD_PLACEMENT"}
{"transaction_id": "ce05c58f-1174-4919-8007-2089fc3427be", "timestamp": "2026-08-22T14:02:33.530518", "sender_account": "TYZA12395659119598", "receiver_account": "TKNE95981619733116", "amount": 9900.0, "currency": "USD", "type": "FRAUD_LAYERING"}
{"transaction_id": "c2352b5d-f63e-47a7-aef8-1dfab235bf6e", "timestamp": "2026-08-22T14:02:34.532329", "sender_account": "ZMWS54714289381237", "receiver_account": "OBST45783212332050", "amount": 9900.0, "currency": "USD", "type": "FRAUD_PLACEMENT"}
{"transaction_id": "90801c8e-f241-4521-b3a9-ce0cd19c24b1", "timestamp": "2026-08-22T14:02:34.532397", "sender_account": "OBST45783212332050", "receiver_account": "TKNE95981619733116", "amount": 9900.0, "currency": "USD", "type": "FRAUD_LAYERING"}
{"transaction_id": "fa25a5c3-e1bd-4b25-bf89-cec4c6b8da13", "timestamp": "2026-08-22T14:02:35.533494", "sender_account": "OXKV10606491971240", "receiver_account": "WKTH11946849130998", "amount": 416.15, "currency": "USD", "type": "NORMAL"}
{"transaction_id": "23d700ec-9429-4be0-8e95-fa042ddd63da", "timestamp": "2026-08-22T14:02:36.534719", "sender_account": "PCEW62562572220429", "receiver_account": "OBST45783212332050", "amount": 9900.0, "currency": "USD", "type": "FRAUD_PLACEMENT"}
{"transaction_id": "68e83870-656c-4f7e-af5d-c8a267298fc7", "timestamp": "2026-08-22T14:02:36.534793", "sender_account": "OBST45783212332050", "receiver_account": "TKNE95981619733116", "amount": 9900.0, "currency": "USD", "type": "FRAUD_LAYERING"}
{"transaction_id": "af9ae956-8767-4e98-ae61-1afd2861d2f3", "timestamp": "2026-08-22T14:02:37.535727", "sender_account": "BLTT28136406266695", "receiver_account": "VPQE19399427637466", "amount": 9900.0, "currency": "USD", "type": "FRAUD_PLACEMENT"}
{"transaction_id": "6e5a469d-b20d-4c48-b211-b1a5b1f2f6fb", "timestamp": "2026-08-22T14:02:37.535771", "sender_account": "VPQE19399427637466", "receiver_account": "TKNE95981619733116", "amount": 9900.0, "currency": "USD", "type": "FRAUD_LAYERING"}
{"transaction_id": "d2e99023-bb9c-4bf7-a23a-00f0d5444c88", "timestamp": "2026-08-22T14:02:38.537056", "sender_account": "OBST45783212332050", "receiver_account": "HBOW30753169678897", "amount": 2445.85, "currency": "USD", "type": "NORMAL"}
{"transaction_id": "ed7aa826-764f-4955-bfbb-311f5a70d173", "timestamp": "2026-08-22T14:02:39.537937", "sender_account": "EUPF21042455172540", "receiver_account": "OBST45783212332050", "amount": 9900.0, "currency": "USD", "type": "FRAUD_PLACEMENT"}
{"transaction_id": "3f8fc6d1-da01-4760-b128-ea51e777b581", "timestamp": "2026-08-22T14:02:39.537973", "sender_account": "OBST45783212332050", "receiver_account": "TKNE95981619733116", "amount": 9900.0, "currency": "USD", "type": "FRAUD_LAYERING"}
{"transaction_id": "d88edd48-f358-4f92-b30c-3e85bc3c1289", "timestamp": "2026-08-22T14:02:40.538839", "sender_account": "IFXC26846099455699", "receiver_account": "IQWF66011720786197", "amount": 3646.39, "currency": "USD", "type": "NORMAL"}
{"transaction_id": "5c28bb72-80ff-4754-bed7-8a99a354bc21", "timestamp": "2026-08-22T14:02:41.539585", "sender_account": "QOSV59129264416433", "receiver_account": "GOHX63551834343537", "amount": 2609.39, "currency": "USD", "type": "NORMAL"}
{"transaction_id": "dfd4dd88-07c4-418c-a69c-2a9f21a531fd", "timestamp": "2026-08-22T14:02:42.540639", "sender_account": "BLTT28136406266695", "receiver_account": "KOVQ87848311751921", "amount": 4212.68, "currency": "USD", "type": "NORMAL"}
{"transaction_id": "075de43e-d82b-45a0-b947-2146020460ae", "timestamp": "2026-08-22T14:02:43.541470", "sender_account": "QJTE47754309425360", "receiver_account": "WCLE91496399180753", "amount": 4417.69, "currency": "USD", "type": "NORMAL"}
{"transaction_id": "78b185df-7177-407a-b0ba-378dfb3485c5", "timestamp": "2026-08-22T14:02:44.542683", "sender_account": "ZVIU98542550975060", "receiver_account": "KOVQ87848311751921", "amount": 2143.79, "currency": "USD", "type": "NORMAL"}
{"transaction_id": "6f551593-5fea-4363-80a6-d7db4dc91920", "timestamp": "2026-08-22T14:02:45.543912", "sender_account": "GKOO36379143283440", "receiver_account": "VPQE19399427637466", "amount": 1116.01, "currency": "USD", "type": "NORMAL"}
{"transaction_id": "8dc86061-7422-40b6-9db3-369909f81aec", "timestamp": "2026-08-22T14:02:46.544857", "sender_account": "ZQRY82107849082085", "receiver_account": "FLWW48003862994101", "amount": 3671.12, "currency": "USD", "type": "NORMAL"}
{"transaction_id": "b4728fd8-4e71-4751-96c5-1589c0464638", "timestamp": "2026-08-22T14:02:47.546071", "sender_account": "KNAU16349393570336", "receiver_account": "BLTT28136406266695", "amount": 929.26, "currency": "USD", "type": "NORMAL"}
{"transaction_id": "07aa0b6b-ff07-416c-9f96-7f01f202e23a", "timestamp": "2026-08-22T14:02:48.546879", "sender_account": "MPYG47417771988920", "receiver_account": "KOVQ87848311751921", "amount": 2915.04, "currency": "USD", "type": "NORMAL"}
{"transaction_id": "ef8fb256-cd44-49a1-9397-156a953f0199", "timestamp": "2026-08-22T14:02:49.547533", "sender_account": "HNVF64891754144366", "receiver_account": "KOVQ87848311751921", "amount": 4309.67, "currency": "USD", "type": "NORMAL"}
{"transaction_id": "15d4f477-626d-44c3-8b99-8af17ce3c5ab", "timestamp": "2026-08-22T14:02:50.548414", "sender_account": "ZFKA83364609539681", "receiver_account": "HNVF64891754144366", "amount": 2612.13, "currency": "USD", "type": "NORMAL"}
{"transaction_id": "e0ab2974-641f-49f0-bba0-ee73b076668b", "timestamp": "2026-08-22T14:02:51.549077", "sender_account": "SNQR02825333527062", "receiver_account": "GIBZ40473797020174", "amount": 9900.0, "currency": "USD", "type": "FRAUD_PLACEMENT"}
{"transaction_id": "4c742a00-6d30-479a-af6e-5aa1e525779f", "timestamp": "2026-08-22T14:02:51.549129", "sender_account": "GIBZ40473797020174", "receiver_account": "TKNE95981619733116", "amount": 9900.0, "currency": "USD", "type": "FRAUD_LAYERING"}
{"transaction_id": "666365a8-8819-4f6f-8130-5c5cfdae61a1", "timestamp": "2026-08-22T14:02:52.550405", "sender_account": "SOBM80491499457608", "receiver_account": "OONT57623890878105", "amount": 4093.31, "currency": "USD", "type": "NORMAL"}
{"transaction_id": "12ca763f-1873-465c-834b-bdc66ef983b3", "timestamp": "2026-08-22T14:02:53.552078", "sender_account": "SOBM80491499457608", "receiver_account": "IFXC26846099455699", "amount": 1505.71, "currency": "USD", "type": "NORMAL"}
{"transaction_id": "fda67316-f5d5-4ba4-9e6f-10077ec64ceb", "timestamp": "2026-08-22T14:02:54.553177", "sender_account": "VNZI08329609359985", "receiver_account": "GIBZ40473797020174", "amount": 4575.3, "currency": "USD", "type": "NORMAL"}
{"transaction_id": "7bf92431-7225-4147-a301-92d8b9ac3938", "timestamp": "2026-08-22T14:02:55.554056", "sender_account": "GLIT62311059003233", "receiver_account": "QOSV59129264416433", "amount": 4148.24, "currency": "USD", "type": "NORMAL"}
{"transaction_id": "d3c25ac3-c97e-403d-bd3d-db8fb1c3cde8", "timestamp": "2026-08-22T14:02:56.554989", "sender_account": "ITUW94328852809457", "receiver_account": "ZWCH93320854773187", "amount": 4507.37, "currency": "USD", "type": "NORMAL"}
{"transaction_id": "6db874f0-891c-470e-b2e0-87278fa80609", "timestamp": "2026-08-22T14:02:57.555631", "sender_account": "ZBAV57583531826293", "receiver_account": "GIBZ40473797020174", "amount": 9900.0, "currency": "USD", "type": "FRAUD_PLACEMENT"}
{"transaction_id": "76928294-932e-447e-909e-b1af6ceb539f", "timestamp": "2026-08-22T14:02:57.555676", "sender_account": "GIBZ40473797020174", "receiver_account": "TKNE95981619733116", "amount": 9900.0, "currency": "USD", "type": "FRAUD_LAYERING"}
{"transaction_id": "ecc0a342-7ebf-411b-abfa-f628e3505cce", "timestamp": "2026-08-22T14:02:58.556962", "sender_account": "ONTE15993666350518", "receiver_account": "VPQE19399427637466", "amount": 9900.0, "currency": "USD", "type": "FRAUD_PLACEMENT"}
{"transaction_id": "a9e61d83-9188-4503-b41b-9393edce1a3a", "timestamp": "2026-08-22T14:02:58.557002", "sender_account": "VPQE19399427637466", "receiver_account": "TKNE95981619733116", "amount": 9900.0, "currency": "USD", "type": "FRAUD_LAYERING"}
{"transaction_id": "f0f25323-c246-4b67-94eb-ac867e31c97f", "timestamp": "2026-08-22T14:02:59.557994", "sender_account": "ZGYE32529717670955", "receiver_account": "HAZZ16939678914701", "amount": 3635.47, "currency": "USD", "type": "NORMAL"}
{"transaction_id": "3d252f10-2b7e-4c62-b083-35779a9f3468", "timestamp": "2026-08-22T14:03:00.558651", "sender_account": "OBST45783212332050", "receiver_account": "POPI60802500302561", "amount": 3387.8, "currency": "USD", "type": "NORMAL"}
{"transaction_id": "9909e5c1-0864-41aa-9c1e-3269243fe2b2", "timestamp": "2026-08-22T14:03:01.559322", "sender_account": "RZVP21155505850037", "receiver_account": "OBST45783212332050", "amount": 9900.0, "currency": "USD", "type": "FRAUD_PLACEMENT"}
{"transaction_id": "57263a91-7f33-450c-b504-baae8e319fb2", "timestamp": "2026-08-22T14:03:01.559364", "sender_account": "OBST45783212332050", "receiver_account": "TKNE95981619733116", "amount": 9900.0, "currency": "USD", "type": "FRAUD_LAYERING"}
{"transaction_id": "1c89259a-7256-49be-b57d-f61060baef0e", "timestamp": "2026-08-22T14:03:02.561707", "sender_account": "BMWQ07401602650724", "receiver_account": "RTKW81167619321392", "amount": 2258.26, "currency": "USD", "type": "NORMAL"}
{"transaction_id": "14d7e693-1c72-4b16-9a73-2f28389f4e3f", "timestamp": "2026-08-22T14:03:03.563155", "sender_account": "SNQR02825333527062", "receiver_account": "VPQE19399427637466", "amount": 9900.0, "currency": "USD", "type": "FRAUD_PLACEMENT"}
{"transaction_id": "439bcf30-abe5-468a-abf4-c2b358505f44", "timestamp": "2026-08-22T14:03:03.563192", "sender_account": "VPQE19399427637466", "receiver_account": "TKNE95981619733116", "amount": 9900.0, "currency": "USD", "type": "FRAUD_LAYERING"}
{"transaction_id": "eb6b13fb-bb0d-4cca-b4cb-b753d757af76", "timestamp": "2026-08-22T14:03:04.564004", "sender_account": "UIUQ30880043964264", "receiver_account": "WCLE91496399180753", "amount": 3263.83, "currency": "USD", "type": "NORMAL"}
{"transaction_id": "23e6eb1b-6f8b-4b13-961a-d7b1e9e2eb41", "timestamp": "2026-08-22T14:03:05.564819", "sender_account": "PCEW62562572220429", "receiver_account": "TYZA12395659119598", "amount": 9900.0, "currency": "USD", "type": "FRAUD_PLACEMENT"}
{"transaction_id": "67a9822e-06e5-4063-8067-110342e5b85e", "timestamp": "2026-08-22T14:03:05.564839", "sender_account": "TYZA12395659119598", "receiver_account": "TKNE95981619733116", "amount": 9900.0, "currency": "USD", "type": "FRAUD_LAYERING"}
{"transaction_id": "23679901-60ee-4658-b21b-93efa58fa293", "timestamp": "2026-08-22T14:03:06.565355", "sender_account": "ZMWS54714289381237", "receiver_account": "VPQE19399427637466", "amount": 9900.0, "currency": "USD", "type": "FRAUD_PLACEMENT"}
{"transaction_id": "83ea30be-1349-4a86-9a24-b71238b92490", "timestamp": "2026-08-22T14:03:06.565383", "sender_account": "VPQE19399427637466", "receiver_account": "TKNE95981619733116", "amount": 9900.0, "currency": "USD", "type": "FRAUD_LAYERING"}
{"transaction_id": "ba3c8ae0-6d4b-4ae5-8b81-54fded080c65", "timestamp": "2026-08-22T14:03:07.566509", "sender_account": "UIUQ30880043964264", "receiver_account": "QJTE47754309425360", "amount": 2204.76, "currency": "USD", "type": "NORMAL"}
{"transaction_id": "9b70f3ac-c9ee-409e-8f04-3053af7cef2f", "timestamp": "2026-08-22T14:03:08.567199", "sender_account": "SOBM80491499457608", "receiver_account": "FLWW48003862994101", "amount": 3374.33, "currency": "USD", "type": "NORMAL"}
{"transaction_id": "2f10a61a-a056-4716-8aaf-26504cb3dfc6", "timestamp": "2026-08-22T14:03:09.573754", "sender_account": "TYUO44513722171270", "receiver_account": "BWKA78710027600682", "amount": 2275.25, "currency": "USD", "type": "NORMAL"}
{"transaction_id": "91702794-99e2-4f47-ad7a-d1219a33ce29", "timestamp": "2026-08-22T14:03:10.575237", "sender_account": "BLTT28136406266695", "receiver_account": "TYZA12395659119598", "amount": 9900.0, "currency": "USD", "type": "FRAUD_PLACEMENT"}
{"transaction_id": "3c382bb1-d386-4551-957a-f914ff42c7be", "timestamp": "2026-08-22T14:03:10.575271", "sender_account": "TYZA12395659119598", "receiver_account": "TKNE95981619733116", "amount": 9900.0, "currency": "USD", "type": "FRAUD_LAYERING"}
{"transaction_id": "6411948b-55f9-42aa-9996-c647773c517b", "timestamp": "2026-08-22T14:03:11.576073", "sender_account": "QTXV40623378585875", "receiver_account": "VALP74928055025578", "amount": 2663.33, "currency": "USD", "type": "NORMAL"}
{"transaction_id": "607e3105-3139-4168-8ad7-a97073f86379", "timestamp": "2026-08-22T14:03:12.576785", "sender_account": "YXRF85957215814306", "receiver_account": "WCLE91496399180753", "amount": 1511.51, "currency": "USD", "type": "NORMAL"}
{"transaction_id": "7c6adb09-96c0-40cf-8d7c-8d59a8169c6d", "timestamp": "2026-08-22T14:03:13.578464", "sender_account": "MIJN31964293863181", "receiver_account": "OCPV45827561184835", "amount": 2601.14, "currency": "USD", "type": "NORMAL"}
{"transaction_id": "d82ee48c-4e32-4dcd-b2dd-1e5751f16ced", "timestamp": "2026-08-22T14:03:14.579531", "sender_account": "FLWW48003862994101", "receiver_account": "SNQR02825333527062", "amount": 3052.61, "currency": "USD", "type": "NORMAL"}
{"transaction_id": "26ba0f51-7d1a-4459-8ac6-72089623674a", "timestamp": "2026-08-22T14:03:15.580369", "sender_account": "IQWF66011720786197", "receiver_account": "POPI60802500302561", "amount": 2516.95, "currency": "USD", "type": "NORMAL"}
{"transaction_id": "5fe517ea-dc56-4b67-88fe-328dd2a62478", "timestamp": "2026-08-22T14:03:16.581383", "sender_account": "YIRQ99574502470842", "receiver_account": "ITUW94328852809457", "amount": 2651.95, "currency": "USD", "type": "NORMAL"}
{"transaction_id": "329e5c1b-60b8-427c-a3f4-d75347d17d48", "timestamp": "2026-08-22T14:03:17.582447", "sender_account": "GLIT62311059003233", "receiver_account": "EUPF21042455172540", "amount": 1619.27, "currency": "USD", "type": "NORMAL"}
{"transaction_id": "abbef23b-024c-419a-9644-4ee8cfbdd93c", "timestamp": "2026-08-22T14:03:18.583324", "sender_account": "KNAU16349393570336", "receiver_account": "IVEN85122238604633", "amount": 1896.68, "currency": "USD", "type": "NORMAL"}
{"transaction_id": "a6dd5123-fc78-41a6-8f63-6bf50dfbb560", "timestamp": "2026-08-22T14:03:19.584203", "sender_account": "ECDH75774390227986", "receiver_account": "BATQ26066122589537", "amount": 1101.28, "currency": "USD", "type": "NORMAL"}
{"transaction_id": "8b618e07-ed56-49df-8bb2-73a1e66346fa", "timestamp": "2026-08-22T14:03:20.585426", "sender_account": "EUPF21042455172540", "receiver_account": "VNZI08329609359985", "amount": 3424.87, "currency": "USD", "type": "NORMAL"}
{"transaction_id": "0734936d-d869-406b-ad62-c16eb2dba3a4", "timestamp": "2026-08-22T14:03:21.586519", "sender_account": "POPI60802500302561", "receiver_account": "VPQE19399427637466", "amount": 9900.0, "currency": "USD", "type": "FRAUD_PLACEMENT"}
{"transaction_id": "e95bcc73-d0f0-45f4-8027-229052716d43", "timestamp": "2026-08-22T14:03:21.586574", "sender_account": "VPQE19399427637466", "receiver_account": "TKNE95981619733116", "amount": 9900.0, "currency": "USD", "type": "FRAUD_LAYERING"}
{"transaction_id": "964aaf6d-94d3-4276-a304-17ea8cc4fade", "timestamp": "2026-08-22T14:03:22.587507", "sender_account": "UJCK66397862919111", "receiver_account": "BWKA78710027600682", "amount": 4901.06, "currency": "USD", "type": "NORMAL"}
{"transaction_id": "a404cf99-b9ae-4dfd-983b-300786e733a4", "timestamp": "2026-08-22T14:03:23.588141", "sender_account": "WSCV53841899351261", "receiver_account": "BARZ06398633576495", "amount": 4431.06, "currency": "USD", "type": "NORMAL"}
{"transaction_id": "e6028928-edff-4960-9468-8856d641c792", "timestamp": "2026-08-22T14:03:24.589026", "sender_account": "UJCK66397862919111", "receiver_account": "UOIY52992373188750", "amount": 2958.34, "currency": "USD", "type": "NORMAL"}
{"transaction_id": "7688984a-c2f4-4097-adfc-a3274cd8dea1", "timestamp": "2026-08-22T14:03:25.589983", "sender_account": "BATQ26066122589537", "receiver_account": "WCLE91496399180753", "amount": 3724.84, "currency": "USD", "type": "NORMAL"}
{"transaction_id": "49f471a1-8491-4d9f-be6b-be94c088cd8f", "timestamp": "2026-08-22T14:03:26.590976", "sender_account": "DRXV24124034784149", "receiver_account": "BARZ06398633576495", "amount": 3756.46, "currency": "USD", "type": "NORMAL"}
{"transaction_id": "32d397e2-4829-4d63-975a-cf4af90fac3a", "timestamp": "2026-08-22T14:03:27.598961", "sender_account": "JGKZ81762083124666", "receiver_account": "HNVF64891754144366", "amount": 2541.78, "currency": "USD", "type": "NORMAL"}
{"transaction_id": "d38eec68-25d9-4123-bc08-fe413b20d809", "timestamp": "2026-08-22T14:03:28.599922", "sender_account": "ZFKA83364609539681", "receiver_account": "TYUO44513722171270", "amount": 1760.22, "currency": "USD", "type": "NORMAL"}
{"transaction_id": "984668ce-696a-42aa-8e6e-47c8b5bb8712", "timestamp": "2026-08-22T14:03:29.600638", "sender_account": "GIBZ40473797020174", "receiver_account": "BWKA78710027600682", "amount": 239.0, "currency": "USD", "type": "NORMAL"}
{"transaction_id": "a3b1dedf-8072-449d-b87a-43d9561a7539", "timestamp": "2026-08-22T14:03:30.601373", "sender_account": "BMWQ07401602650724", "receiver_account": "XMJK82504694562095", "amount": 2944.5, "currency": "USD", "type": "NORMAL"}
{"transaction_id": "234fe879-65ec-4cfe-86c9-ffbacce7fb61", "timestamp": "2026-08-22T14:03:31.602147", "sender_account": "GIBZ40473797020174", "receiver_account": "PCEW62562572220429", "amount": 2969.8, "currency": "USD", "type": "NORMAL"}
{"transaction_id": "c0e75a0d-3ddb-45e1-92bf-57887e14cc83", "timestamp": "2026-08-22T14:03:32.603433", "sender_account": "REUU89703871611287", "receiver_account": "OBST45783212332050", "amount": 9900.0, "currency": "USD", "type": "FRAUD_PLACEMENT"}
{"transaction_id": "41a24fce-4204-49cf-b07c-b5ccfbea617c", "timestamp": "2026-08-22T14:03:32.603477", "sender_account": "OBST45783212332050", "receiver_account": "TKNE95981619733116", "amount": 9900.0, "currency": "USD", "type": "FRAUD_LAYERING"}
{"transaction_id": "47f7ecba-0454-44a5-8a53-dd812b403d9f", "timestamp": "2026-08-22T14:03:33.604348", "sender_account": "IFXC26846099455699", "receiver_account": "ZFKA83364609539681", "amount": 3353.55, "currency": "USD", "type": "NORMAL"}
{"transaction_id": "9cee08f2-4781-4057-b81a-b546cfae3556", "timestamp": "2026-08-22T14:03:34.605151", "sender_account": "QOSV59129264416433", "receiver_account": "GLIT62311059003233", "amount": 795.02, "currency": "USD", "type": "NORMAL"}
{"transaction_id": "ba529c60-cead-4c19-a1db-65566df3e07a", "timestamp": "2026-08-22T14:03:35.605827", "sender_account": "ECDH75774390227986", "receiver_account": "TYZA12395659119598", "amount": 9900.0, "currency": "USD", "type": "FRAUD_PLACEMENT"}
{"transaction_id": "ffbb6676-a57c-47bc-8c9f-177ec7eba7b3", "timestamp": "2026-08-22T14:03:35.605862", "sender_account": "TYZA12395659119598", "receiver_account": "TKNE95981619733116", "amount": 9900.0, "currency": "USD", "type": "FRAUD_LAYERING"}
{"transaction_id": "60bc043f-b65b-45c3-9521-8e43731dce49", "timestamp": "2026-08-22T14:03:36.607176", "sender_account": "POPI60802500302561", "receiver_account": "VPQE19399427637466", "amount": 9900.0, "currency": "USD", "type": "FRAUD_PLACEMENT"}
{"transaction_id": "0236c394-ba1b-4bf6-a1cf-f46d14d2edd5", "timestamp": "2026-08-22T14:03:36.607247", "sender_account": "VPQE19399427637466", "receiver_account": "TKNE95981619733116", "amount": 9900.0, "currency": "USD", "type": "FRAUD_LAYERING"}
{"transaction_id": "05c36681-1ad7-4f8f-aaa3-b0cc09dd1825", "timestamp": "2026-08-22T14:03:37.608250", "sender_account": "REUU89703871611287", "receiver_account": "VPQE19399427637466", "amount": 9900.0, "currency": "USD", "type": "FRAUD_PLACEMENT"}
{"transaction_id": "422aa19e-6c23-4b26-ad3e-7be8469b6352", "timestamp": "2026-08-22T14:03:37.608320", "sender_account": "VPQE19399427637466", "receiver_account": "TKNE95981619733116", "amount": 9900.0, "currency": "USD", "type": "FRAUD_LAYERING"}
{"transaction_id": "7b69f411-e447-461d-8d09-70b9f4a12a0c", "timestamp": "2026-08-22T14:03:38.609159", "sender_account": "XMJK82504694562095", "receiver_account": "FOBA45363711762614", "amount": 2258.02, "currency": "USD", "type": "NORMAL"}
{"transaction_id": "1d8c108f-5eb2-4e74-8df4-7b7f52d79ef3", "timestamp": "2026-08-22T14:03:39.609930", "sender_account": "XMJK82504694562095", "receiver_account": "YXRF85957215814306", "amount": 3685.98, "currency": "USD", "type": "NORMAL"}
{"transaction_id": "d91681dc-a5e2-405c-912b-1279d0aa96c9", "timestamp": "2026-08-22T14:03:40.610981", "sender_account": "MLNT98933143420708", "receiver_account": "VALP74928055025578", "amount": 3086.04, "currency": "USD", "type": "NORMAL"}
{"transaction_id": "cf96fe36-7143-4be9-9a16-52921db347f2", "timestamp": "2026-08-22T14:03:41.612200", "sender_account": "MREZ94532505100354", "receiver_account": "ZGMR58754809663746", "amount": 3821.64, "currency": "USD", "type": "NORMAL"}
{"transaction_id": "9bc4dd63-698b-45ae-bb65-81caa1d0d0be", "timestamp": "2026-08-22T14:03:42.613366", "sender_account": "PCEW62562572220429", "receiver_account": "ZISS86727170516266", "amount": 552.0, "currency": "USD", "type": "NORMAL"}
{"transaction_id": "8bfcf194-f7f0-4597-bfbf-a53ff0d8118f", "timestamp": "2026-08-22T14:03:43.614494", "sender_account": "VPQE19399427637466", "receiver_account": "MPYG47417771988920", "amount": 3765.38, "currency": "USD", "type": "NORMAL"}
{"transaction_id": "c7ca3e20-4d49-4201-9d33-f46551b5d408", "timestamp": "2026-08-22T14:03:44.615610", "sender_account": "JHOE55271525311673", "receiver_account": "GKOO36379143283440", "amount": 737.27, "currency": "USD", "type": "NORMAL"}
{"transaction_id": "0b989a63-005a-491a-b1f9-56faae42a325", "timestamp": "2026-08-22T14:03:45.616620", "sender_account": "QNGB06866193861206", "receiver_account": "FOKF83913028698195", "amount": 1732.76, "currency": "USD", "type": "NORMAL"}
{"transaction_id": "828dac4b-f72c-4b89-9218-af3f65879550", "timestamp": "2026-08-22T14:03:46.617724", "sender_account": "FOBA45363711762614", "receiver_account": "HQYC61658237444874", "amount": 2819.41, "currency": "USD", "type": "NORMAL"}
{"transaction_id": "21ed0709-935c-479b-8e32-6d66bdb60902", "timestamp": "2026-08-22T14:03:47.619124", "sender_account": "ZGMR58754809663746", "receiver_account": "VPQE19399427637466", "amount": 1614.0, "currency": "USD", "type": "NORMAL"}
{"transaction_id": "09487c42-ebf5-4026-b2a1-ca2ab7a27f97", "timestamp": "2026-08-22T14:03:48.619817", "sender_account": "GKOO36379143283440", "receiver_account": "BMWQ07401602650724", "amount": 9900.0, "currency": "USD", "type": "FRAUD_PLACEMENT"}
{"transaction_id": "e6172e8c-9d86-442b-ac5c-c67ea7ddf855", "timestamp": "2026-08-22T14:03:48.619866", "sender_account": "BMWQ07401602650724", "receiver_account": "TKNE95981619733116", "amount": 9900.0, "currency": "USD", "type": "FRAUD_LAYERING"}
{"transaction_id": "726a06a4-dd77-4539-b916-a0dbc0029838", "timestamp": "2026-08-22T14:03:49.622705", "sender_account": "FLWW48003862994101", "receiver_account": "WCLE91496399180753", "amount": 3416.31, "currency": "USD", "type": "NORMAL"}
{"transaction_id": "42b5ed1f-9c54-42bf-87fc-9e4b12f74682", "timestamp": "2026-08-22T14:03:50.623902", "sender_account": "TYUO44513722171270", "receiver_account": "YHPD62845950258653", "amount": 2342.49, "currency": "USD", "type": "NORMAL"}
{"transaction_id": "73512236-fe0d-4d69-9656-5fa53a4173b4", "timestamp": "2026-08-22T14:03:51.624577", "sender_account": "FXIM87758079103884", "receiver_account": "UJCK66397862919111", "amount": 4008.53, "currency": "USD", "type": "NORMAL"}
{"transaction_id": "3c22a419-dc6f-49ae-92c1-cf2038864e67", "timestamp": "2026-08-22T14:03:52.625440", "sender_account": "ZADP42098975580841", "receiver_account": "MLNT98933143420708", "amount": 209.49, "currency": "USD", "type": "NORMAL"}
{"transaction_id": "c53ec6bd-c2b2-4fe7-b742-d562cef74790", "timestamp": "2026-08-22T14:03:53.626725", "sender_account": "DGWO81624487946464", "receiver_account": "ZQRY82107849082085", "amount": 484.93, "currency": "USD", "type": "NORMAL"}
{"transaction_id": "9a1b6528-04da-453a-b977-02aa3deecab2", "timestamp": "2026-08-22T14:03:54.627672", "sender_account": "HQYC61658237444874", "receiver_account": "EUPF21042455172540", "amount": 4089.84, "currency": "USD", "type": "NORMAL"}
{"transaction_id": "feb4e67c-a595-439f-ae7c-b9fbdef46315", "timestamp": "2026-08-22T14:03:55.628672", "sender_account": "MGQC27256683991625", "receiver_account": "ZADP42098975580841", "amount": 4908.65, "currency": "USD", "type": "NORMAL"}
{"transaction_id": "33d94208-3e81-45c4-a406-b3db6491379a", "timestamp": "2026-08-22T14:03:56.629607", "sender_account": "NRLN08377251537949", "receiver_account": "KNAU16349393570336", "amount": 2860.78, "currency": "USD", "type": "NORMAL"}
{"transaction_id": "e340d1a0-d8ce-4224-a1a2-fe7af7c31dda", "timestamp": "2026-08-22T14:03:57.630364", "sender_account": "SNQR02825333527062", "receiver_account": "GIBZ40473797020174", "amount": 9900.0, "currency": "USD", "type": "FRAUD_PLACEMENT"}
{"transaction_id": "06b32803-966f-4a67-81fd-3bbcc454b37a", "timestamp": "2026-08-22T14:03:57.630409", "sender_account": "GIBZ40473797020174", "receiver_account": "TKNE95981619733116", "amount": 9900.0, "currency": "USD", "type": "FRAUD_LAYERING"}
{"transaction_id": "7e16a554-a37d-4670-be5d-84c52d1dcb23", "timestamp": "2026-08-22T14:03:58.631503", "sender_account": "FOKF83913028698195", "receiver_account": "XMJK82504694562095", "amount": 1812.28, "currency": "USD", "type": "NORMAL"}
{"transaction_id": "1dddad39-9833-4d3e-844c-a11b086336af", "timestamp": "2026-08-22T14:03:59.632755", "sender_account": "QOSV59129264416433", "receiver_account": "MIJN31964293863181", "amount": 4773.84, "currency": "USD", "type": "NORMAL"}
{"transaction_id": "b9f2a13d-3998-40b4-bdef-40b36683821d", "timestamp": "2026-08-22T14:04:00.633544", "sender_account": "REUU89703871611287", "receiver_account": "GIBZ40473797020174", "amount": 9900.0, "currency": "USD", "type": "FRAUD_PLACEMENT"}
{"transaction_id": "8b1f03fa-7881-4231-9164-5fd45647d8bc", "timestamp": "2026-08-22T14:04:00.633578", "sender_account": "GIBZ40473797020174", "receiver_account": "TKNE95981619733116", "amount": 9900.0, "currency": "USD", "type": "FRAUD_LAYERING"}
{"transaction_id": "aea83bdd-d263-4d20-a88a-8c058b359dde", "timestamp": "2026-08-22T14:04:01.634930", "sender_account": "GLIT62311059003233", "receiver_account": "MFRJ31603040538232", "amount": 3478.97, "currency": "USD", "type": "NORMAL"}
{"transaction_id": "f7de7958-0882-4b4e-ac67-b46844dd6514", "timestamp": "2026-08-22T14:04:02.636072", "sender_account": "BATQ26066122589537", "receiver_account": "ZADP42098975580841", "amount": 3582.94, "currency": "USD", "type": "NORMAL"}
{"transaction_id": "c856bb79-2bc5-4efa-9c49-a616f3aacc8e", "timestamp": "2026-08-22T14:04:03.637092", "sender_account": "VNZI08329609359985", "receiver_account": "IVEN85122238604633", "amount": 3767.91, "currency": "USD", "type": "NORMAL"}
{"transaction_id": "872f4784-052d-45ce-b688-db100d03dbaf", "timestamp": "2026-08-22T14:04:04.638172", "sender_account": "TKCO15830034158606", "receiver_account": "SOBM80491499457608", "amount": 1884.46, "currency": "USD", "type": "NORMAL"}
{"transaction_id": "51d9ad74-7ce6-45d6-935c-cac3ee04cba3", "timestamp": "2026-08-22T14:04:05.639175", "sender_account": "CDPO86269475852321", "receiver_account": "YXRF85957215814306", "amount": 3761.79, "currency": "USD", "type": "NORMAL"}
{"transaction_id": "95971d09-f1a6-40b8-af69-5ab2329a192e", "timestamp": "2026-08-22T14:04:06.640244", "sender_account": "VALP74928055025578", "receiver_account": "IFXC26846099455699", "amount": 3345.72, "currency": "USD", "type": "NORMAL"}
{"transaction_id": "4f5c750d-51c7-45f6-a922-5f4a58953f66", "timestamp": "2026-08-22T14:04:07.641182", "sender_account": "WQIV41315931568868", "receiver_account": "RZVP21155505850037", "amount": 4756.01, "currency": "USD", "type": "NORMAL"}
{"transaction_id": "11f01a71-6c8b-423c-864a-83f3a029d4d7", "timestamp": "2026-08-22T14:04:08.642050", "sender_account": "QTXV40623378585875", "receiver_account": "GIBZ40473797020174", "amount": 2311.08, "currency": "USD", "type": "NORMAL"}
{"transaction_id": "0b7934ec-0e33-4312-83ac-40aeadfa873b", "timestamp": "2026-08-22T14:04:09.643125", "sender_account": "HQYC61658237444874", "receiver_account": "VNZI08329609359985", "amount": 4543.45, "currency": "USD", "type": "NORMAL"}
{"transaction_id": "32974c5e-1a4e-4d45-b9c3-2e05cd007fbe", "timestamp": "2026-08-22T14:04:10.643917", "sender_account": "ZADP42098975580841", "receiver_account": "BMWQ07401602650724", "amount": 9900.0, "currency": "USD", "type": "FRAUD_PLACEMENT"}
{"transaction_id": "2a8d42c1-dc88-41f3-866a-f87eeb26af29", "timestamp": "2026-08-22T14:04:10.643956", "sender_account": "BMWQ07401602650724", "receiver_account": "TKNE95981619733116", "amount": 9900.0, "currency": "USD", "type": "FRAUD_LAYERING"}
{"transaction_id": "8b061323-189d-4016-a322-35d13f835981", "timestamp": "2026-08-22T14:04:11.644819", "sender_account": "BMWQ07401602650724", "receiver_account": "RZVP21155505850037", "amount": 673.61, "currency": "USD", "type": "NORMAL"}
{"transaction_id": "d7780aa9-e520-4b06-848b-3c9f7ca1f6b0", "timestamp": "2026-08-22T14:04:12.645575", "sender_account": "TYZA12395659119598", "receiver_account": "WQIV41315931568868", "amount": 2643.24, "currency": "USD", "type": "NORMAL"}
{"transaction_id": "1c93c7dd-b315-4d0f-962d-1789993050af", "timestamp": "2026-08-22T14:04:13.646327", "sender_account": "JRIS76694227569281", "receiver_account": "MPYG47417771988920", "amount": 2917.0, "currency": "USD", "type": "NORMAL"}
{"transaction_id": "f2aba314-bb64-4101-92bd-8602fc00c23c", "timestamp": "2026-08-22T14:04:14.647534", "sender_account": "YRYY89437144222231", "receiver_account": "ZVIU98542550975060", "amount": 4968.16, "currency": "USD", "type": "NORMAL"}
{"transaction_id": "1bc5af92-eed4-4f15-87b6-8280125ad3b0", "timestamp": "2026-08-22T14:04:15.648273", "sender_account": "PCEW62562572220429", "receiver_account": "BMWQ07401602650724", "amount": 9900.0, "currency": "USD", "type": "FRAUD_PLACEMENT"}
{"transaction_id": "fe723913-95b9-4697-a1fc-8161ad4bda2c", "timestamp": "2026-08-22T14:04:15.648329", "sender_account": "BMWQ07401602650724", "receiver_account": "TKNE95981619733116", "amount": 9900.0, "currency": "USD", "type": "FRAUD_LAYERING"}
{"transaction_id": "9c584827-705e-44bf-a73f-8ab325af5274", "timestamp": "2026-08-22T14:04:16.649645", "sender_account": "DSOS96311899642368", "receiver_account": "VPQE19399427637466", "amount": 4748.08, "currency": "USD", "type": "NORMAL"}
{"transaction_id": "e285f00a-c43c-4428-bf55-2d73238fb931", "timestamp": "2026-08-22T14:04:17.650427", "sender_account": "BWKA78710027600682", "receiver_account": "EJZC41691668687807", "amount": 3094.9, "currency": "USD", "type": "NORMAL"}
{"transaction_id": "85d55277-d683-4e26-bce1-716155f0ab60", "timestamp": "2026-08-22T14:04:18.651322", "sender_account": "VNZI08329609359985", "receiver_account": "BWKA78710027600682", "amount": 3026.84, "currency": "USD", "type": "NORMAL"}
{"transaction_id": "79af9859-44fd-4df3-924c-c70d65f8732d", "timestamp": "2026-08-22T14:04:19.652406", "sender_account": "DRXV24124034784149", "receiver_account": "TYUO44513722171270", "amount": 3290.18, "currency": "USD", "type": "NORMAL"}
{"transaction_id": "55f0b5f3-14dd-4b5e-b1a3-fcdec456bf81", "timestamp": "2026-08-22T14:04:20.653096", "sender_account": "HNVF64891754144366", "receiver_account": "VPQE19399427637466", "amount": 9900.0, "currency": "USD", "type": "FRAUD_PLACEMENT"}
{"transaction_id": "f1b379ba-d702-459d-a7db-b1d077de6ed5", "timestamp": "2026-08-22T14:04:20.653144", "sender_account": "VPQE19399427637466", "receiver_account": "TKNE95981619733116", "amount": 9900.0, "currency": "USD", "type": "FRAUD_LAYERING"}
{"transaction_id": "47df52f9-2aea-4bf0-87a6-25f666ad1f34", "timestamp": "2026-08-22T14:04:21.654332", "sender_account": "WSCV53841899351261", "receiver_account": "BTCE30031727194183", "amount": 216.65, "currency": "USD", "type": "NORMAL"}
{"transaction_id": "1f6bce96-8e88-4de2-87fc-0715711f2aad", "timestamp": "2026-08-22T14:04:22.655279", "sender_account": "GLIT62311059003233", "receiver_account": "ZADP42098975580841", "amount": 3940.36, "currency": "USD", "type": "NORMAL"}
{"transaction_id": "6428c235-da15-4685-a765-c66f54c3d1f2", "timestamp": "2026-08-22T14:04:23.656169", "sender_account": "OBST45783212332050", "receiver_account": "ZBAV57583531826293", "amount": 2310.69, "currency": "USD", "type": "NORMAL"}
{"transaction_id": "2207ee05-7133-4fa7-a980-ff10cb0295b6", "timestamp": "2026-08-22T14:04:24.656954", "sender_account": "VNZI08329609359985", "receiver_account": "BLTT28136406266695", "amount": 1937.54, "currency": "USD", "type": "NORMAL"}
{"transaction_id": "30dcbd36-6cef-426b-becb-d2784c7e158d", "timestamp": "2026-08-22T14:04:25.658014", "sender_account": "BTCE30031727194183", "receiver_account": "WIYV91633626744584", "amount": 4629.54, "currency": "USD", "type": "NORMAL"}
{"transaction_id": "c8557e31-9f36-4a41-a9e8-3800c40b90e1", "timestamp": "2026-08-22T14:04:26.658763", "sender_account": "IVEN85122238604633", "receiver_account": "QJTE47754309425360", "amount": 2660.5, "currency": "USD", "type": "NORMAL"}
{"transaction_id": "118bd1a6-a797-4a6a-a84d-52ceef550711", "timestamp": "2026-08-22T14:04:27.659809", "sender_account": "ZMWS54714289381237", "receiver_account": "SOBM80491499457608", "amount": 4844.19, "currency": "USD", "type": "NORMAL"}
{"transaction_id": "7ea7f088-5904-46fb-a5c6-1bd33306de57", "timestamp": "2026-08-22T14:04:28.660427", "sender_account": "MREZ94532505100354", "receiver_account": "SOBM80491499457608", "amount": 3662.11, "currency": "USD", "type": "NORMAL"}
{"transaction_id": "3e6d79a6-60ad-420f-9a63-71775979b814", "timestamp": "2026-08-22T14:04:29.660987", "sender_account": "FOKF83913028698195", "receiver_account": "VPQE19399427637466", "amount": 9900.0, "currency": "USD", "type": "FRAUD_PLACEMENT"}
{"transaction_id": "e80ed8c5-b667-4cb6-9597-275c710e4398", "timestamp": "2026-08-22T14:04:29.661030", "sender_account": "VPQE19399427637466", "receiver_account": "TKNE95981619733116", "amount": 9900.0, "currency": "USD", "type": "FRAUD_LAYERING"}
{"transaction_id": "509a2f73-9c1c-4676-83c6-8cc86426a0c2", "timestamp": "2026-08-22T14:04:30.661749", "sender_account": "TYZA12395659119598", "receiver_account": "UOIY52992373188750", "amount": 788.47, "currency": "USD", "type": "NORMAL"}
{"transaction_id": "1dfdd955-05d8-4caf-bf37-e4b53cb6328b", "timestamp": "2026-08-22T14:04:31.662555", "sender_account": "UJCK66397862919111", "receiver_account": "FOKF83913028698195", "amount": 3740.79, "currency": "USD", "type": "NORMAL"}
{"transaction_id": "56a7482b-720a-4b33-936a-773d5743f746", "timestamp": "2026-08-22T14:04:32.663138", "sender_account": "WQIV41315931568868", "receiver_account": "HQYC61658237444874", "amount": 3219.65, "currency": "USD", "type": "NORMAL"}
{"transaction_id": "654fb678-7a65-432a-b6b4-4b80f0a0a1e6", "timestamp": "2026-08-22T14:04:33.663789", "sender_account": "BMWQ07401602650724", "receiver_account": "TYUO44513722171270", "amount": 4394.54, "currency": "USD", "type": "NORMAL"}
{"transaction_id": "ffc8ed89-68fd-48c6-af82-b2359fc98e37", "timestamp": "2026-08-22T14:04:34.664720", "sender_account": "POPI60802500302561", "receiver_account": "GLIT62311059003233", "amount": 4358.36, "currency": "USD", "type": "NORMAL"}
{"transaction_id": "8652c27c-d1eb-44fd-adbe-4561f6ce4b16", "timestamp": "2026-08-22T14:04:35.666126", "sender_account": "WCLE91496399180753", "receiver_account": "ZFKA83364609539681", "amount": 1966.97, "currency": "USD", "type": "NORMAL"}
{"transaction_id": "a1920851-caa6-46dc-83da-2070c19c31ec", "timestamp": "2026-08-22T14:04:36.667134", "sender_account": "UJCK66397862919111", "receiver_account": "WKTH11946849130998", "amount": 4402.48, "currency": "USD", "type": "NORMAL"}
{"transaction_id": "1c3bb3b5-ccec-4b30-ae8f-f878c3600fb8", "timestamp": "2026-08-22T14:04:37.668062", "sender_account": "QTXV40623378585875", "receiver_account": "POPI60802500302561", "amount": 3333.0, "currency": "USD", "type": "NORMAL"}
{"transaction_id": "cf3001e9-9a87-493b-bb8b-be9d55d7066a", "timestamp": "2026-08-22T14:04:38.668942", "sender_account": "XMJK82504694562095", "receiver_account": "BMWQ07401602650724", "amount": 9900.0, "currency": "USD", "type": "FRAUD_PLACEMENT"}
{"transaction_id": "a2fd6db8-cbda-4924-ac5e-d7e99af91734", "timestamp": "2026-08-22T14:04:38.668988", "sender_account": "BMWQ07401602650724", "receiver_account": "TKNE95981619733116", "amount": 9900.0, "currency": "USD", "type": "FRAUD_LAYERING"}
{"transaction_id": "01bb2a59-53f3-44c5-9354-5bb8a6928a42", "timestamp": "2026-08-22T14:04:39.670263", "sender_account": "WQIV41315931568868", "receiver_account": "ZGMR58754809663746", "amount": 1840.49, "currency": "USD", "type": "NORMAL"}
{"transaction_id": "54ba3673-2a0e-4638-95a3-8d8b0a2a52a3", "timestamp": "2026-08-22T14:04:40.672073", "sender_account": "REUU89703871611287", "receiver_account": "BLTT28136406266695", "amount": 1797.16, "currency": "USD", "type": "NORMAL"}
{"transaction_id": "71b28171-c853-4f0a-99cb-1ea0b6516dad", "timestamp": "2026-08-22T14:04:41.673001", "sender_account": "QJTE47754309425360", "receiver_account": "WQIV41315931568868", "amount": 3430.46, "currency": "USD", "type": "NORMAL"}
{"transaction_id": "c45d6c53-f821-4481-beec-9d330bfbb806", "timestamp": "2026-08-22T14:04:42.674016", "sender_account": "GKOO36379143283440", "receiver_account": "UOIY52992373188750", "amount": 2421.08, "currency": "USD", "type": "NORMAL"}
{"transaction_id": "ab053ad8-b793-4604-a4ce-fcfb3133e915", "timestamp": "2026-08-22T14:04:43.674978", "sender_account": "GLIT62311059003233", "receiver_account": "CWAH81262579423819", "amount": 102.81, "currency": "USD", "type": "NORMAL"}
{"transaction_id": "3ea6ca30-6760-40f1-be6b-04341b537f2e", "timestamp": "2026-08-22T14:04:44.675866", "sender_account": "DRXV24124034784149", "receiver_account": "ECDH75774390227986", "amount": 1052.74, "currency": "USD", "type": "NORMAL"}
{"transaction_id": "69bddc73-6798-49df-bda7-adced79e68e8", "timestamp": "2026-08-22T14:04:45.676863", "sender_account": "FXIM87758079103884", "receiver_account": "QJTE47754309425360", "amount": 2761.85, "currency": "USD", "type": "NORMAL"}
{"transaction_id": "001fcdfa-a7e2-42d1-b89f-64dba90c8523", "timestamp": "2026-08-22T14:04:46.678046", "sender_account": "KSQR22887690863408", "receiver_account": "ZMWS54714289381237", "amount": 1590.16, "currency": "USD", "type": "NORMAL"}
{"transaction_id": "4f812c99-cfaf-42f7-8070-0d2ee4174e04", "timestamp": "2026-08-22T14:04:47.678997", "sender_account": "RTKW81167619321392", "receiver_account": "GIBZ40473797020174", "amount": 583.1, "currency": "USD", "type": "NORMAL"}
{"transaction_id": "6527e622-fa59-423c-9c39-c7073a3a5c94", "timestamp": "2026-08-22T14:04:48.679621", "sender_account": "OXKV10606491971240", "receiver_account": "UJCK66397862919111", "amount": 3699.01, "currency": "USD", "type": "NORMAL"}
{"transaction_id": "0001c002-e7bd-47d2-94ca-31cf68d6159d", "timestamp": "2026-08-22T14:04:49.680473", "sender_account": "OXKV10606491971240", "receiver_account": "MPYG47417771988920", "amount": 3244.56, "currency": "USD", "type": "NORMAL"}
{"transaction_id": "69a1ed56-b60b-4fdd-9185-bdfac9655ba3", "timestamp": "2026-08-22T14:04:50.681500", "sender_account": "GKOO36379143283440", "receiver_account": "BMWQ07401602650724", "amount": 9900.0, "currency": "USD", "type": "FRAUD_PLACEMENT"}
{"transaction_id": "09d3a7f5-d482-416d-bcf6-f94a89ddfb6f", "timestamp": "2026-08-22T14:04:50.681547", "sender_account": "BMWQ07401602650724", "receiver_account": "TKNE95981619733116", "amount": 9900.0, "currency": "USD", "type": "FRAUD_LAYERING"}
{"transaction_id": "e7cb699f-15f0-4704-987b-cc87de2998f1", "timestamp": "2026-08-22T14:04:51.682849", "sender_account": "TYUO44513722171270", "receiver_account": "MREZ94532505100354", "amount": 1087.16, "currency": "USD", "type": "NORMAL"}
{"transaction_id": "28c9ad3f-9f2e-4749-b88d-0c78d06ec44d", "timestamp": "2026-08-22T14:04:52.683611", "sender_account": "OWJJ95183742153706", "receiver_account": "YXRF85957215814306", "amount": 41.9, "currency": "USD", "type": "NORMAL"}
{"transaction_id": "91c7ab56-6470-40e3-a905-2e9679002bb5", "timestamp": "2026-08-22T14:04:53.684601", "sender_account": "NRLN08377251537949", "receiver_account": "BATQ26066122589537", "amount": 761.88, "currency": "USD", "type": "NORMAL"}
{"transaction_id": "d3bc9b7a-55f3-4165-9adf-c757228ea904", "timestamp": "2026-08-22T14:04:54.685575", "sender_account": "GIBZ40473797020174", "receiver_account": "CDPO86269475852321", "amount": 4333.41, "currency": "USD", "type": "NORMAL"}
{"transaction_id": "02e10950-d182-4d5a-bd8a-5092e1d5b018", "timestamp": "2026-08-22T14:04:55.686244", "sender_account": "HKVV91020206250530", "receiver_account": "WCLE91496399180753", "amount": 138.16, "currency": "USD", "type": "NORMAL"}
{"transaction_id": "d74eecc5-858b-4557-bb09-5953801ebb8f", "timestamp": "2026-08-22T14:04:56.687409", "sender_account": "NRLN08377251537949", "receiver_account": "VNZI08329609359985", "amount": 4491.41, "currency": "USD", "type": "NORMAL"}
{"transaction_id": "34baeca0-1cb6-40bc-9af4-a670d5826b0a", "timestamp": "2026-08-22T14:04:57.688386", "sender_account": "MLNT98933143420708", "receiver_account": "BARZ06398633576495", "amount": 2105.58, "currency": "USD", "type": "NORMAL"}
{"transaction_id": "db835b94-f2d5-4e1f-9700-26dd5a0acbd8", "timestamp": "2026-08-22T14:04:58.689585", "sender_account": "ZADP42098975580841", "receiver_account": "JHOE55271525311673", "amount": 4721.8, "currency": "USD", "type": "NORMAL"}
{"transaction_id": "50ef45fe-fe19-4728-bc4d-8548b1426401", "timestamp": "2026-08-22T14:04:59.690631", "sender_account": "GOHX63551834343537", "receiver_account": "QNGB06866193861206", "amount": 1013.98, "currency": "USD", "type": "NORMAL"}
{"transaction_id": "a1ab77c0-29d1-490f-8cd5-b8f4b3d0990b", "timestamp": "2026-08-22T14:05:00.691773", "sender_account": "WQIV41315931568868", "receiver_account": "JQKJ34058795741041", "amount": 2631.64, "currency": "USD", "type": "NORMAL"}
{"transaction_id": "50e9c207-2837-4a94-90d8-218fd63274ac", "timestamp": "2026-08-22T14:05:01.692582", "sender_account": "BOQG09638950855355", "receiver_account": "ONTE15993666350518", "amount": 192.48, "currency": "USD", "type": "NORMAL"}
{"transaction_id": "5a76325e-c065-4832-8c17-968b8d0acfd4", "timestamp": "2026-08-22T14:05:02.694909", "sender_account": "RZVP21155505850037", "receiver_account": "TYZA12395659119598", "amount": 9900.0, "currency": "USD", "type": "FRAUD_PLACEMENT"}
{"transaction_id": "d30634d0-f4d1-4005-86b6-e3ad5000c01e", "timestamp": "2026-08-22T14:05:02.694977", "sender_account": "TYZA12395659119598", "receiver_account": "TKNE95981619733116", "amount": 9900.0, "currency": "USD", "type": "FRAUD_LAYERING"}
{"transaction_id": "2973a93d-487d-4020-8b38-9aac0c30cf7a", "timestamp": "2026-08-22T14:05:03.699338", "sender_account": "EMXL67993602576108", "receiver_account": "WQIV41315931568868", "amount": 387.66, "currency": "USD", "type": "NORMAL"}
{"transaction_id": "80fd4fe8-030b-4d14-9edf-bbc666a94725", "timestamp": "2026-08-22T14:05:04.700091", "sender_account": "FXIM87758079103884", "receiver_account": "YHPD62845950258653", "amount": 2750.97, "currency": "USD", "type": "NORMAL"}
{"transaction_id": "6167d09a-9711-46fd-8a9b-ee957d411489", "timestamp": "2026-08-22T14:05:05.701006", "sender_account": "WQIV41315931568868", "receiver_account": "OXKV10606491971240", "amount": 947.12, "currency": "USD", "type": "NORMAL"}
{"transaction_id": "3493c455-e76a-42a1-8ee2-e9ec20a77405", "timestamp": "2026-08-22T14:05:06.702113", "sender_account": "ZISS86727170516266", "receiver_account": "WQIV41315931568868", "amount": 4606.41, "currency": "USD", "type": "NORMAL"}
{"transaction_id": "8887d15a-9431-4ecc-bb9f-087797f61769", "timestamp": "2026-08-22T14:05:07.702959", "sender_account": "BLTT28136406266695", "receiver_account": "GIBZ40473797020174", "amount": 9900.0, "currency": "USD", "type": "FRAUD_PLACEMENT"}
{"transaction_id": "6e920056-3f4c-4b1d-a53f-7b8628bd7f9d", "timestamp": "2026-08-22T14:05:07.703001", "sender_account": "GIBZ40473797020174", "receiver_account": "TKNE95981619733116", "amount": 9900.0, "currency": "USD", "type": "FRAUD_LAYERING"}
{"transaction_id": "b69d0777-9f12-43c8-867d-cbdfdc6439fa", "timestamp": "2026-08-22T14:05:08.705062", "sender_account": "UJCK66397862919111", "receiver_account": "OCPV45827561184835", "amount": 4217.67, "currency": "USD", "type": "NORMAL"}
{"transaction_id": "564435f3-df6d-4a49-9b43-f9aed5e8740a", "timestamp": "2026-08-22T14:05:09.705880", "sender_account": "JHOE55271525311673", "receiver_account": "UIUQ30880043964264", "amount": 1860.21, "currency": "USD", "type": "NORMAL"}
{"transaction_id": "e7901a62-6314-4cb8-9efc-d4de297bc9cf", "timestamp": "2026-08-22T14:05:10.707222", "sender_account": "ZBAV57583531826293", "receiver_account": "OBST45783212332050", "amount": 9900.0, "currency": "USD", "type": "FRAUD_PLACEMENT"}
{"transaction_id": "b3bdbc09-3788-4bbc-8ee7-80ca3fe330c3", "timestamp": "2026-08-22T14:05:10.707278", "sender_account": "OBST45783212332050", "receiver_account": "TKNE95981619733116", "amount": 9900.0, "currency": "USD", "type": "FRAUD_LAYERING"}
{"transaction_id": "a2d24ecf-dcbd-4240-b0ea-0e3d1b761059", "timestamp": "2026-08-22T14:05:11.708392", "sender_account": "QJTE47754309425360", "receiver_account": "VALP74928055025578", "amount": 1987.51, "currency": "USD", "type": "NORMAL"}
{"transaction_id": "0053c147-75d0-4907-baa1-ea5b96b326f0", "timestamp": "2026-08-22T14:05:12.709184", "sender_account": "ZVIU98542550975060", "receiver_account": "MIJN31964293863181", "amount": 4510.46, "currency": "USD", "type": "NORMAL"}
{"transaction_id": "85657d3c-734a-4298-b7c3-d68255895f1f", "timestamp": "2026-08-22T14:05:13.709836", "sender_account": "ZISS86727170516266", "receiver_account": "EMXL67993602576108", "amount": 1666.79, "currency": "USD", "type": "NORMAL"}
{"transaction_id": "4815d8a4-c631-4b96-b390-d7b3fcfb21e3", "timestamp": "2026-08-22T14:05:14.710654", "sender_account": "UOIY52992373188750", "receiver_account": "VVRM26534773504180", "amount": 4032.23, "currency": "USD", "type": "NORMAL"}
{"transaction_id": "7f961fa1-08db-45b3-aafa-a10541469616", "timestamp": "2026-08-22T14:05:15.711609", "sender_account": "ZADP42098975580841", "receiver_account": "BMWQ07401602650724", "amount": 9900.0, "currency": "USD", "type": "FRAUD_PLACEMENT"}
{"transaction_id": "8ee6b1ca-425e-4773-9efc-1b8f5000cbfd", "timestamp": "2026-08-22T14:05:15.711652", "sender_account": "BMWQ07401602650724", "receiver_account": "TKNE95981619733116", "amount": 9900.0, "currency": "USD", "type": "FRAUD_LAYERING"}
{"transaction_id": "238e902b-23b2-4cdd-94e5-d2e0ecaa607e", "timestamp": "2026-08-22T14:05:16.712821", "sender_account": "YIRQ99574502470842", "receiver_account": "WCLE91496399180753", "amount": 1198.0, "currency": "USD", "type": "NORMAL"}
{"transaction_id": "3438af30-2021-459f-b364-f1d35054785b", "timestamp": "2026-08-22T14:05:17.713941", "sender_account": "EMXL67993602576108", "receiver_account": "IQWF66011720786197", "amount": 4326.09, "currency": "USD", "type": "NORMAL"}
{"transaction_id": "7610765f-74ad-4861-bc07-c80b754f7a56", "timestamp": "2026-08-22T14:05:18.714781", "sender_account": "BWKA78710027600682", "receiver_account": "REUU89703871611287", "amount": 3487.59, "currency": "USD", "type": "NORMAL"}
{"transaction_id": "e6536293-88d5-4d91-93bc-e2c6a52b4e9c", "timestamp": "2026-08-22T14:05:19.715802", "sender_account": "QTXV40623378585875", "receiver_account": "UQUO78118349294482", "amount": 1190.64, "currency": "USD", "type": "NORMAL"}
{"transaction_id": "471765bd-8e35-483a-893e-07581ae8ad11", "timestamp": "2026-08-22T14:05:20.716732", "sender_account": "YHPD62845950258653", "receiver_account": "REUU89703871611287", "amount": 4534.37, "currency": "USD", "type": "NORMAL"}
{"transaction_id": "d4efb165-5e55-4022-af22-06d4c1a68514", "timestamp": "2026-08-22T14:05:21.718065", "sender_account": "FOKF83913028698195", "receiver_account": "BMWQ07401602650724", "amount": 9900.0, "currency": "USD", "type": "FRAUD_PLACEMENT"}
{"transaction_id": "d5606f11-60d2-4af2-91e2-cb192a887e2e", "timestamp": "2026-08-22T14:05:21.718155", "sender_account": "BMWQ07401602650724", "receiver_account": "TKNE95981619733116", "amount": 9900.0, "currency": "USD", "type": "FRAUD_LAYERING"}
{"transaction_id": "16ea3f6e-3144-4db8-a481-84bb6e3c4465", "timestamp": "2026-08-22T14:05:22.719091", "sender_account": "GOHX63551834343537", "receiver_account": "PALM16133745049607", "amount": 29.79, "currency": "USD", "type": "NORMAL"}
{"transaction_id": "9773d261-02bf-413a-98b2-93cd50e60913", "timestamp": "2026-08-22T14:05:23.719782", "sender_account": "OBST45783212332050", "receiver_account": "PCEW62562572220429", "amount": 4126.39, "currency": "USD", "type": "NORMAL"}
{"transaction_id": "9e558fc5-66db-483c-ab04-05436feb0a2f", "timestamp": "2026-08-22T14:05:24.720480", "sender_account": "ECDH75774390227986", "receiver_account": "VPQE19399427637466", "amount": 9900.0, "currency": "USD", "type": "FRAUD_PLACEMENT"}
{"transaction_id": "fd8916b2-678d-4964-93b5-a6625c05ffb2", "timestamp": "2026-08-22T14:05:24.720515", "sender_account": "VPQE19399427637466", "receiver_account": "TKNE95981619733116", "amount": 9900.0, "currency": "USD", "type": "FRAUD_LAYERING"}
{"transaction_id": "3c3255db-8412-40d5-960f-c5e0a7179cf5", "timestamp": "2026-08-22T14:05:25.721757", "sender_account": "XMJK82504694562095", "receiver_account": "OBST45783212332050", "amount": 9900.0, "currency": "USD", "type": "FRAUD_PLACEMENT"}
{"transaction_id": "ac66335c-5d4a-4c76-a404-509be8c8874c", "timestamp": "2026-08-22T14:05:25.721829", "sender_account": "OBST45783212332050", "receiver_account": "TKNE95981619733116", "amount": 9900.0, "currency": "USD", "type": "FRAUD_LAYERING"}
{"transaction_id": "1e764814-73ec-4c90-9e46-56e1ceb0e342", "timestamp": "2026-08-22T14:05:26.722775", "sender_account": "OONT57623890878105", "receiver_account": "CDPO86269475852321", "amount": 2815.14, "currency": "USD", "type": "NORMAL"}
{"transaction_id": "f631dd5e-6b0c-4fc9-8ab2-4b2481b66831", "timestamp": "2026-08-22T14:05:27.724620", "sender_account": "JGKZ81762083124666", "receiver_account": "TKCO15830034158606", "amount": 4741.6, "currency": "USD", "type": "NORMAL"}
{"transaction_id": "3fe4e7d8-3b62-4226-a5e6-e63fcb891b0c", "timestamp": "2026-08-22T14:05:28.725147", "sender_account": "OONT57623890878105", "receiver_account": "OBST45783212332050", "amount": 4331.78, "currency": "USD", "type": "NORMAL"}
{"transaction_id": "0b37065c-797c-4581-9c9d-acfcc3fd096c", "timestamp": "2026-08-22T14:05:29.725929", "sender_account": "QTXV40623378585875", "receiver_account": "ZFKA83364609539681", "amount": 4073.08, "currency": "USD", "type": "NORMAL"}
{"transaction_id": "7f04b911-7902-4de2-8639-4cdf168bd425", "timestamp": "2026-08-22T14:05:30.726747", "sender_account": "GOHX63551834343537", "receiver_account": "UQUO78118349294482", "amount": 3565.17, "currency": "USD", "type": "NORMAL"}
{"transaction_id": "346ba654-38fb-47b3-98dc-6e079d679908", "timestamp": "2026-08-22T14:05:31.727116", "sender_account": "SNQR02825333527062", "receiver_account": "OBST45783212332050", "amount": 9900.0, "currency": "USD", "type": "FRAUD_PLACEMENT"}
{"transaction_id": "02444d8b-8c70-4312-b436-c20d32e03a6e", "timestamp": "2026-08-22T14:05:31.727142", "sender_account": "OBST45783212332050", "receiver_account": "TKNE95981619733116", "amount": 9900.0, "currency": "USD", "type": "FRAUD_LAYERING"}
{"transaction_id": "f0116acd-a1fe-448c-927e-b57240d09f2f", "timestamp": "2026-08-22T14:05:32.727750", "sender_account": "YIRQ99574502470842", "receiver_account": "KSQR22887690863408", "amount": 1505.77, "currency": "USD", "type": "NORMAL"}
{"transaction_id": "3bef46aa-da63-4c87-ad05-d56d4202ea38", "timestamp": "2026-08-22T14:05:33.728677", "sender_account": "ZGYE32529717670955", "receiver_account": "OWJJ95183742153706", "amount": 4704.71, "currency": "USD", "type": "NORMAL"}
{"transaction_id": "0c9cf72f-c7e0-4faa-8f89-310e9650ebc7", "timestamp": "2026-08-22T14:05:34.729446", "sender_account": "YFVA16193788759614", "receiver_account": "YHPD62845950258653", "amount": 3082.51, "currency": "USD", "type": "NORMAL"}
{"transaction_id": "637da3ea-6394-4385-ad9f-2503bd3672e4", "timestamp": "2026-08-22T14:05:35.730497", "sender_account": "QOSV59129264416433", "receiver_account": "GOHX63551834343537", "amount": 2783.27, "currency": "USD", "type": "NORMAL"}
{"transaction_id": "d3e70e66-db2b-4bf3-a921-6e06828e65a6", "timestamp": "2026-08-22T14:05:36.731224", "sender_account": "YIRQ99574502470842", "receiver_account": "OXKV10606491971240", "amount": 418.37, "currency": "USD", "type": "NORMAL"}
{"transaction_id": "1e8bc216-85e3-49c5-b3bb-04bbe01a5bae", "timestamp": "2026-08-22T14:05:37.731902", "sender_account": "HNVF64891754144366", "receiver_account": "ZRSL02416594373530", "amount": 1888.18, "currency": "USD", "type": "NORMAL"}
{"transaction_id": "921ad156-4b30-47f7-afb6-90b04897edb3", "timestamp": "2026-08-22T14:05:38.733150", "sender_account": "XMJK82504694562095", "receiver_account": "OBST45783212332050", "amount": 9900.0, "currency": "USD", "type": "FRAUD_PLACEMENT"}
{"transaction_id": "cd1abf36-d9dd-46eb-b880-c6a2c0e1e1e9", "timestamp": "2026-08-22T14:05:38.733189", "sender_account": "OBST45783212332050", "receiver_account": "TKNE95981619733116", "amount": 9900.0, "currency": "USD", "type": "FRAUD_LAYERING"}
{"transaction_id": "20a61aa0-5b00-4910-9c5d-f8b37dab9ddf", "timestamp": "2026-08-22T14:05:39.734117", "sender_account": "WIYV91633626744584", "receiver_account": "PCEW62562572220429", "amount": 2121.71, "currency": "USD", "type": "NORMAL"}
{"transaction_id": "37a41829-ba16-4d66-bbb7-e1bbe4ce4726", "timestamp": "2026-08-22T14:05:40.735243", "sender_account": "ZBAV57583531826293", "receiver_account": "IQWF66011720786197", "amount": 3323.26, "currency": "USD", "type": "NORMAL"}
{"transaction_id": "350ed7c4-7149-4b5e-be66-c19248b0b3fc", "timestamp": "2026-08-22T14:05:41.736354", "sender_account": "FOKF83913028698195", "receiver_account": "PALM16133745049607", "amount": 2459.58, "currency": "USD", "type": "NORMAL"}
{"transaction_id": "073894d4-453e-4716-b8a7-9e1346243d41", "timestamp": "2026-08-22T14:05:42.737024", "sender_account": "VPQE19399427637466", "receiver_account": "YHPD62845950258653", "amount": 2232.58, "currency": "USD", "type": "NORMAL"}
{"transaction_id": "24eeaf2c-9535-4e0a-9e3e-6b8499717745", "timestamp": "2026-08-22T14:05:43.737814", "sender_account": "OONT57623890878105", "receiver_account": "ZBAV57583531826293", "amount": 3383.94, "currency": "USD", "type": "NORMAL"}
{"transaction_id": "3c4fa155-666d-421d-a995-c119dcc70783", "timestamp": "2026-08-22T14:05:44.739137", "sender_account": "WKTH11946849130998", "receiver_account": "JGKZ81762083124666", "amount": 4049.32, "currency": "USD", "type": "NORMAL"}
{"transaction_id": "1279f1c7-7ddd-462c-a3c6-89abb7a25a21", "timestamp": "2026-08-22T14:05:45.740740", "sender_account": "RZVP21155505850037", "receiver_account": "TYZA12395659119598", "amount": 9900.0, "currency": "USD", "type": "FRAUD_PLACEMENT"}
{"transaction_id": "03c3d3ab-f76f-48b5-bfef-f5da39092045", "timestamp": "2026-08-22T14:05:45.740786", "sender_account": "TYZA12395659119598", "receiver_account": "TKNE95981619733116", "amount": 9900.0, "currency": "USD", "type": "FRAUD_LAYERING"}
{"transaction_id": "1121dbd0-91d5-43e3-98df-3ef74e3581ff", "timestamp": "2026-08-22T14:05:46.742335", "sender_account": "SOBM80491499457608", "receiver_account": "VVRM26534773504180", "amount": 1143.95, "currency": "USD", "type": "NORMAL"}
{"transaction_id": "e34877ec-1e2c-420b-80cf-35901ec4c3f3", "timestamp": "2026-08-22T14:05:47.743018", "sender_account": "ONTE15993666350518", "receiver_account": "TYZA12395659119598", "amount": 9900.0, "currency": "USD", "type": "FRAUD_PLACEMENT"}
{"transaction_id": "90087497-3d34-4ed4-a98a-dfe017e0f8a8", "timestamp": "2026-08-22T14:05:47.743052", "sender_account": "TYZA12395659119598", "receiver_account": "TKNE95981619733116", "amount": 9900.0, "currency": "USD", "type": "FRAUD_LAYERING"}
{"transaction_id": "ae4d04e9-85ca-41cb-8f75-28af1f6074c6", "timestamp": "2026-08-22T14:05:48.743812", "sender_account": "ZGMR58754809663746", "receiver_account": "MPYG47417771988920", "amount": 762.71, "currency": "USD", "type": "NORMAL"}
{"transaction_id": "8b68f322-ca75-4a40-a80d-70835ef2a699", "timestamp": "2026-08-22T14:05:49.744614", "sender_account": "XMJK82504694562095", "receiver_account": "BMWQ07401602650724", "amount": 3701.16, "currency": "USD", "type": "NORMAL"}
{"transaction_id": "ff520d6b-65bc-454f-a460-cf04e9d23753", "timestamp": "2026-08-22T14:05:50.745337", "sender_account": "ZFKA83364609539681", "receiver_account": "YIRQ99574502470842", "amount": 4921.01, "currency": "USD", "type": "NORMAL"}
{"transaction_id": "27e19b88-09dd-4d25-b082-ef4e2fcf740d", "timestamp": "2026-08-22T14:05:51.746108", "sender_account": "YIRQ99574502470842", "receiver_account": "BMWQ07401602650724", "amount": 9900.0, "currency": "USD", "type": "FRAUD_PLACEMENT"}
{"transaction_id": "39d0236b-e9ad-4859-bdac-ec4f82fee5f7", "timestamp": "2026-08-22T14:05:51.746154", "sender_account": "BMWQ07401602650724", "receiver_account": "TKNE95981619733116", "amount": 9900.0, "currency": "USD", "type": "FRAUD_LAYERING"}
{"transaction_id": "c9a7c26f-fb23-4a33-989a-ecca1f8ccc24", "timestamp": "2026-08-22T14:05:52.747109", "sender_account": "MLNT98933143420708", "receiver_account": "GLIT62311059003233", "amount": 295.76, "currency": "USD", "type": "NORMAL"}
{"transaction_id": "9d3d865e-2769-4f04-81a9-552c906fe7b6", "timestamp": "2026-08-22T14:05:53.747801", "sender_account": "MPYG47417771988920", "receiver_account": "OWJJ95183742153706", "amount": 652.74, "currency": "USD", "type": "NORMAL"}
{"transaction_id": "20f94f6c-e0f2-4471-bab3-3a8e4f9745ad", "timestamp": "2026-08-22T14:05:54.748919", "sender_account": "MREZ94532505100354", "receiver_account": "QOSV59129264416433", "amount": 4944.72, "currency": "USD", "type": "NORMAL"}
{"transaction_id": "66430866-a29a-4dfa-b640-640edea39778", "timestamp": "2026-08-22T14:05:55.749721", "sender_account": "DRXV24124034784149", "receiver_account": "HQYC61658237444874", "amount": 3359.9, "currency": "USD", "type": "NORMAL"}
{"transaction_id": "91467e6c-21c6-4f73-b4f7-aa7a791a1bba", "timestamp": "2026-08-22T14:05:56.750487", "sender_account": "EMXL67993602576108", "receiver_account": "MLNT98933143420708", "amount": 3150.45, "currency": "USD", "type": "NORMAL"}
{"transaction_id": "e9a15fcf-ecab-44ac-ab4a-4049a5a79408", "timestamp": "2026-08-22T14:05:57.751617", "sender_account": "QOSV59129264416433", "receiver_account": "DSOS96311899642368", "amount": 1310.72, "currency": "USD", "type": "NORMAL"}
{"transaction_id": "521a0e39-1c2b-4699-bea5-a84be7ae63f0", "timestamp": "2026-08-22T14:05:58.752257", "sender_account": "ECDH75774390227986", "receiver_account": "VPQE19399427637466", "amount": 9900.0, "currency": "USD", "type": "FRAUD_PLACEMENT"}
{"transaction_id": "001d4a41-d656-45ce-8e6d-829d97444b4b", "timestamp": "2026-08-22T14:05:58.752299", "sender_account": "VPQE19399427637466", "receiver_account": "TKNE95981619733116", "amount": 9900.0, "currency": "USD", "type": "FRAUD_LAYERING"}
{"transaction_id": "27f4a9d8-ea0b-439a-8b5e-3322a7e1bc00", "timestamp": "2026-08-22T14:05:59.760747", "sender_account": "ZBAV57583531826293", "receiver_account": "GIBZ40473797020174", "amount": 9900.0, "currency": "USD", "type": "FRAUD_PLACEMENT"}
{"transaction_id": "9e66c6fa-9d39-455f-9f8c-7a08f2560b32", "timestamp": "2026-08-22T14:05:59.760800", "sender_account": "GIBZ40473797020174", "receiver_account": "TKNE95981619733116", "amount": 9900.0, "currency": "USD", "type": "FRAUD_LAYERING"}
{"transaction_id": "7bc55900-a2ad-4933-9d11-10b1ba6bfa38", "timestamp": "2026-08-22T14:06:00.803995", "sender_account": "BLTT28136406266695", "receiver_account": "OBST45783212332050", "amount": 9900.0, "currency": "USD", "type": "FRAUD_PLACEMENT"}
{"transaction_id": "b0a67385-f02c-4747-a457-c73d49758f6e", "timestamp": "2026-08-22T14:06:00.804051", "sender_account": "OBST45783212332050", "receiver_account": "TKNE95981619733116", "amount": 9900.0, "currency": "USD", "type": "FRAUD_LAYERING"}
{"transaction_id": "be92f9a5-a1ea-4484-be65-31587d6fd0d6", "timestamp": "2026-08-22T14:06:01.806532", "sender_account": "EUPF21042455172540", "receiver_account": "OBST45783212332050", "amount": 9900.0, "currency": "USD", "type": "FRAUD_PLACEMENT"}
{"transaction_id": "d9e2d6e9-8a74-4aca-a21f-49cd9fb192fa", "timestamp": "2026-08-22T14:06:01.806567", "sender_account": "OBST45783212332050", "receiver_account": "TKNE95981619733116", "amount": 9900.0, "currency": "USD", "type": "FRAUD_LAYERING"}
{"transaction_id": "c17ca0c8-3b2c-4eac-9263-2b5a8c12119d", "timestamp": "2026-08-22T14:06:02.807436", "sender_account": "SNQR02825333527062", "receiver_account": "YRYY89437144222231", "amount": 4020.99, "currency": "USD", "type": "NORMAL"}
{"transaction_id": "e4b16f59-b455-4476-a364-492f9fbaf9fc", "timestamp": "2026-08-22T14:06:03.808426", "sender_account": "BARZ06398633576495", "receiver_account": "DRXV24124034784149", "amount": 3309.08, "currency": "USD", "type": "NORMAL"}
{"transaction_id": "711a24bb-17f4-4f32-b055-f9ab5b4da47b", "timestamp": "2026-08-22T14:06:04.809471", "sender_account": "BOQG09638950855355", "receiver_account": "MREZ94532505100354", "amount": 4901.84, "currency": "USD", "type": "NORMAL"}
{"transaction_id": "1b565445-fadb-48fe-87be-8d3d15cebdf4", "timestamp": "2026-08-22T14:06:05.810410", "sender_account": "MLNT98933143420708", "receiver_account": "TYZA12395659119598", "amount": 9900.0, "currency": "USD", "type": "FRAUD_PLACEMENT"}
{"transaction_id": "51d262ac-c69c-48e7-a13e-79b7dd7ea9f8", "timestamp": "2026-08-22T14:06:05.810451", "sender_account": "TYZA12395659119598", "receiver_account": "TKNE95981619733116", "amount": 9900.0, "currency": "USD", "type": "FRAUD_LAYERING"}
{"transaction_id": "400bf537-b8b3-4984-ab66-c1e2056a6340", "timestamp": "2026-08-22T14:06:06.811541", "sender_account": "MREZ94532505100354", "receiver_account": "TYUO44513722171270", "amount": 1101.69, "currency": "USD", "type": "NORMAL"}
{"transaction_id": "ca586260-6bfe-4f9d-93b0-ac7e0154dc23", "timestamp": "2026-08-22T14:06:07.812227", "sender_account": "QOSV59129264416433", "receiver_account": "ZISS86727170516266", "amount": 836.48, "currency": "USD", "type": "NORMAL"}
{"transaction_id": "d7b85ccc-47e5-4efc-b12d-4215ba97fccd", "timestamp": "2026-08-22T14:06:08.812875", "sender_account": "MLNT98933143420708", "receiver_account": "TYZA12395659119598", "amount": 9900.0, "currency": "USD", "type": "FRAUD_PLACEMENT"}
{"transaction_id": "d7ba246f-dd70-4752-becc-398ea990c0c7", "timestamp": "2026-08-22T14:06:08.812920", "sender_account": "TYZA12395659119598", "receiver_account": "TKNE95981619733116", "amount": 9900.0, "currency": "USD", "type": "FRAUD_LAYERING"}
{"transaction_id": "9754d237-6893-4f95-b758-63c6b0f51f9b", "timestamp": "2026-08-22T14:06:09.814330", "sender_account": "OCPV45827561184835", "receiver_account": "OXKV10606491971240", "amount": 3585.32, "currency": "USD", "type": "NORMAL"}
{"transaction_id": "d399dc4f-e1b7-461d-9f7a-2a5f9a9e7b89", "timestamp": "2026-08-22T14:06:10.815229", "sender_account": "TYZA12395659119598", "receiver_account": "EUPF21042455172540", "amount": 4454.46, "currency": "USD", "type": "NORMAL"}
{"transaction_id": "78af945a-77ba-4702-8ce8-9bf7f3c667c6", "timestamp": "2026-08-22T14:06:11.816124", "sender_account": "NRLN08377251537949", "receiver_account": "BATQ26066122589537", "amount": 4081.9, "currency": "USD", "type": "NORMAL"}
{"transaction_id": "a85ad903-4bf3-45e2-928a-9e8169c71787", "timestamp": "2026-08-22T14:06:12.817139", "sender_account": "RZVP21155505850037", "receiver_account": "GIBZ40473797020174", "amount": 9900.0, "currency": "USD", "type": "FRAUD_PLACEMENT"}
{"transaction_id": "22a7b396-57af-458b-862c-61144e99fdb4", "timestamp": "2026-08-22T14:06:12.817178", "sender_account": "GIBZ40473797020174", "receiver_account": "TKNE95981619733116", "amount": 9900.0, "currency": "USD", "type": "FRAUD_LAYERING"}
{"transaction_id": "6c914385-ee6d-4d64-bb6f-ea5b19fca788", "timestamp": "2026-08-22T14:06:13.818650", "sender_account": "ZADP42098975580841", "receiver_account": "TYZA12395659119598", "amount": 9900.0, "currency": "USD", "type": "FRAUD_PLACEMENT"}
{"transaction_id": "e646c8e8-14b7-4c0a-b6c6-fcaa9607ea91", "timestamp": "2026-08-22T14:06:13.818688", "sender_account": "TYZA12395659119598", "receiver_account": "TKNE95981619733116", "amount": 9900.0, "currency": "USD", "type": "FRAUD_LAYERING"}
{"transaction_id": "3315c205-94c5-444f-a09d-488723a6e728", "timestamp": "2026-08-22T14:06:14.819485", "sender_account": "KOVQ87848311751921", "receiver_account": "JRIS76694227569281", "amount": 427.6, "currency": "USD", "type": "NORMAL"}
{"transaction_id": "6082917b-21e5-4f36-997b-d36433453eeb", "timestamp": "2026-08-22T14:06:15.820362", "sender_account": "OWJJ95183742153706", "receiver_account": "QNGB06866193861206", "amount": 3044.27, "currency": "USD", "type": "NORMAL"}
{"transaction_id": "4cc0784a-f393-4181-88aa-75453a0de47e", "timestamp": "2026-08-22T14:06:16.821397", "sender_account": "ZRSL02416594373530", "receiver_account": "WIYV91633626744584", "amount": 2882.52, "currency": "USD", "type": "NORMAL"}
{"transaction_id": "ea96fe7a-c7d3-40d0-9c63-97a1d237c761", "timestamp": "2026-08-22T14:06:17.822060", "sender_account": "RTKW81167619321392", "receiver_account": "HNVF64891754144366", "amount": 3738.86, "currency": "USD", "type": "NORMAL"}
{"transaction_id": "a989561a-9f93-44ba-a46e-af423698bafa", "timestamp": "2026-08-22T14:06:18.823167", "sender_account": "ECDH75774390227986", "receiver_account": "BATQ26066122589537", "amount": 2592.31, "currency": "USD", "type": "NORMAL"}
{"transaction_id": "d7d173a2-ebfb-4c26-b7a3-2b3ca7c9df35", "timestamp": "2026-08-22T14:06:19.824229", "sender_account": "HQYC61658237444874", "receiver_account": "GIBZ40473797020174", "amount": 69.29, "currency": "USD", "type": "NORMAL"}
{"transaction_id": "f0129eb8-72ca-4b3a-aac3-1cf26deb9864", "timestamp": "2026-08-22T14:06:20.824989", "sender_account": "KOVQ87848311751921", "receiver_account": "EMXL67993602576108", "amount": 1054.67, "currency": "USD", "type": "NORMAL"}
{"transaction_id": "99c403e0-e06c-4b7c-ad6b-614b8500bdb5", "timestamp": "2026-08-22T14:06:21.831456", "sender_account": "BLTT28136406266695", "receiver_account": "VPQE19399427637466", "amount": 9900.0, "currency": "USD", "type": "FRAUD_PLACEMENT"}
{"transaction_id": "5cc97868-d46f-4597-ae3e-e123e4b443b4", "timestamp": "2026-08-22T14:06:21.831505", "sender_account": "VPQE19399427637466", "receiver_account": "TKNE95981619733116", "amount": 9900.0, "currency": "USD", "type": "FRAUD_LAYERING"}
{"transaction_id": "4c09e162-f26e-4e79-acf1-7ea06fcb8678", "timestamp": "2026-08-22T14:06:22.832919", "sender_account": "ONTE15993666350518", "receiver_account": "ZGYE32529717670955", "amount": 221.41, "currency": "USD", "type": "NORMAL"}
{"transaction_id": "830344a2-4acf-42ff-96a0-201818de7f34", "timestamp": "2026-08-22T14:06:23.833871", "sender_account": "HNVF64891754144366", "receiver_account": "HBOW30753169678897", "amount": 3776.43, "currency": "USD", "type": "NORMAL"}
{"transaction_id": "7585942e-2d24-4b9f-852b-503f6b0a3570", "timestamp": "2026-08-22T14:06:24.835086", "sender_account": "YIRQ99574502470842", "receiver_account": "WIYV91633626744584", "amount": 4289.46, "currency": "USD", "type": "NORMAL"}
{"transaction_id": "c177e1fb-76a3-4150-9e54-ce26ce420979", "timestamp": "2026-08-22T14:06:25.836042", "sender_account": "ZGYE32529717670955", "receiver_account": "EUPF21042455172540", "amount": 3010.71, "currency": "USD", "type": "NORMAL"}
{"transaction_id": "233cec48-f541-4019-9aa1-e41875f7ea79", "timestamp": "2026-08-22T14:06:26.837325", "sender_account": "QTXV40623378585875", "receiver_account": "HQYC61658237444874", "amount": 2602.33, "currency": "USD", "type": "NORMAL"}
{"transaction_id": "01f52844-1c85-4caa-9424-d24da79d2d63", "timestamp": "2026-08-22T14:06:27.838091", "sender_account": "DGWO81624487946464", "receiver_account": "UOIY52992373188750", "amount": 1072.53, "currency": "USD", "type": "NORMAL"}
{"transaction_id": "ea18503a-2c69-44d1-b2fd-b1e286e5c561", "timestamp": "2026-08-22T14:06:28.840075", "sender_account": "XMJK82504694562095", "receiver_account": "GIBZ40473797020174", "amount": 9900.0, "currency": "USD", "type": "FRAUD_PLACEMENT"}
{"transaction_id": "7a87bdc8-ef62-49d6-accf-24f623749584", "timestamp": "2026-08-22T14:06:28.840118", "sender_account": "GIBZ40473797020174", "receiver_account": "TKNE95981619733116", "amount": 9900.0, "currency": "USD", "type": "FRAUD_LAYERING"}
{"transaction_id": "672280cc-694a-4092-b21f-57f3daa583bc", "timestamp": "2026-08-22T14:06:29.840950", "sender_account": "ONTE15993666350518", "receiver_account": "NRLN08377251537949", "amount": 3477.7, "currency": "USD", "type": "NORMAL"}
{"transaction_id": "a09d1e0d-5ee5-402c-90a4-c37a5b64cc6a", "timestamp": "2026-08-22T14:06:30.841977", "sender_account": "EUPF21042455172540", "receiver_account": "GIBZ40473797020174", "amount": 9900.0, "currency": "USD", "type": "FRAUD_PLACEMENT"}
{"transaction_id": "bdf76db0-3982-43da-8b7e-956efed1dae7", "timestamp": "2026-08-22T14:06:30.842021", "sender_account": "GIBZ40473797020174", "receiver_account": "TKNE95981619733116", "amount": 9900.0, "currency": "USD", "type": "FRAUD_LAYERING"}
{"transaction_id": "c308bb2e-9ce1-4d48-921e-846b5956e970", "timestamp": "2026-08-22T14:06:31.843244", "sender_account": "EJZC41691668687807", "receiver_account": "ZQRY82107849082085", "amount": 1051.65, "currency": "USD", "type": "NORMAL"}
{"transaction_id": "6dc1ba8f-750e-4870-99fd-5d8f4804f476", "timestamp": "2026-08-22T14:06:32.844126", "sender_account": "YIRQ99574502470842", "receiver_account": "BMWQ07401602650724", "amount": 9900.0, "currency": "USD", "type": "FRAUD_PLACEMENT"}
{"transaction_id": "5b96a9fb-283e-452a-afc8-c34bb8176265", "timestamp": "2026-08-22T14:06:32.844181", "sender_account": "BMWQ07401602650724", "receiver_account": "TKNE95981619733116", "amount": 9900.0, "currency": "USD", "type": "FRAUD_LAYERING"}
{"transaction_id": "ce191968-2d75-4dae-8f0c-1a2be4f17d04", "timestamp": "2026-08-22T14:06:33.845324", "sender_account": "EUPF21042455172540", "receiver_account": "OBST45783212332050", "amount": 9900.0, "currency": "USD", "type": "FRAUD_PLACEMENT"}
{"transaction_id": "fd0ac88d-de04-4dfe-b97d-ead77d508264", "timestamp": "2026-08-22T14:06:33.845358", "sender_account": "OBST45783212332050", "receiver_account": "TKNE95981619733116", "amount": 9900.0, "currency": "USD", "type": "FRAUD_LAYERING"}
{"transaction_id": "cdf08c1f-41d0-4d16-a9c5-bae525a502f3", "timestamp": "2026-08-22T14:06:34.846171", "sender_account": "HBOW30753169678897", "receiver_account": "OXKV10606491971240", "amount": 940.72, "currency": "USD", "type": "NORMAL"}
{"transaction_id": "795d4c12-2703-4a74-98b7-5c1810bd6625", "timestamp": "2026-08-22T14:06:35.847083", "sender_account": "REUU89703871611287", "receiver_account": "OBST45783212332050", "amount": 9900.0, "currency": "USD", "type": "FRAUD_PLACEMENT"}
{"transaction_id": "2eb90fa6-485e-4dc1-a57a-44312981e95d", "timestamp": "2026-08-22T14:06:35.847122", "sender_account": "OBST45783212332050", "receiver_account": "TKNE95981619733116", "amount": 9900.0, "currency": "USD", "type": "FRAUD_LAYERING"}
{"transaction_id": "e271c0b0-0e06-44ce-a583-06e5adfe4147", "timestamp": "2026-08-22T14:06:36.848147", "sender_account": "MGQC27256683991625", "receiver_account": "UQUO78118349294482", "amount": 2010.84, "currency": "USD", "type": "NORMAL"}
{"transaction_id": "a5e550c5-e9a0-4890-9d20-3252067b4da9", "timestamp": "2026-08-22T14:06:37.848955", "sender_account": "REUU89703871611287", "receiver_account": "BMWQ07401602650724", "amount": 9900.0, "currency": "USD", "type": "FRAUD_PLACEMENT"}
{"transaction_id": "9fb25543-2d91-4278-bd37-d3a0f68ac329", "timestamp": "2026-08-22T14:06:37.848989", "sender_account": "BMWQ07401602650724", "receiver_account": "TKNE95981619733116", "amount": 9900.0, "currency": "USD", "type": "FRAUD_LAYERING"}
{"transaction_id": "14cb6c98-18ca-4b9a-8b0c-a76dec45e0a3", "timestamp": "2026-08-22T14:06:38.849975", "sender_account": "VPQE19399427637466", "receiver_account": "ZGYE32529717670955", "amount": 1858.57, "currency": "USD", "type": "NORMAL"}
{"transaction_id": "e5ad5c17-2010-43e2-bf1a-9fd8a299e747", "timestamp": "2026-08-22T14:06:39.850918", "sender_account": "CDPO86269475852321", "receiver_account": "NRLN08377251537949", "amount": 1190.76, "currency": "USD", "type": "NORMAL"}
{"transaction_id": "fbabd5d2-a7d8-4955-8b5f-015d2f696b27", "timestamp": "2026-08-22T14:06:40.851517", "sender_account": "ECDH75774390227986", "receiver_account": "VPQE19399427637466", "amount": 9900.0, "currency": "USD", "type": "FRAUD_PLACEMENT"}
{"transaction_id": "39a07ccb-b695-421e-96b3-cd8292bc494a", "timestamp": "2026-08-22T14:06:40.851561", "sender_account": "VPQE19399427637466", "receiver_account": "TKNE95981619733116", "amount": 9900.0, "currency": "USD", "type": "FRAUD_LAYERING"}
{"transaction_id": "a4f05e9e-5355-4d04-a690-34767cc5cd0a", "timestamp": "2026-08-22T14:06:41.852618", "sender_account": "NRLN08377251537949", "receiver_account": "ZRSL02416594373530", "amount": 2279.11, "currency": "USD", "type": "NORMAL"}
{"transaction_id": "aad9b9a4-38ad-475b-9b78-6efcf290688c", "timestamp": "2026-08-22T14:06:42.853439", "sender_account": "ITUW94328852809457", "receiver_account": "MIJN31964293863181", "amount": 2507.82, "currency": "USD", "type": "NORMAL"}
{"transaction_id": "174374ac-6c1c-4a6b-b52e-8d5f468aa37a", "timestamp": "2026-08-22T14:06:43.854190", "sender_account": "MREZ94532505100354", "receiver_account": "ZGYE32529717670955", "amount": 1399.26, "currency": "USD", "type": "NORMAL"}
{"transaction_id": "996b1192-65b0-43db-8eb9-9bafa4f0efa2", "timestamp": "2026-08-22T14:06:44.855119", "sender_account": "POPI60802500302561", "receiver_account": "ZMWS54714289381237", "amount": 2255.91, "currency": "USD", "type": "NORMAL"}
{"transaction_id": "80be6803-48a5-476b-9166-14878b1aaab1", "timestamp": "2026-08-22T14:06:45.856149", "sender_account": "BWKA78710027600682", "receiver_account": "WQIV41315931568868", "amount": 3407.36, "currency": "USD", "type": "NORMAL"}
{"transaction_id": "2010ef80-d6e0-4df2-aa29-7e81b029ceff", "timestamp": "2026-08-22T14:06:46.857162", "sender_account": "EUPF21042455172540", "receiver_account": "YFVA16193788759614", "amount": 1281.93, "currency": "USD", "type": "NORMAL"}
{"transaction_id": "059e5329-742b-4c3a-877a-ae6db9e73843", "timestamp": "2026-08-22T14:06:47.857808", "sender_account": "UQUO78118349294482", "receiver_account": "KSQR22887690863408", "amount": 2045.94, "currency": "USD", "type": "NORMAL"}
{"transaction_id": "a0b1aeb1-78d7-438e-b8a3-fc4430e8386c", "timestamp": "2026-08-22T14:06:48.858826", "sender_account": "ONTE15993666350518", "receiver_account": "BMWQ07401602650724", "amount": 9900.0, "currency": "USD", "type": "FRAUD_PLACEMENT"}
{"transaction_id": "c06cdb39-7b27-4996-9d49-3dd0ab3bb634", "timestamp": "2026-08-22T14:06:48.858861", "sender_account": "BMWQ07401602650724", "receiver_account": "TKNE95981619733116", "amount": 9900.0, "currency": "USD", "type": "FRAUD_LAYERING"}
{"transaction_id": "18ae8db8-7057-4780-8cb0-409425519f62", "timestamp": "2026-08-22T14:06:49.859703", "sender_account": "XMJK82504694562095", "receiver_account": "VPQE19399427637466", "amount": 9900.0, "currency": "USD", "type": "FRAUD_PLACEMENT"}
{"transaction_id": "5b6e3b86-ac15-4b51-b389-543f606750ff", "timestamp": "2026-08-22T14:06:49.859755", "sender_account": "VPQE19399427637466", "receiver_account": "TKNE95981619733116", "amount": 9900.0, "currency": "USD", "type": "FRAUD_LAYERING"}
{"transaction_id": "4b671456-60e8-4b01-baf4-70002e740835", "timestamp": "2026-08-22T14:06:50.860557", "sender_account": "FOBA45363711762614", "receiver_account": "BARZ06398633576495", "amount": 2383.44, "currency": "USD", "type": "NORMAL"}
{"transaction_id": "498bce83-df5f-49d6-ae1a-ce79a258307a", "timestamp": "2026-08-22T14:06:51.861155", "sender_account": "ZFKA83364609539681", "receiver_account": "GKOO36379143283440", "amount": 3860.67, "currency": "USD", "type": "NORMAL"}
{"transaction_id": "e351fffa-d666-4f47-889f-78ac08533653", "timestamp": "2026-08-22T14:06:52.862063", "sender_account": "SNQR02825333527062", "receiver_account": "ZGMR58754809663746", "amount": 547.03, "currency": "USD", "type": "NORMAL"}
{"transaction_id": "5dbb9e55-90c3-42c4-8ca1-f0ba3b6f05eb", "timestamp": "2026-08-22T14:06:53.863266", "sender_account": "CDPO86269475852321", "receiver_account": "NORJ47127315571079", "amount": 1186.81, "currency": "USD", "type": "NORMAL"}
{"transaction_id": "75d55d6f-8724-46aa-8442-1effe807be66", "timestamp": "2026-08-22T14:06:54.866060", "sender_account": "ONTE15993666350518", "receiver_account": "BMWQ07401602650724", "amount": 9900.0, "currency": "USD", "type": "FRAUD_PLACEMENT"}
{"transaction_id": "9016d7be-dc3c-49b9-87f8-c628186946df", "timestamp": "2026-08-22T14:06:54.866098", "sender_account": "BMWQ07401602650724", "receiver_account": "TKNE95981619733116", "amount": 9900.0, "currency": "USD", "type": "FRAUD_LAYERING"}
{"transaction_id": "60adbea0-aa59-472e-acf5-1ffe597ef869", "timestamp": "2026-08-22T14:06:55.866995", "sender_account": "BTCE30031727194183", "receiver_account": "UOIY52992373188750", "amount": 603.89, "currency": "USD", "type": "NORMAL"}
{"transaction_id": "dbc46001-5036-466e-ae98-84cd0e2158a7", "timestamp": "2026-08-22T14:06:56.867813", "sender_account": "GIBZ40473797020174", "receiver_account": "WIYV91633626744584", "amount": 88.1, "currency": "USD", "type": "NORMAL"}
{"transaction_id": "5759f39b-0dfa-4a87-a76f-a43306a12993", "timestamp": "2026-08-22T14:06:57.868398", "sender_account": "ZGMR58754809663746", "receiver_account": "HNVF64891754144366", "amount": 2481.19, "currency": "USD", "type": "NORMAL"}
{"transaction_id": "3a89d8a1-281e-49bc-ba3a-594eda887d89", "timestamp": "2026-08-22T14:06:58.869100", "sender_account": "FLWW48003862994101", "receiver_account": "BARZ06398633576495", "amount": 4352.67, "currency": "USD", "type": "NORMAL"}
{"transaction_id": "32e8cb44-cd08-45f8-adfa-f4154a296b61", "timestamp": "2026-08-22T14:06:59.870009", "sender_account": "ZMWS54714289381237", "receiver_account": "GIBZ40473797020174", "amount": 9900.0, "currency": "USD", "type": "FRAUD_PLACEMENT"}
{"transaction_id": "c2d82f48-62c0-4fcd-bc6d-3b3157f616a5", "timestamp": "2026-08-22T14:06:59.870049", "sender_account": "GIBZ40473797020174", "receiver_account": "TKNE95981619733116", "amount": 9900.0, "currency": "USD", "type": "FRAUD_LAYERING"}
{"transaction_id": "f28934a3-adda-4b26-932a-499644cb3380", "timestamp": "2026-08-22T14:07:00.871084", "sender_account": "OONT57623890878105", "receiver_account": "MIJN31964293863181", "amount": 2387.54, "currency": "USD", "type": "NORMAL"}
{"transaction_id": "bf5b335e-83c3-4f84-9e7c-4d72f346cfd1", "timestamp": "2026-08-22T14:07:01.872349", "sender_account": "OCPV45827561184835", "receiver_account": "SOBM80491499457608", "amount": 2387.52, "currency": "USD", "type": "NORMAL"}
{"transaction_id": "1b2874b7-0c5f-493b-b0c1-f4c1826911a4", "timestamp": "2026-08-22T14:07:02.873389", "sender_account": "BATQ26066122589537", "receiver_account": "OXKV10606491971240", "amount": 3400.13, "currency": "USD", "type": "NORMAL"}
{"transaction_id": "a7fb0d4f-46d8-4125-b0c4-62b899a1b495", "timestamp": "2026-08-22T14:07:03.874212", "sender_account": "DSOS96311899642368", "receiver_account": "WQIV41315931568868", "amount": 211.8, "currency": "USD", "type": "NORMAL"}
{"transaction_id": "346ae694-e1e6-497a-985f-45b2b9cbbd06", "timestamp": "2026-08-22T14:07:04.875316", "sender_account": "GKOO36379143283440", "receiver_account": "GIBZ40473797020174", "amount": 9900.0, "currency": "USD", "type": "FRAUD_PLACEMENT"}
{"transaction_id": "4e42dcae-994b-42b0-bc7d-bc9b33148152", "timestamp": "2026-08-22T14:07:04.875372", "sender_account": "GIBZ40473797020174", "receiver_account": "TKNE95981619733116", "amount": 9900.0, "currency": "USD", "type": "FRAUD_LAYERING"}
{"transaction_id": "9dc13266-cf88-419b-afb3-6917632e1cd4", "timestamp": "2026-08-22T14:07:05.876855", "sender_account": "BWKA78710027600682", "receiver_account": "POPI60802500302561", "amount": 756.36, "currency": "USD", "type": "NORMAL"}
{"transaction_id": "ca3301f4-8c41-4d4b-b996-5178bcd59499", "timestamp": "2026-08-22T14:07:06.877981", "sender_account": "RZVP21155505850037", "receiver_account": "GIBZ40473797020174", "amount": 9900.0, "currency": "USD", "type": "FRAUD_PLACEMENT"}
{"transaction_id": "11660694-ea00-4110-963d-83b29498e142", "timestamp": "2026-08-22T14:07:06.878016", "sender_account": "GIBZ40473797020174", "receiver_account": "TKNE95981619733116", "amount": 9900.0, "currency": "USD", "type": "FRAUD_LAYERING"}
{"transaction_id": "3b84f0ff-f302-4a89-b4b5-960afbee1c7a", "timestamp": "2026-08-22T14:07:07.879092", "sender_account": "OCPV45827561184835", "receiver_account": "HNVF64891754144366", "amount": 1072.52, "currency": "USD", "type": "NORMAL"}
{"transaction_id": "bd1d77f1-99ec-4b95-b32f-8c883580becc", "timestamp": "2026-08-22T14:07:08.880256", "sender_account": "JHOE55271525311673", "receiver_account": "EMXL67993602576108", "amount": 2151.33, "currency": "USD", "type": "NORMAL"}
{"transaction_id": "f3b9f7a0-2698-40f8-835f-f81b5a9a9f3f", "timestamp": "2026-08-22T14:07:09.881041", "sender_account": "REUU89703871611287", "receiver_account": "ECDH75774390227986", "amount": 1971.04, "currency": "USD", "type": "NORMAL"}
{"transaction_id": "a4302e98-6b0c-4e70-9e53-bf3d02459820", "timestamp": "2026-08-22T14:07:10.882268", "sender_account": "WKTH11946849130998", "receiver_account": "ZISS86727170516266", "amount": 331.45, "currency": "USD", "type": "NORMAL"}
{"transaction_id": "26b5f2c4-094a-4b12-934a-34bee00b5e62", "timestamp": "2026-08-22T14:07:11.883153", "sender_account": "HBOW30753169678897", "receiver_account": "OWJJ95183742153706", "amount": 2778.05, "currency": "USD", "type": "NORMAL"}
{"transaction_id": "9d0b13ea-2560-428c-b271-b051fbf17681", "timestamp": "2026-08-22T14:07:12.884156", "sender_account": "GIBZ40473797020174", "receiver_account": "ZMWS54714289381237", "amount": 1017.87, "currency": "USD", "type": "NORMAL"}
{"transaction_id": "c01bf5d2-7c72-418d-9015-f90b8f998e1c", "timestamp": "2026-08-22T14:07:13.884920", "sender_account": "SNQR02825333527062", "receiver_account": "EUPF21042455172540", "amount": 1582.42, "currency": "USD", "type": "NORMAL"}
{"transaction_id": "44dced90-9204-488f-bc7a-a7e956496f16", "timestamp": "2026-08-22T14:07:14.886008", "sender_account": "XMJK82504694562095", "receiver_account": "BATQ26066122589537", "amount": 4702.27, "currency": "USD", "type": "NORMAL"}
{"transaction_id": "f0dbf327-5c8d-45b3-9274-4da7c02b7220", "timestamp": "2026-08-22T14:07:15.886916", "sender_account": "ECDH75774390227986", "receiver_account": "VPQE19399427637466", "amount": 9900.0, "currency": "USD", "type": "FRAUD_PLACEMENT"}
{"transaction_id": "f98a15e9-6952-4764-8312-db40abd2a586", "timestamp": "2026-08-22T14:07:15.886955", "sender_account": "VPQE19399427637466", "receiver_account": "TKNE95981619733116", "amount": 9900.0, "currency": "USD", "type": "FRAUD_LAYERING"}
{"transaction_id": "bcc75138-6dcd-44f6-b65d-591ee5127f11", "timestamp": "2026-08-22T14:07:16.888010", "sender_account": "ZBAV57583531826293", "receiver_account": "TYZA12395659119598", "amount": 1150.19, "currency": "USD", "type": "NORMAL"}
{"transaction_id": "48c5c47f-99ef-45bf-8679-f308c3eae233", "timestamp": "2026-08-22T14:07:17.889167", "sender_account": "MLNT98933143420708", "receiver_account": "ZRSL02416594373530", "amount": 4082.62, "currency": "USD", "type": "NORMAL"}
{"transaction_id": "5da321b3-8311-4783-bfdf-34166d67c38b", "timestamp": "2026-08-22T14:07:18.890374", "sender_account": "OCPV45827561184835", "receiver_account": "VALP74928055025578", "amount": 3167.09, "currency": "USD", "type": "NORMAL"}
{"transaction_id": "c1d84ab1-7c5b-44da-a136-f97538bf1eda", "timestamp": "2026-08-22T14:07:19.891026", "sender_account": "YIRQ99574502470842", "receiver_account": "YXRF85957215814306", "amount": 722.4, "currency": "USD", "type": "NORMAL"}
{"transaction_id": "92f882c7-a58d-4b55-9e9a-572b8005ee91", "timestamp": "2026-08-22T14:07:20.891841", "sender_account": "ZVIU98542550975060", "receiver_account": "IVEN85122238604633", "amount": 4242.27, "currency": "USD", "type": "NORMAL"}
{"transaction_id": "3dc44adc-c5a5-426e-a202-def36534d33c", "timestamp": "2026-08-22T14:07:21.893045", "sender_account": "ONTE15993666350518", "receiver_account": "BMWQ07401602650724", "amount": 9900.0, "currency": "USD", "type": "FRAUD_PLACEMENT"}
{"transaction_id": "fca70ed6-ec2c-45d1-aaf3-7f4a447f6d2f", "timestamp": "2026-08-22T14:07:21.893088", "sender_account": "BMWQ07401602650724", "receiver_account": "TKNE95981619733116", "amount": 9900.0, "currency": "USD", "type": "FRAUD_LAYERING"}
{"transaction_id": "e519405c-0958-423a-8658-a4654789ff88", "timestamp": "2026-08-22T14:07:22.894366", "sender_account": "YFVA16193788759614", "receiver_account": "CWAH81262579423819", "amount": 647.89, "currency": "USD", "type": "NORMAL"}
{"transaction_id": "e74568f3-c804-4327-80d8-04e2ace2b2a0", "timestamp": "2026-08-22T14:07:23.895258", "sender_account": "FLWW48003862994101", "receiver_account": "UIUQ30880043964264", "amount": 484.54, "currency": "USD", "type": "NORMAL"}
{"transaction_id": "ca7b3ea2-54fa-4abe-bc72-a0b628fd9527", "timestamp": "2026-08-22T14:07:24.896489", "sender_account": "IQWF66011720786197", "receiver_account": "YXRF85957215814306", "amount": 403.14, "currency": "USD", "type": "NORMAL"}
{"transaction_id": "8ab73710-d7bf-45a6-9969-3414f2be7685", "timestamp": "2026-08-22T14:07:25.897455", "sender_account": "HNVF64891754144366", "receiver_account": "YFVA16193788759614", "amount": 2522.56, "currency": "USD", "type": "NORMAL"}
{"transaction_id": "fae5a62d-8aee-433c-bc42-b25b5ec858a5", "timestamp": "2026-08-22T14:07:26.898202", "sender_account": "IVEN85122238604633", "receiver_account": "VVRM26534773504180", "amount": 857.09, "currency": "USD", "type": "NORMAL"}
{"transaction_id": "72d83a5e-d3f0-4ca3-ae2d-55904f8bccb8", "timestamp": "2026-08-22T14:07:27.899232", "sender_account": "ONTE15993666350518", "receiver_account": "BMWQ07401602650724", "amount": 9900.0, "currency": "USD", "type": "FRAUD_PLACEMENT"}
{"transaction_id": "b17b4958-3510-45ab-912a-a96337861cdb", "timestamp": "2026-08-22T14:07:27.899276", "sender_account": "BMWQ07401602650724", "receiver_account": "TKNE95981619733116", "amount": 9900.0, "currency": "USD", "type": "FRAUD_LAYERING"}
{"transaction_id": "e406c6ea-e4a4-4ba2-a808-cdfc3f43b0bf", "timestamp": "2026-08-22T14:07:28.900472", "sender_account": "JRIS76694227569281", "receiver_account": "EUPF21042455172540", "amount": 1995.56, "currency": "USD", "type": "NORMAL"}
{"transaction_id": "4abfd01f-ab0a-4d88-a7ca-41a0330be197", "timestamp": "2026-08-22T14:07:29.901326", "sender_account": "MREZ94532505100354", "receiver_account": "KOVQ87848311751921", "amount": 4488.48, "currency": "USD", "type": "NORMAL"}
{"transaction_id": "0289b145-47a8-4f1a-9210-515cb3084958", "timestamp": "2026-08-22T14:07:30.902439", "sender_account": "WQIV41315931568868", "receiver_account": "YGUU62893874834917", "amount": 753.16, "currency": "USD", "type": "NORMAL"}
{"transaction_id": "34764f3d-e17c-4108-bf12-923a644ac94b", "timestamp": "2026-08-22T14:07:31.903404", "sender_account": "VNZI08329609359985", "receiver_account": "WCLE91496399180753", "amount": 644.03, "currency": "USD", "type": "NORMAL"}
{"transaction_id": "6ec177a0-63ea-48b6-9c06-8543d8911fd4", "timestamp": "2026-08-22T14:07:32.904063", "sender_account": "GKOO36379143283440", "receiver_account": "GIBZ40473797020174", "amount": 9900.0, "currency": "USD", "type": "FRAUD_PLACEMENT"}
{"transaction_id": "e19637e7-c375-4951-9d63-581f7095583f", "timestamp": "2026-08-22T14:07:32.904102", "sender_account": "GIBZ40473797020174", "receiver_account": "TKNE95981619733116", "amount": 9900.0, "currency": "USD", "type": "FRAUD_LAYERING"}
{"transaction_id": "3277c2ae-0f5f-4d4a-a129-9eb6762167a0", "timestamp": "2026-08-22T14:07:33.904962", "sender_account": "ZMWS54714289381237", "receiver_account": "KOVQ87848311751921", "amount": 4083.91, "currency": "USD", "type": "NORMAL"}
{"transaction_id": "9b7cbb8a-93a1-40ae-8f65-b7cfcee5d86e", "timestamp": "2026-08-22T14:07:34.905830", "sender_account": "YIRQ99574502470842", "receiver_account": "BMWQ07401602650724", "amount": 9900.0, "currency": "USD", "type": "FRAUD_PLACEMENT"}
{"transaction_id": "0fa9a131-36b0-4910-8819-83a56cb933aa", "timestamp": "2026-08-22T14:07:34.905873", "sender_account": "BMWQ07401602650724", "receiver_account": "TKNE95981619733116", "amount": 9900.0, "currency": "USD", "type": "FRAUD_LAYERING"}
{"transaction_id": "bc5c97ca-ecba-442b-9fc1-6d29b53107d6", "timestamp": "2026-08-22T14:07:35.907135", "sender_account": "IFXC26846099455699", "receiver_account": "OCPV45827561184835", "amount": 2933.55, "currency": "USD", "type": "NORMAL"}
{"transaction_id": "08e6bcdb-3ada-4728-8989-9d393a8e87d2", "timestamp": "2026-08-22T14:07:36.908133", "sender_account": "HNVF64891754144366", "receiver_account": "GIBZ40473797020174", "amount": 9900.0, "currency": "USD", "type": "FRAUD_PLACEMENT"}
{"transaction_id": "45f34388-e856-4c6c-b02c-3ee6aaa0968a", "timestamp": "2026-08-22T14:07:36.908182", "sender_account": "GIBZ40473797020174", "receiver_account": "TKNE95981619733116", "amount": 9900.0, "currency": "USD", "type": "FRAUD_LAYERING"}
{"transaction_id": "1889986e-a081-4b8e-a5b1-2fd125d26c96", "timestamp": "2026-08-22T14:07:37.909092", "sender_account": "CWAH81262579423819", "receiver_account": "XMJK82504694562095", "amount": 13.01, "currency": "USD", "type": "NORMAL"}
{"transaction_id": "c9e5b5e3-93f5-4218-a3e1-15506270905c", "timestamp": "2026-08-22T14:07:38.910227", "sender_account": "WIYV91633626744584", "receiver_account": "KOVQ87848311751921", "amount": 20.82, "currency": "USD", "type": "NORMAL"}
{"transaction_id": "f336a176-5047-46ac-b311-7ee3864c3863", "timestamp": "2026-08-22T14:07:39.911254", "sender_account": "FLWW48003862994101", "receiver_account": "MIJN31964293863181", "amount": 36.88, "currency": "USD", "type": "NORMAL"}
{"transaction_id": "8f3d2b35-bda7-4edd-93c8-78da0568416f", "timestamp": "2026-08-22T14:07:40.912265", "sender_account": "TYZA12395659119598", "receiver_account": "ZVIU98542550975060", "amount": 52.4, "currency": "USD", "type": "NORMAL"}
{"transaction_id": "90e5feb7-a282-4229-875a-e7ab72008a05", "timestamp": "2026-08-22T14:07:41.913220", "sender_account": "PALM16133745049607", "receiver_account": "MGQC27256683991625", "amount": 67.69, "currency": "USD", "type": "NORMAL"}
{"transaction_id": "ff8db834-8108-4858-bc77-d2bf3994d15d", "timestamp": "2026-08-22T14:07:42.914509", "sender_account": "HNVF64891754144366", "receiver_account": "GIBZ40473797020174", "amount": 9900.0, "currency": "USD", "type": "FRAUD_PLACEMENT"}
{"transaction_id": "26719ea9-b319-453c-828a-68543df74f7f", "timestamp": "2026-08-22T14:07:42.914573", "sender_account": "GIBZ40473797020174", "receiver_account": "TKNE95981619733116", "amount": 9900.0, "currency": "USD", "type": "FRAUD_LAYERING"}
{"transaction_id": "40def70f-5937-49b9-88a0-4ba3202af4fa", "timestamp": "2026-08-22T14:07:43.916125", "sender_account": "CWAH81262579423819", "receiver_account": "BLTT28136406266695", "amount": 135.94, "currency": "USD", "type": "NORMAL"}
{"transaction_id": "7653a71e-c92c-4baf-b321-2c005cd4e5bf", "timestamp": "2026-08-22T14:07:44.916865", "sender_account": "ONTE15993666350518", "receiver_account": "GIBZ40473797020174", "amount": 9900.0, "currency": "USD", "type": "FRAUD_PLACEMENT"}
{"transaction_id": "7801418f-de4a-485b-9b24-0abd567cc0d3", "timestamp": "2026-08-22T14:07:44.916904", "sender_account": "GIBZ40473797020174", "receiver_account": "TKNE95981619733116", "amount": 9900.0, "currency": "USD", "type": "FRAUD_LAYERING"}
{"transaction_id": "7a4ad106-5210-4d77-9f9c-db78f74d0625", "timestamp": "2026-08-22T14:07:45.917820", "sender_account": "ZQRY82107849082085", "receiver_account": "VVRM26534773504180", "amount": 1896.23, "currency": "USD", "type": "NORMAL"}
{"transaction_id": "e554af3e-0952-4b61-8e09-289c64b80bc1", "timestamp": "2026-08-22T14:07:46.918594", "sender_account": "QJTE47754309425360", "receiver_account": "XMJK82504694562095", "amount": 4130.48, "currency": "USD", "type": "NORMAL"}
{"transaction_id": "4b2f8a6f-7a4d-4031-9430-fc5622483039", "timestamp": "2026-08-22T14:07:47.919993", "sender_account": "QOSV59129264416433", "receiver_account": "HKVV91020206250530", "amount": 2516.79, "currency": "USD", "type": "NORMAL"}
{"transaction_id": "91bea392-d143-4634-b4ec-8f6b25ecaaf2", "timestamp": "2026-08-22T14:07:48.920844", "sender_account": "GKOO36379143283440", "receiver_account": "TYZA12395659119598", "amount": 9900.0, "currency": "USD", "type": "FRAUD_PLACEMENT"}
{"transaction_id": "71df5b33-3725-42d9-a78e-a5b1f10bccaa", "timestamp": "2026-08-22T14:07:48.920887", "sender_account": "TYZA12395659119598", "receiver_account": "TKNE95981619733116", "amount": 9900.0, "currency": "USD", "type": "FRAUD_LAYERING"}
{"transaction_id": "054635cd-0f6d-4ca6-ab4f-b40be0861781", "timestamp": "2026-08-22T14:07:49.922158", "sender_account": "XMJK82504694562095", "receiver_account": "GIBZ40473797020174", "amount": 9900.0, "currency": "USD", "type": "FRAUD_PLACEMENT"}
{"transaction_id": "1dd2a04b-a399-4977-a75f-2f5d6747752c", "timestamp": "2026-08-22T14:07:49.922198", "sender_account": "GIBZ40473797020174", "receiver_account": "TKNE95981619733116", "amount": 9900.0, "currency": "USD", "type": "FRAUD_LAYERING"}
{"transaction_id": "bf5c828e-807b-422a-b3dd-449910e740b5", "timestamp": "2026-08-22T14:07:50.923063", "sender_account": "BATQ26066122589537", "receiver_account": "YHPD62845950258653", "amount": 4852.5, "currency": "USD", "type": "NORMAL"}
{"transaction_id": "6b1d90b9-bda9-4141-a046-233d90479fd3", "timestamp": "2026-08-22T14:07:51.924109", "sender_account": "ZMWS54714289381237", "receiver_account": "GIBZ40473797020174", "amount": 9900.0, "currency": "USD", "type": "FRAUD_PLACEMENT"}
{"transaction_id": "e9354433-368b-4a26-b664-52ece5badb33", "timestamp": "2026-08-22T14:07:51.924152", "sender_account": "GIBZ40473797020174", "receiver_account": "TKNE95981619733116", "amount": 9900.0, "currency": "USD", "type": "FRAUD_LAYERING"}
{"transaction_id": "27713c6b-1fb5-44f6-bc5b-97dfdbaf0b91", "timestamp": "2026-08-22T14:07:52.925246", "sender_account": "NRLN08377251537949", "receiver_account": "QJTE47754309425360", "amount": 4044.08, "currency": "USD", "type": "NORMAL"}
{"transaction_id": "24d05d75-48c7-4c5e-818a-0d02170db6d3", "timestamp": "2026-08-22T14:07:53.926227", "sender_account": "QNGB06866193861206", "receiver_account": "RZVP21155505850037", "amount": 199.88, "currency": "USD", "type": "NORMAL"}
{"transaction_id": "85904997-653d-47ff-b046-b466fac88e63", "timestamp": "2026-08-22T14:07:54.927090", "sender_account": "TYZA12395659119598", "receiver_account": "SOBM80491499457608", "amount": 287.87, "currency": "USD", "type": "NORMAL"}
{"transaction_id": "c074d573-889b-40eb-94dd-8ad48799b55c", "timestamp": "2026-08-22T14:07:55.928017", "sender_account": "SNQR02825333527062", "receiver_account": "XMJK82504694562095", "amount": 330.53, "currency": "USD", "type": "NORMAL"}
{"transaction_id": "5958cb12-390d-4856-b7c5-37adc4d64abf", "timestamp": "2026-08-22T14:07:56.928984", "sender_account": "BLTT28136406266695", "receiver_account": "OBST45783212332050", "amount": 9900.0, "currency": "USD", "type": "FRAUD_PLACEMENT"}
{"transaction_id": "7ca36674-6402-4009-9117-f72a60db92cb", "timestamp": "2026-08-22T14:07:56.929027", "sender_account": "OBST45783212332050", "receiver_account": "TKNE95981619733116", "amount": 9900.0, "currency": "USD", "type": "FRAUD_LAYERING"}
{"transaction_id": "b2362bc0-00df-41e4-93a8-809083a90021", "timestamp": "2026-08-22T14:07:57.930419", "sender_account": "ZFKA83364609539681", "receiver_account": "HKVV91020206250530", "amount": 1991.77, "currency": "USD", "type": "NORMAL"}
{"transaction_id": "6428c57e-71a8-4ca9-b7fe-a526dd9f700a", "timestamp": "2026-08-22T14:07:58.931164", "sender_account": "WCLE91496399180753", "receiver_account": "ZGMR58754809663746", "amount": 668.39, "currency": "USD", "type": "NORMAL"}
{"transaction_id": "e03a73e9-5a7d-412b-8b92-b8a971219532", "timestamp": "2026-08-22T14:07:59.932298", "sender_account": "FOBA45363711762614", "receiver_account": "NORJ47127315571079", "amount": 2733.54, "currency": "USD", "type": "NORMAL"}
{"transaction_id": "05894894-b7ae-472c-a25c-be0e66e916b8", "timestamp": "2026-08-22T14:08:00.933305", "sender_account": "ONTE15993666350518", "receiver_account": "TYZA12395659119598", "amount": 9900.0, "currency": "USD", "type": "FRAUD_PLACEMENT"}
{"transaction_id": "d9f6c6d4-d948-4c33-8c95-1af863daaf38", "timestamp": "2026-08-22T14:08:00.933351", "sender_account": "TYZA12395659119598", "receiver_account": "TKNE95981619733116", "amount": 9900.0, "currency": "USD", "type": "FRAUD_LAYERING"}
{"transaction_id": "29bf5ffc-f40c-4a58-94c9-077228c8ce48", "timestamp": "2026-08-22T14:08:01.934310", "sender_account": "BWKA78710027600682", "receiver_account": "BARZ06398633576495", "amount": 4234.9, "currency": "USD", "type": "NORMAL"}
{"transaction_id": "a29a32a5-601e-4638-a5d0-dab1765a747c", "timestamp": "2026-08-22T14:08:02.935375", "sender_account": "BTCE30031727194183", "receiver_account": "CDPO86269475852321", "amount": 2380.17, "currency": "USD", "type": "NORMAL"}
{"transaction_id": "50ec73de-e7ea-45d0-9ee4-997b697aef05", "timestamp": "2026-08-22T14:08:03.936178", "sender_account": "YIRQ99574502470842", "receiver_account": "GIBZ40473797020174", "amount": 9900.0, "currency": "USD", "type": "FRAUD_PLACEMENT"}
{"transaction_id": "49297a5c-3820-4219-9fd9-a5d51ea71185", "timestamp": "2026-08-22T14:08:03.936216", "sender_account": "GIBZ40473797020174", "receiver_account": "TKNE95981619733116", "amount": 9900.0, "currency": "USD", "type": "FRAUD_LAYERING"}
{"transaction_id": "c68964d8-e58e-4113-8938-1ecee98acdcf", "timestamp": "2026-08-22T14:08:04.937244", "sender_account": "ZMWS54714289381237", "receiver_account": "TYZA12395659119598", "amount": 9900.0, "currency": "USD", "type": "FRAUD_PLACEMENT"}
{"transaction_id": "9bda47ca-7136-48a1-a277-773867dd27a1", "timestamp": "2026-08-22T14:08:04.937283", "sender_account": "TYZA12395659119598", "receiver_account": "TKNE95981619733116", "amount": 9900.0, "currency": "USD", "type": "FRAUD_LAYERING"}
{"transaction_id": "613d48e5-a5c3-404d-8874-f87dd2af4b75", "timestamp": "2026-08-22T14:08:05.938176", "sender_account": "ZBAV57583531826293", "receiver_account": "VPQE19399427637466", "amount": 9900.0, "currency": "USD", "type": "FRAUD_PLACEMENT"}
{"transaction_id": "4b547a19-77d3-47dd-91b7-b539aa8ff22b", "timestamp": "2026-08-22T14:08:05.938221", "sender_account": "VPQE19399427637466", "receiver_account": "TKNE95981619733116", "amount": 9900.0, "currency": "USD", "type": "FRAUD_LAYERING"}
{"transaction_id": "6ad1d82f-75f0-4829-968d-f022a2b79b26", "timestamp": "2026-08-22T14:08:06.939502", "sender_account": "ZRSL02416594373530", "receiver_account": "BARZ06398633576495", "amount": 2520.09, "currency": "USD", "type": "NORMAL"}
{"transaction_id": "1ac20a09-d27c-45eb-84a8-d8c78173e51f", "timestamp": "2026-08-22T14:08:07.940185", "sender_account": "SOBM80491499457608", "receiver_account": "YIRQ99574502470842", "amount": 3968.02, "currency": "USD", "type": "NORMAL"}
{"transaction_id": "6b36b51e-f3f2-462d-a64c-903357c5a60a", "timestamp": "2026-08-22T14:08:08.940947", "sender_account": "NORJ47127315571079", "receiver_account": "SOBM80491499457608", "amount": 4046.6, "currency": "USD", "type": "NORMAL"}
{"transaction_id": "055eadb6-ded2-45b3-91b0-d37690804d7f", "timestamp": "2026-08-22T14:08:09.941912", "sender_account": "WQIV41315931568868", "receiver_account": "HBOW30753169678897", "amount": 4302.7, "currency": "USD", "type": "NORMAL"}
{"transaction_id": "767dfd91-4b91-41f7-bf40-00f774a313fa", "timestamp": "2026-08-22T14:08:10.943049", "sender_account": "YIRQ99574502470842", "receiver_account": "GLIT62311059003233", "amount": 1470.31, "currency": "USD", "type": "NORMAL"}
{"transaction_id": "de4e2024-d96a-4a04-8e5e-c0f3e27cf250", "timestamp": "2026-08-22T14:08:11.943871", "sender_account": "PCEW62562572220429", "receiver_account": "REUU89703871611287", "amount": 3207.89, "currency": "USD", "type": "NORMAL"}
{"transaction_id": "82003d86-bf7b-48b5-ade2-0d3d637bd97e", "timestamp": "2026-08-22T14:08:12.944805", "sender_account": "YRYY89437144222231", "receiver_account": "VNZI08329609359985", "amount": 2236.78, "currency": "USD", "type": "NORMAL"}
{"transaction_id": "3703da04-7055-4dd4-a5c7-28a339786504", "timestamp": "2026-08-22T14:08:13.945828", "sender_account": "BOQG09638950855355", "receiver_account": "ZGYE32529717670955", "amount": 1443.36, "currency": "USD", "type": "NORMAL"}
{"transaction_id": "45f95435-59c8-4ec8-8742-59515c0f2c5b", "timestamp": "2026-08-22T14:08:14.946900", "sender_account": "KSQR22887690863408", "receiver_account": "IFXC26846099455699", "amount": 2724.48, "currency": "USD", "type": "NORMAL"}
{"transaction_id": "ba1a2944-c29f-4bff-9c2a-ca2bbd65ef81", "timestamp": "2026-08-22T14:08:15.947576", "sender_account": "GLIT62311059003233", "receiver_account": "BATQ26066122589537", "amount": 4178.07, "currency": "USD", "type": "NORMAL"}
{"transaction_id": "f0305ed6-1449-45c8-9359-57dcdeb1f03f", "timestamp": "2026-08-22T14:08:16.948513", "sender_account": "YIRQ99574502470842", "receiver_account": "TYZA12395659119598", "amount": 9900.0, "currency": "USD", "type": "FRAUD_PLACEMENT"}
{"transaction_id": "2305aa9b-5b32-4911-a12a-e9f63c007dc8", "timestamp": "2026-08-22T14:08:16.948557", "sender_account": "TYZA12395659119598", "receiver_account": "TKNE95981619733116", "amount": 9900.0, "currency": "USD", "type": "FRAUD_LAYERING"}
{"transaction_id": "8dcfbe65-bb92-418e-8a9b-2fcdaf1e6f7b", "timestamp": "2026-08-22T14:08:17.949788", "sender_account": "DSOS96311899642368", "receiver_account": "PCEW62562572220429", "amount": 3397.67, "currency": "USD", "type": "NORMAL"}
{"transaction_id": "276fd3b6-cafb-4b17-bd29-1e5f78e2a663", "timestamp": "2026-08-22T14:08:18.950488", "sender_account": "DGWO81624487946464", "receiver_account": "BLTT28136406266695", "amount": 4939.97, "currency": "USD", "type": "NORMAL"}
{"transaction_id": "cc48595c-1e21-4233-a438-5dc4c1e0e4c2", "timestamp": "2026-08-22T14:08:19.951622", "sender_account": "SOBM80491499457608", "receiver_account": "ITUW94328852809457", "amount": 1097.79, "currency": "USD", "type": "NORMAL"}
{"transaction_id": "de008386-22e3-4008-8a19-b7e4aa1f2b0a", "timestamp": "2026-08-22T14:08:20.952579", "sender_account": "VNZI08329609359985", "receiver_account": "MFRJ31603040538232", "amount": 1542.89, "currency": "USD", "type": "NORMAL"}
{"transaction_id": "d9a5dff4-4ad8-4569-ae80-15cc04820945", "timestamp": "2026-08-22T14:08:21.953798", "sender_account": "CDPO86269475852321", "receiver_account": "ZISS86727170516266", "amount": 942.92, "currency": "USD", "type": "NORMAL"}
{"transaction_id": "d9bb5d22-3a6d-4bc0-95b1-97ce83063379", "timestamp": "2026-08-22T14:08:22.954632", "sender_account": "OWJJ95183742153706", "receiver_account": "WIYV91633626744584", "amount": 2932.32, "currency": "USD", "type": "NORMAL"}
{"transaction_id": "1f5ab0fc-22cc-418a-8ea5-dc28453a489f", "timestamp": "2026-08-22T14:08:23.955323", "sender_account": "MLNT98933143420708", "receiver_account": "BMWQ07401602650724", "amount": 9900.0, "currency": "USD", "type": "FRAUD_PLACEMENT"}
{"transaction_id": "7fcb5744-96cf-41cb-a19c-51ee181a488d", "timestamp": "2026-08-22T14:08:23.955367", "sender_account": "BMWQ07401602650724", "receiver_account": "TKNE95981619733116", "amount": 9900.0, "currency": "USD", "type": "FRAUD_LAYERING"}
{"transaction_id": "e270feda-2835-4ea1-8e9a-e2dfa0272cc6", "timestamp": "2026-08-22T14:08:24.956812", "sender_account": "VALP74928055025578", "receiver_account": "SOBM80491499457608", "amount": 1080.35, "currency": "USD", "type": "NORMAL"}
{"transaction_id": "b7f3573c-926c-4fa0-a6d8-4871146c2532", "timestamp": "2026-08-22T14:08:25.957737", "sender_account": "BWKA78710027600682", "receiver_account": "FOKF83913028698195", "amount": 539.12, "currency": "USD", "type": "NORMAL"}
{"transaction_id": "143ca13b-5edf-4e14-901c-b7c877c68fda", "timestamp": "2026-08-22T14:08:26.958373", "sender_account": "PCEW62562572220429", "receiver_account": "GIBZ40473797020174", "amount": 9900.0, "currency": "USD", "type": "FRAUD_PLACEMENT"}
{"transaction_id": "63cdd1f9-cbb9-4409-a5df-089c1b2a14a6", "timestamp": "2026-08-22T14:08:26.958429", "sender_account": "GIBZ40473797020174", "receiver_account": "TKNE95981619733116", "amount": 9900.0, "currency": "USD", "type": "FRAUD_LAYERING"}
{"transaction_id": "ae59ac3f-b520-40cc-a870-6f898379f3b9", "timestamp": "2026-08-22T14:08:27.959691", "sender_account": "OONT57623890878105", "receiver_account": "BMWQ07401602650724", "amount": 2951.14, "currency": "USD", "type": "NORMAL"}
{"transaction_id": "3f5ff869-9767-4786-a467-fe4fc02f6933", "timestamp": "2026-08-22T14:08:28.960436", "sender_account": "DRXV24124034784149", "receiver_account": "OWJJ95183742153706", "amount": 489.86, "currency": "USD", "type": "NORMAL"}
{"transaction_id": "39a9b4ed-2721-4211-b2db-df2ec05528c4", "timestamp": "2026-08-22T14:08:29.961339", "sender_account": "NORJ47127315571079", "receiver_account": "ECDH75774390227986", "amount": 1685.8, "currency": "USD", "type": "NORMAL"}
{"transaction_id": "c9257fb4-a6ce-45bf-a667-75fd82e71cdc", "timestamp": "2026-08-22T14:08:30.962483", "sender_account": "WKTH11946849130998", "receiver_account": "YFVA16193788759614", "amount": 425.1, "currency": "USD", "type": "NORMAL"}
{"transaction_id": "35c6d9f2-d939-44cf-91a7-e5d60cbfed12", "timestamp": "2026-08-22T14:08:31.963205", "sender_account": "ZRSL02416594373530", "receiver_account": "BMWQ07401602650724", "amount": 110.93, "currency": "USD", "type": "NORMAL"}
{"transaction_id": "b453fa1a-da7f-48aa-b724-cbd99adf530e", "timestamp": "2026-08-22T14:08:32.964013", "sender_account": "OONT57623890878105", "receiver_account": "ZWCH93320854773187", "amount": 2646.89, "currency": "USD", "type": "NORMAL"}
{"transaction_id": "5f14decf-ae43-4f89-a28a-43ce8af40545", "timestamp": "2026-08-22T14:08:33.964938", "sender_account": "OWJJ95183742153706", "receiver_account": "FXIM87758079103884", "amount": 2348.38, "currency": "USD", "type": "NORMAL"}
{"transaction_id": "0ee792c8-bf1b-40f0-9acb-5cff05ebaed9", "timestamp": "2026-08-22T14:08:34.966022", "sender_account": "TKCO15830034158606", "receiver_account": "XMJK82504694562095", "amount": 3965.1, "currency": "USD", "type": "NORMAL"}
{"transaction_id": "f98a97ab-efd9-4f27-93fd-d02ca22766fb", "timestamp": "2026-08-22T14:08:35.967167", "sender_account": "UJCK66397862919111", "receiver_account": "RTKW81167619321392", "amount": 4267.12, "currency": "USD", "type": "NORMAL"}
{"transaction_id": "19d0a912-bd9b-4e95-b56a-a07a7deb6373", "timestamp": "2026-08-22T14:08:36.967892", "sender_account": "ZWCH93320854773187", "receiver_account": "OBST45783212332050", "amount": 9900.0, "currency": "USD", "type": "FRAUD_PLACEMENT"}
{"transaction_id": "df1fe8f9-444d-4ada-aaf7-0a1422568a20", "timestamp": "2026-08-22T14:08:36.967935", "sender_account": "OBST45783212332050", "receiver_account": "TKNE95981619733116", "amount": 9900.0, "currency": "USD", "type": "FRAUD_LAYERING"}
{"transaction_id": "6c49cba9-966e-40b4-bb87-37c5359a71b9", "timestamp": "2026-08-22T14:08:37.969058", "sender_account": "MLNT98933143420708", "receiver_account": "BMWQ07401602650724", "amount": 9900.0, "currency": "USD", "type": "FRAUD_PLACEMENT"}
{"transaction_id": "ec41a218-d5a6-4051-852d-b1b261b47b5d", "timestamp": "2026-08-22T14:08:37.969093", "sender_account": "BMWQ07401602650724", "receiver_account": "TKNE95981619733116", "amount": 9900.0, "currency": "USD", "type": "FRAUD_LAYERING"}
{"transaction_id": "56292a68-de4a-451b-81f2-15084ad80937", "timestamp": "2026-08-22T14:08:38.969892", "sender_account": "BLTT28136406266695", "receiver_account": "KSQR22887690863408", "amount": 2815.67, "currency": "USD", "type": "NORMAL"}
{"transaction_id": "36a95ff7-f82d-419b-bde0-e49c32e57634", "timestamp": "2026-08-22T14:08:39.970914", "sender_account": "ZADP42098975580841", "receiver_account": "BMWQ07401602650724", "amount": 9900.0, "currency": "USD", "type": "FRAUD_PLACEMENT"}
{"transaction_id": "ecc63a65-09c5-4408-9d65-9f07be75d7b7", "timestamp": "2026-08-22T14:08:39.970957", "sender_account": "BMWQ07401602650724", "receiver_account": "TKNE95981619733116", "amount": 9900.0, "currency": "USD", "type": "FRAUD_LAYERING"}
{"transaction_id": "90e3f915-3437-4d9c-a08e-ef00aa9a228b", "timestamp": "2026-08-22T14:08:40.972196", "sender_account": "ZVIU98542550975060", "receiver_account": "ZFKA83364609539681", "amount": 4705.63, "currency": "USD", "type": "NORMAL"}
{"transaction_id": "19bf44f9-d428-4260-a2cc-8d5cb23c1152", "timestamp": "2026-08-22T14:08:41.973256", "sender_account": "EUPF21042455172540", "receiver_account": "OBST45783212332050", "amount": 9900.0, "currency": "USD", "type": "FRAUD_PLACEMENT"}
{"transaction_id": "9ab6f2c2-645b-4144-a240-f1abcc382299", "timestamp": "2026-08-22T14:08:41.973290", "sender_account": "OBST45783212332050", "receiver_account": "TKNE95981619733116", "amount": 9900.0, "currency": "USD", "type": "FRAUD_LAYERING"}
{"transaction_id": "caa9b8ad-2be1-4733-a141-616cb6cb90d0", "timestamp": "2026-08-22T14:08:42.974238", "sender_account": "UOIY52992373188750", "receiver_account": "SOBM80491499457608", "amount": 2977.94, "currency": "USD", "type": "NORMAL"}
{"transaction_id": "236c1ba6-7016-4bdf-9497-e8317a3fb88a", "timestamp": "2026-08-22T14:08:43.975309", "sender_account": "YIRQ99574502470842", "receiver_account": "BMWQ07401602650724", "amount": 9900.0, "currency": "USD", "type": "FRAUD_PLACEMENT"}
{"transaction_id": "f7e0de7b-2838-4f66-adc0-c82e9abe5868", "timestamp": "2026-08-22T14:08:43.975352", "sender_account": "BMWQ07401602650724", "receiver_account": "TKNE95981619733116", "amount": 9900.0, "currency": "USD", "type": "FRAUD_LAYERING"}
{"transaction_id": "dcff404a-a4f1-4d65-b926-058e97fac23c", "timestamp": "2026-08-22T14:08:44.976229", "sender_account": "YIRQ99574502470842", "receiver_account": "KNAU16349393570336", "amount": 735.94, "currency": "USD", "type": "NORMAL"}
{"transaction_id": "7420103d-bc7d-4a3c-84ad-ce34a30b571e", "timestamp": "2026-08-22T14:08:46.001776", "sender_account": "YGUU62893874834917", "receiver_account": "RZVP21155505850037", "amount": 84.05, "currency": "USD", "type": "NORMAL"}
{"transaction_id": "50ce1594-8d56-426d-8bf3-5ec92ba02beb", "timestamp": "2026-08-22T14:08:47.063933", "sender_account": "YGUU62893874834917", "receiver_account": "XMJK82504694562095", "amount": 4423.43, "currency": "USD", "type": "NORMAL"}
{"transaction_id": "5e0a5c7c-87af-4729-bfa8-8819b6ff6596", "timestamp": "2026-08-22T14:08:48.064697", "sender_account": "VVRM26534773504180", "receiver_account": "KNAU16349393570336", "amount": 4726.35, "currency": "USD", "type": "NORMAL"}
{"transaction_id": "e33c75b1-fb05-4c82-acd9-f8f8a536d619", "timestamp": "2026-08-22T14:08:49.065722", "sender_account": "JQKJ34058795741041", "receiver_account": "FLWW48003862994101", "amount": 2124.35, "currency": "USD", "type": "NORMAL"}
{"transaction_id": "1b925607-064f-4681-bfc5-026da3dedb3f", "timestamp": "2026-08-22T14:08:50.066873", "sender_account": "GOHX63551834343537", "receiver_account": "YGUU62893874834917", "amount": 3637.68, "currency": "USD", "type": "NORMAL"}
{"transaction_id": "27f887a8-6424-4afb-ab20-b30b99b7680e", "timestamp": "2026-08-22T14:08:51.067630", "sender_account": "UOIY52992373188750", "receiver_account": "VPQE19399427637466", "amount": 9900.0, "currency": "USD", "type": "FRAUD_PLACEMENT"}
{"transaction_id": "fddced1b-6dd2-4651-aa9c-f8f6af7622b2", "timestamp": "2026-08-22T14:08:51.067675", "sender_account": "VPQE19399427637466", "receiver_account": "TKNE95981619733116", "amount": 9900.0, "currency": "USD", "type": "FRAUD_LAYERING"}
{"transaction_id": "6207358b-1944-40e6-941c-ed4efab40684", "timestamp": "2026-08-22T14:08:52.068590", "sender_account": "MIJN31964293863181", "receiver_account": "CWAH81262579423819", "amount": 2375.32, "currency": "USD", "type": "NORMAL"}
{"transaction_id": "5a2914e0-7b23-46c5-b552-78f1e407d878", "timestamp": "2026-08-22T14:08:53.069314", "sender_account": "WQIV41315931568868", "receiver_account": "ZISS86727170516266", "amount": 2487.48, "currency": "USD", "type": "NORMAL"}
{"transaction_id": "6bfc5b89-0809-4cc0-b446-c525be5756f7", "timestamp": "2026-08-22T14:08:54.070032", "sender_account": "ZGMR58754809663746", "receiver_account": "OXKV10606491971240", "amount": 3178.69, "currency": "USD", "type": "NORMAL"}
{"transaction_id": "3b29d85b-2295-472f-8819-f47545cca47a", "timestamp": "2026-08-22T14:08:55.070834", "sender_account": "ZWCH93320854773187", "receiver_account": "BMWQ07401602650724", "amount": 9900.0, "currency": "USD", "type": "FRAUD_PLACEMENT"}
{"transaction_id": "c38acba3-58c4-4ec8-80f8-f1c0b34b65aa", "timestamp": "2026-08-22T14:08:55.070870", "sender_account": "BMWQ07401602650724", "receiver_account": "TKNE95981619733116", "amount": 9900.0, "currency": "USD", "type": "FRAUD_LAYERING"}
{"transaction_id": "618a18e9-c989-4b16-b8e5-a9c24728d40d", "timestamp": "2026-08-22T14:08:56.071717", "sender_account": "MLNT98933143420708", "receiver_account": "TYZA12395659119598", "amount": 9900.0, "currency": "USD", "type": "FRAUD_PLACEMENT"}
{"transaction_id": "d123daa5-de9b-4c89-99f2-99269bfdc3fb", "timestamp": "2026-08-22T14:08:56.071805", "sender_account": "TYZA12395659119598", "receiver_account": "TKNE95981619733116", "amount": 9900.0, "currency": "USD", "type": "FRAUD_LAYERING"}
{"transaction_id": "748c7c0f-a3bd-4b98-8233-5996a998227e", "timestamp": "2026-08-22T14:08:57.072873", "sender_account": "IQWF66011720786197", "receiver_account": "GLIT62311059003233", "amount": 3617.54, "currency": "USD", "type": "NORMAL"}
{"transaction_id": "4c421b28-f208-446b-8719-483e137ca777", "timestamp": "2026-08-22T14:08:58.073819", "sender_account": "ZRSL02416594373530", "receiver_account": "QJTE47754309425360", "amount": 321.99, "currency": "USD", "type": "NORMAL"}
{"transaction_id": "78155be5-0a2b-47d1-bd87-5e707d69611f", "timestamp": "2026-08-22T14:08:59.075121", "sender_account": "IQWF66011720786197", "receiver_account": "SNQR02825333527062", "amount": 3122.19, "currency": "USD", "type": "NORMAL"}
{"transaction_id": "749d4214-f522-4b48-a408-4efb210d47a6", "timestamp": "2026-08-22T14:09:00.076054", "sender_account": "GKOO36379143283440", "receiver_account": "WSCV53841899351261", "amount": 3581.97, "currency": "USD", "type": "NORMAL"}
{"transaction_id": "5b2dac88-a32e-489d-b7b9-878f34f373d6", "timestamp": "2026-08-22T14:09:01.076874", "sender_account": "ZFKA83364609539681", "receiver_account": "MGQC27256683991625", "amount": 1981.23, "currency": "USD", "type": "NORMAL"}
{"transaction_id": "a9ea29be-5004-4046-9b2a-e2077baf8c22", "timestamp": "2026-08-22T14:09:02.077671", "sender_account": "UQUO78118349294482", "receiver_account": "VVRM26534773504180", "amount": 3971.67, "currency": "USD", "type": "NORMAL"}
{"transaction_id": "b30ee6d6-c6fe-441d-950d-b921c66765e6", "timestamp": "2026-08-22T14:09:03.078461", "sender_account": "HNVF64891754144366", "receiver_account": "TYZA12395659119598", "amount": 9900.0, "currency": "USD", "type": "FRAUD_PLACEMENT"}
{"transaction_id": "3618046f-cb80-42dc-b369-dbbbc79093e5", "timestamp": "2026-08-22T14:09:03.078504", "sender_account": "TYZA12395659119598", "receiver_account": "TKNE95981619733116", "amount": 9900.0, "currency": "USD", "type": "FRAUD_LAYERING"}
{"transaction_id": "41139963-3e7c-4c01-9171-e62b41b1b3ae", "timestamp": "2026-08-22T14:09:04.079601", "sender_account": "NRLN08377251537949", "receiver_account": "WCLE91496399180753", "amount": 4833.62, "currency": "USD", "type": "NORMAL"}
{"transaction_id": "2a005edf-c556-4547-8f94-48d833a9efc3", "timestamp": "2026-08-22T14:09:05.080735", "sender_account": "OXKV10606491971240", "receiver_account": "DRXV24124034784149", "amount": 932.37, "currency": "USD", "type": "NORMAL"}
{"transaction_id": "0686bdf5-bbcc-438b-8a6c-59de16d116a2", "timestamp": "2026-08-22T14:09:06.081585", "sender_account": "BARZ06398633576495", "receiver_account": "SNQR02825333527062", "amount": 3553.05, "currency": "USD", "type": "NORMAL"}
{"transaction_id": "e80edeaf-605e-4851-9a35-1f5c678c3266", "timestamp": "2026-08-22T14:09:07.082732", "sender_account": "ONTE15993666350518", "receiver_account": "MFRJ31603040538232", "amount": 1405.96, "currency": "USD", "type": "NORMAL"}
{"transaction_id": "05e01296-f82d-4c9b-ba9e-43c2128d3ef9", "timestamp": "2026-08-22T14:09:08.083648", "sender_account": "ZMWS54714289381237", "receiver_account": "BOQG09638950855355", "amount": 4967.7, "currency": "USD", "type": "NORMAL"}
{"transaction_id": "d6efb854-3bbd-4494-b7f1-dcb1f8cf74a9", "timestamp": "2026-08-22T14:09:09.084565", "sender_account": "KOVQ87848311751921", "receiver_account": "ZGYE32529717670955", "amount": 1112.67, "currency": "USD", "type": "NORMAL"}
{"transaction_id": "86cd2ecb-3c9c-435c-ad43-0ba9a1fdc8fa", "timestamp": "2026-08-22T14:09:10.085376", "sender_account": "FOKF83913028698195", "receiver_account": "BMWQ07401602650724", "amount": 9900.0, "currency": "USD", "type": "FRAUD_PLACEMENT"}
{"transaction_id": "b175fed0-e1a2-41d0-97cc-d1cac8955e77", "timestamp": "2026-08-22T14:09:10.085417", "sender_account": "BMWQ07401602650724", "receiver_account": "TKNE95981619733116", "amount": 9900.0, "currency": "USD", "type": "FRAUD_LAYERING"}
{"transaction_id": "9bb9f441-e5ae-4532-b078-a24371b575d6", "timestamp": "2026-08-22T14:09:11.086379", "sender_account": "BMWQ07401602650724", "receiver_account": "MPYG47417771988920", "amount": 3077.1, "currency": "USD", "type": "NORMAL"}
{"transaction_id": "7a20ed3c-73c9-4c70-9a1b-2d8830f5e047", "timestamp": "2026-08-22T14:09:12.087411", "sender_account": "EUPF21042455172540", "receiver_account": "ZADP42098975580841", "amount": 2312.42, "currency": "USD", "type": "NORMAL"}
{"transaction_id": "0d576a0b-12a1-4520-be1e-18807150c555", "timestamp": "2026-08-22T14:09:13.088143", "sender_account": "MREZ94532505100354", "receiver_account": "VALP74928055025578", "amount": 4521.32, "currency": "USD", "type": "NORMAL"}
{"transaction_id": "4bb105c2-9d48-4b37-9b97-29cad26b3e66", "timestamp": "2026-08-22T14:09:14.089149", "sender_account": "ITUW94328852809457", "receiver_account": "OONT57623890878105", "amount": 1858.1, "currency": "USD", "type": "NORMAL"}
{"transaction_id": "d9618aff-d07b-4c71-bf8e-b44a3051f5d2", "timestamp": "2026-08-22T14:09:15.090217", "sender_account": "ZRSL02416594373530", "receiver_account": "EUPF21042455172540", "amount": 504.2, "currency": "USD", "type": "NORMAL"}
{"transaction_id": "2701c4d4-a1be-4e0a-926d-c4faaa97e05b", "timestamp": "2026-08-22T14:09:16.090814", "sender_account": "ONTE15993666350518", "receiver_account": "BARZ06398633576495", "amount": 2913.94, "currency": "USD", "type": "NORMAL"}
{"transaction_id": "05c3fd0d-c491-4acd-b2ad-b3143660ce2f", "timestamp": "2026-08-22T14:09:17.091606", "sender_account": "REUU89703871611287", "receiver_account": "TYZA12395659119598", "amount": 9900.0, "currency": "USD", "type": "FRAUD_PLACEMENT"}
{"transaction_id": "2c2a4e07-579f-4b99-8e04-4914cfccb383", "timestamp": "2026-08-22T14:09:17.091645", "sender_account": "TYZA12395659119598", "receiver_account": "TKNE95981619733116", "amount": 9900.0, "currency": "USD", "type": "FRAUD_LAYERING"}
{"transaction_id": "15b73ce3-d3b6-459a-b40e-c322b9143b85", "timestamp": "2026-08-22T14:09:18.092942", "sender_account": "DRXV24124034784149", "receiver_account": "UOIY52992373188750", "amount": 28.14, "currency": "USD", "type": "NORMAL"}
{"transaction_id": "ff6eb25e-5ff1-47ef-8957-69c32c173233", "timestamp": "2026-08-22T14:09:19.093775", "sender_account": "PCEW62562572220429", "receiver_account": "YHPD62845950258653", "amount": 1301.33, "currency": "USD", "type": "NORMAL"}
{"transaction_id": "8d7bc5f6-690b-41eb-89c4-fd6089641b7b", "timestamp": "2026-08-22T14:09:20.094768", "sender_account": "ZQRY82107849082085", "receiver_account": "QNGB06866193861206", "amount": 2969.56, "currency": "USD", "type": "NORMAL"}
{"transaction_id": "13eae31d-36da-4b54-83c5-a509a53102ba", "timestamp": "2026-08-22T14:09:21.095736", "sender_account": "TKCO15830034158606", "receiver_account": "JRIS76694227569281", "amount": 3724.12, "currency": "USD", "type": "NORMAL"}
{"transaction_id": "d5e45249-5ed6-48fd-a834-a6dd919180aa", "timestamp": "2026-08-22T14:09:22.097160", "sender_account": "FXIM87758079103884", "receiver_account": "EUPF21042455172540", "amount": 2657.3, "currency": "USD", "type": "NORMAL"}
{"transaction_id": "70c55da7-6168-4770-a8ac-01409b60973a", "timestamp": "2026-08-22T14:09:23.098068", "sender_account": "OCPV45827561184835", "receiver_account": "FOBA45363711762614", "amount": 3968.83, "currency": "USD", "type": "NORMAL"}
{"transaction_id": "f368ec68-7461-482b-9680-40eb5f7e483b", "timestamp": "2026-08-22T14:09:24.099314", "sender_account": "QJTE47754309425360", "receiver_account": "TYUO44513722171270", "amount": 2654.48, "currency": "USD", "type": "NORMAL"}
{"transaction_id": "315662c5-f8c5-4164-a910-4f892afeef50", "timestamp": "2026-08-22T14:09:25.100347", "sender_account": "ECDH75774390227986", "receiver_account": "VPQE19399427637466", "amount": 9900.0, "currency": "USD", "type": "FRAUD_PLACEMENT"}
{"transaction_id": "0f2a8d71-d774-4378-86c0-13a25a607bd1", "timestamp": "2026-08-22T14:09:25.100391", "sender_account": "VPQE19399427637466", "receiver_account": "TKNE95981619733116", "amount": 9900.0, "currency": "USD", "type": "FRAUD_LAYERING"}
{"transaction_id": "f4e984ff-e7be-4aae-be4b-f4b489dd1b9f", "timestamp": "2026-08-22T14:09:26.101340", "sender_account": "NORJ47127315571079", "receiver_account": "VPQE19399427637466", "amount": 1959.44, "currency": "USD", "type": "NORMAL"}
{"transaction_id": "90c98560-6ce1-4619-ad8e-c8689914eca7", "timestamp": "2026-08-22T14:09:27.102054", "sender_account": "HNVF64891754144366", "receiver_account": "QTXV40623378585875", "amount": 2586.88, "currency": "USD", "type": "NORMAL"}
{"transaction_id": "c43b8b3b-7e8a-4029-a0e9-fb49ec1701eb", "timestamp": "2026-08-22T14:09:28.103060", "sender_account": "NRLN08377251537949", "receiver_account": "XMJK82504694562095", "amount": 4657.09, "currency": "USD", "type": "NORMAL"}
{"transaction_id": "3f1d08e6-d85d-4e05-9b57-e5a90b12229c", "timestamp": "2026-08-22T14:09:29.104021", "sender_account": "BTCE30031727194183", "receiver_account": "EMXL67993602576108", "amount": 954.02, "currency": "USD", "type": "NORMAL"}
{"transaction_id": "c040dc02-abf2-452e-bd32-cc59313362d3", "timestamp": "2026-08-22T14:09:30.104670", "sender_account": "VVRM26534773504180", "receiver_account": "POPI60802500302561", "amount": 1368.61, "currency": "USD", "type": "NORMAL"}
{"transaction_id": "159b3388-b6db-4c81-bf20-2e89a211d6d5", "timestamp": "2026-08-22T14:09:31.105456", "sender_account": "ZADP42098975580841", "receiver_account": "VPQE19399427637466", "amount": 9900.0, "currency": "USD", "type": "FRAUD_PLACEMENT"}
{"transaction_id": "ac2d75d2-b913-4f5d-8e89-94e00d35b86d", "timestamp": "2026-08-22T14:09:31.105498", "sender_account": "VPQE19399427637466", "receiver_account": "TKNE95981619733116", "amount": 9900.0, "currency": "USD", "type": "FRAUD_LAYERING"}
{"transaction_id": "ea0ad347-5092-40c7-b5d6-578251f5ac87", "timestamp": "2026-08-22T14:09:32.106511", "sender_account": "YXRF85957215814306", "receiver_account": "MFRJ31603040538232", "amount": 4001.61, "currency": "USD", "type": "NORMAL"}
{"transaction_id": "f056b5b3-3412-4284-b811-1f263b840693", "timestamp": "2026-08-22T14:09:33.107268", "sender_account": "VPQE19399427637466", "receiver_account": "IFXC26846099455699", "amount": 168.99, "currency": "USD", "type": "NORMAL"}
{"transaction_id": "da040d40-a0ab-442b-abe9-0205d3768cd7", "timestamp": "2026-08-22T14:09:34.110304", "sender_account": "ZBAV57583531826293", "receiver_account": "BMWQ07401602650724", "amount": 9900.0, "currency": "USD", "type": "FRAUD_PLACEMENT"}
{"transaction_id": "fe6d6da6-7cdb-4449-8621-9c55c282f96b", "timestamp": "2026-08-22T14:09:34.110344", "sender_account": "BMWQ07401602650724", "receiver_account": "TKNE95981619733116", "amount": 9900.0, "currency": "USD", "type": "FRAUD_LAYERING"}
{"transaction_id": "9added74-bd88-4cb9-a144-a0ec862da688", "timestamp": "2026-08-22T14:09:35.111322", "sender_account": "ZADP42098975580841", "receiver_account": "BMWQ07401602650724", "amount": 9900.0, "currency": "USD", "type": "FRAUD_PLACEMENT"}
{"transaction_id": "2f417780-c64e-427c-bbca-1315259bbe3c", "timestamp": "2026-08-22T14:09:35.111363", "sender_account": "BMWQ07401602650724", "receiver_account": "TKNE95981619733116", "amount": 9900.0, "currency": "USD", "type": "FRAUD_LAYERING"}
{"transaction_id": "1e57a831-9431-4941-99f7-67467e6257f3", "timestamp": "2026-08-22T14:09:36.112254", "sender_account": "CDPO86269475852321", "receiver_account": "QJTE47754309425360", "amount": 3410.61, "currency": "USD", "type": "NORMAL"}
{"transaction_id": "c0c196ab-3ca6-4393-b211-b7b47c9b29c5", "timestamp": "2026-08-22T14:09:37.112993", "sender_account": "VPQE19399427637466", "receiver_account": "ZISS86727170516266", "amount": 3608.25, "currency": "USD", "type": "NORMAL"}
{"transaction_id": "0568aeb8-1b86-4abf-a2d7-772882c3d0d2", "timestamp": "2026-08-22T14:09:38.114054", "sender_account": "FOBA45363711762614", "receiver_account": "TYUO44513722171270", "amount": 752.35, "currency": "USD", "type": "NORMAL"}
{"transaction_id": "e32960be-fde5-4a54-85d4-94df3179e525", "timestamp": "2026-08-22T14:09:39.114967", "sender_account": "WIYV91633626744584", "receiver_account": "UQUO78118349294482", "amount": 1921.31, "currency": "USD", "type": "NORMAL"}
{"transaction_id": "f5227c1a-014d-43c9-835c-046e450ae23c", "timestamp": "2026-08-22T14:09:40.115861", "sender_account": "VPQE19399427637466", "receiver_account": "OCPV45827561184835", "amount": 1964.95, "currency": "USD", "type": "NORMAL"}
{"transaction_id": "1738c9ee-173f-4906-ac8a-a88c33127ba3", "timestamp": "2026-08-22T14:09:41.116438", "sender_account": "VNZI08329609359985", "receiver_account": "BLTT28136406266695", "amount": 2654.38, "currency": "USD", "type": "NORMAL"}
{"transaction_id": "4122148c-fd64-4b82-b2fb-406b40025025", "timestamp": "2026-08-22T14:09:42.117335", "sender_account": "DRXV24124034784149", "receiver_account": "ZBAV57583531826293", "amount": 4024.87, "currency": "USD", "type": "NORMAL"}
{"transaction_id": "84b250ac-a608-463d-ab4b-939a33cf63ac", "timestamp": "2026-08-22T14:09:43.118124", "sender_account": "GOHX63551834343537", "receiver_account": "ZISS86727170516266", "amount": 378.29, "currency": "USD", "type": "NORMAL"}
{"transaction_id": "a58d6f7c-3db4-4694-87f9-0d012e4a6101", "timestamp": "2026-08-22T14:09:44.119054", "sender_account": "JQKJ34058795741041", "receiver_account": "VALP74928055025578", "amount": 4208.84, "currency": "USD", "type": "NORMAL"}
{"transaction_id": "fbf49188-5dd6-4384-a316-46cddcd288f9", "timestamp": "2026-08-22T14:09:45.128148", "sender_account": "FOKF83913028698195", "receiver_account": "TYZA12395659119598", "amount": 9900.0, "currency": "USD", "type": "FRAUD_PLACEMENT"}
{"transaction_id": "ab2d83fa-6fdb-4e74-972d-d3faf4071445", "timestamp": "2026-08-22T14:09:45.128189", "sender_account": "TYZA12395659119598", "receiver_account": "TKNE95981619733116", "amount": 9900.0, "currency": "USD", "type": "FRAUD_LAYERING"}
{"transaction_id": "46f317a5-f622-4be9-93d9-e8faa7665b5e", "timestamp": "2026-08-22T14:09:46.129197", "sender_account": "GOHX63551834343537", "receiver_account": "ZQRY82107849082085", "amount": 4419.06, "currency": "USD", "type": "NORMAL"}
{"transaction_id": "bdd05c6b-3880-414c-ac39-6ab0564721f3", "timestamp": "2026-08-22T14:09:47.130161", "sender_account": "ITUW94328852809457", "receiver_account": "JRIS76694227569281", "amount": 2564.63, "currency": "USD", "type": "NORMAL"}
{"transaction_id": "ce043666-e0fd-4522-9dda-b2be5c716819", "timestamp": "2026-08-22T14:09:48.131109", "sender_account": "ONTE15993666350518", "receiver_account": "VVRM26534773504180", "amount": 62.77, "currency": "USD", "type": "NORMAL"}
{"transaction_id": "61989059-1533-43f1-8856-6c588e081205", "timestamp": "2026-08-22T14:09:49.131772", "sender_account": "WKTH11946849130998", "receiver_account": "HBOW30753169678897", "amount": 1831.65, "currency": "USD", "type": "NORMAL"}
{"transaction_id": "1a13e185-99a6-4a01-9573-a0cee3d7f18c", "timestamp": "2026-08-22T14:09:50.132864", "sender_account": "IVEN85122238604633", "receiver_account": "QTXV40623378585875", "amount": 4253.61, "currency": "USD", "type": "NORMAL"}
{"transaction_id": "93fc32f8-0ce7-4627-bbfe-12c5d988db54", "timestamp": "2026-08-22T14:09:51.133923", "sender_account": "POPI60802500302561", "receiver_account": "GIBZ40473797020174", "amount": 9900.0, "currency": "USD", "type": "FRAUD_PLACEMENT"}
{"transaction_id": "f7bac62a-0742-4110-80ca-a76acbb02fc2", "timestamp": "2026-08-22T14:09:51.133965", "sender_account": "GIBZ40473797020174", "receiver_account": "TKNE95981619733116", "amount": 9900.0, "currency": "USD", "type": "FRAUD_LAYERING"}
{"transaction_id": "7c295227-f97c-4f3a-873d-2c01815eb21b", "timestamp": "2026-08-22T14:09:52.135216", "sender_account": "BWKA78710027600682", "receiver_account": "QOSV59129264416433", "amount": 1586.43, "currency": "USD", "type": "NORMAL"}
{"transaction_id": "d2e7e2a2-a1f7-4a14-a3e3-dcc2047b351a", "timestamp": "2026-08-22T14:09:53.136316", "sender_account": "ZWCH93320854773187", "receiver_account": "RTKW81167619321392", "amount": 39.35, "currency": "USD", "type": "NORMAL"}
{"transaction_id": "ffe43c58-dc3d-44d3-bf9f-0685f992fb9f", "timestamp": "2026-08-22T14:09:54.137100", "sender_account": "ZBAV57583531826293", "receiver_account": "OBST45783212332050", "amount": 9900.0, "currency": "USD", "type": "FRAUD_PLACEMENT"}
{"transaction_id": "bcca1022-e85c-45b6-a875-5bf613b86aed", "timestamp": "2026-08-22T14:09:54.137137", "sender_account": "OBST45783212332050", "receiver_account": "TKNE95981619733116", "amount": 9900.0, "currency": "USD", "type": "FRAUD_LAYERING"}
{"transaction_id": "d4e4cbae-1b0a-473c-b7ad-3735dec4d304", "timestamp": "2026-08-22T14:09:55.138369", "sender_account": "MPYG47417771988920", "receiver_account": "SNQR02825333527062", "amount": 3190.56, "currency": "USD", "type": "NORMAL"}
{"transaction_id": "bd5d70f0-b7b2-40bc-b6b2-9a47a153fd50", "timestamp": "2026-08-22T14:09:56.138994", "sender_account": "POPI60802500302561", "receiver_account": "MGQC27256683991625", "amount": 4598.53, "currency": "USD", "type": "NORMAL"}
{"transaction_id": "ef04a494-bb06-44c5-a486-e59b744f43be", "timestamp": "2026-08-22T14:09:57.139801", "sender_account": "WIYV91633626744584", "receiver_account": "ZADP42098975580841", "amount": 1640.03, "currency": "USD", "type": "NORMAL"}
{"transaction_id": "ea81fdcc-08db-4200-b282-8f6c01e52ea5", "timestamp": "2026-08-22T14:09:58.140865", "sender_account": "ZRSL02416594373530", "receiver_account": "MREZ94532505100354", "amount": 442.04, "currency": "USD", "type": "NORMAL"}
{"transaction_id": "ad6fc1a6-4669-4d48-8462-0c28ac9b54da", "timestamp": "2026-08-22T14:09:59.141862", "sender_account": "BLTT28136406266695", "receiver_account": "MIJN31964293863181", "amount": 4261.83, "currency": "USD", "type": "NORMAL"}
{"transaction_id": "249b9d74-0fb6-46e7-91b1-d16668c509db", "timestamp": "2026-08-22T14:10:00.142662", "sender_account": "GOHX63551834343537", "receiver_account": "PALM16133745049607", "amount": 3848.48, "currency": "USD", "type": "NORMAL"}
{"transaction_id": "a8bf6209-fe5e-41d5-bb7f-8988fdbb68f6", "timestamp": "2026-08-22T14:10:01.143583", "sender_account": "JGKZ81762083124666", "receiver_account": "MGQC27256683991625", "amount": 3433.55, "currency": "USD", "type": "NORMAL"}
{"transaction_id": "a0ed35b3-940d-4bab-89c2-74731fb48f59", "timestamp": "2026-08-22T14:10:02.144800", "sender_account": "BATQ26066122589537", "receiver_account": "YRYY89437144222231", "amount": 3658.71, "currency": "USD", "type": "NORMAL"}
{"transaction_id": "90fb4070-08f3-4740-9e61-6bf9c138d345", "timestamp": "2026-08-22T14:10:03.145557", "sender_account": "YGUU62893874834917", "receiver_account": "NORJ47127315571079", "amount": 568.65, "currency": "USD", "type": "NORMAL"}
{"transaction_id": "ef606847-4109-4685-8f64-080828561a45", "timestamp": "2026-08-22T14:10:04.146234", "sender_account": "ZADP42098975580841", "receiver_account": "VPQE19399427637466", "amount": 9900.0, "currency": "USD", "type": "FRAUD_PLACEMENT"}
{"transaction_id": "9a67d6ba-9a28-466e-9f2e-a2f6882e4ed8", "timestamp": "2026-08-22T14:10:04.146287", "sender_account": "VPQE19399427637466", "receiver_account": "TKNE95981619733116", "amount": 9900.0, "currency": "USD", "type": "FRAUD_LAYERING"}
{"transaction_id": "acd22348-b91f-4c44-9175-67923e89172c", "timestamp": "2026-08-22T14:10:05.147467", "sender_account": "WKTH11946849130998", "receiver_account": "YRYY89437144222231", "amount": 4997.02, "currency": "USD", "type": "NORMAL"}
{"transaction_id": "c7fefc01-29b5-40c2-a88b-975feee1d103", "timestamp": "2026-08-22T14:10:06.148557", "sender_account": "XMJK82504694562095", "receiver_account": "YXRF85957215814306", "amount": 3220.44, "currency": "USD", "type": "NORMAL"}
{"transaction_id": "beab9639-e5ee-4c12-9315-5976d0f3b723", "timestamp": "2026-08-22T14:10:07.149281", "sender_account": "YGUU62893874834917", "receiver_account": "CWAH81262579423819", "amount": 4724.1, "currency": "USD", "type": "NORMAL"}
{"transaction_id": "a5bd1ff2-3073-4636-9cd5-d646cfe726d2", "timestamp": "2026-08-22T14:10:08.150091", "sender_account": "ZBAV57583531826293", "receiver_account": "POPI60802500302561", "amount": 3754.37, "currency": "USD", "type": "NORMAL"}
{"transaction_id": "4b587454-1ccf-47e8-89bf-91679fb5a8d0", "timestamp": "2026-08-22T14:10:09.150703", "sender_account": "WIYV91633626744584", "receiver_account": "MREZ94532505100354", "amount": 3266.39, "currency": "USD", "type": "NORMAL"}
{"transaction_id": "d1a757a6-b49b-43bb-b8d9-360e66b7e833", "timestamp": "2026-08-22T14:10:10.151622", "sender_account": "FOKF83913028698195", "receiver_account": "TYUO44513722171270", "amount": 2643.08, "currency": "USD", "type": "NORMAL"}
{"transaction_id": "cf5ca852-7847-405a-a77d-3f7dc58907f7", "timestamp": "2026-08-22T14:10:11.152629", "sender_account": "QNGB06866193861206", "receiver_account": "OWJJ95183742153706", "amount": 835.22, "currency": "USD", "type": "NORMAL"}
{"transaction_id": "7ef1ebac-7e31-4b47-ba51-c987e9560dd9", "timestamp": "2026-08-22T14:10:12.153763", "sender_account": "WCLE91496399180753", "receiver_account": "OCPV45827561184835", "amount": 1687.65, "currency": "USD", "type": "NORMAL"}
{"transaction_id": "9bae5a38-804b-4ea9-9cac-203cf4733c3e", "timestamp": "2026-08-22T14:10:13.154834", "sender_account": "MLNT98933143420708", "receiver_account": "TYZA12395659119598", "amount": 9900.0, "currency": "USD", "type": "FRAUD_PLACEMENT"}
{"transaction_id": "0939616a-61c9-4b23-9d2d-bac1dd7ea779", "timestamp": "2026-08-22T14:10:13.154920", "sender_account": "TYZA12395659119598", "receiver_account": "TKNE95981619733116", "amount": 9900.0, "currency": "USD", "type": "FRAUD_LAYERING"}
{"transaction_id": "c20f8b7d-a8fa-4b7e-b64b-0da2357f95e5", "timestamp": "2026-08-22T14:10:14.156266", "sender_account": "REUU89703871611287", "receiver_account": "VPQE19399427637466", "amount": 9900.0, "currency": "USD", "type": "FRAUD_PLACEMENT"}
{"transaction_id": "4248e8e6-f3bd-41e8-b6b8-24a7a9d73882", "timestamp": "2026-08-22T14:10:14.156308", "sender_account": "VPQE19399427637466", "receiver_account": "TKNE95981619733116", "amount": 9900.0, "currency": "USD", "type": "FRAUD_LAYERING"}
{"transaction_id": "0db6b328-8ad1-45db-a037-e05db420c043", "timestamp": "2026-08-22T14:10:15.157311", "sender_account": "MPYG47417771988920", "receiver_account": "NRLN08377251537949", "amount": 688.97, "currency": "USD", "type": "NORMAL"}
{"transaction_id": "45a2fb5f-dcd4-45d7-ba07-2f356f69163b", "timestamp": "2026-08-22T14:10:16.158364", "sender_account": "YIRQ99574502470842", "receiver_account": "ZADP42098975580841", "amount": 3079.22, "currency": "USD", "type": "NORMAL"}
{"transaction_id": "61febaa4-f37c-4e62-8894-76a0db579099", "timestamp": "2026-08-22T14:10:17.159488", "sender_account": "EUPF21042455172540", "receiver_account": "BMWQ07401602650724", "amount": 9900.0, "currency": "USD", "type": "FRAUD_PLACEMENT"}
{"transaction_id": "c9825534-0a56-4ea8-b61e-1248dc4c59ac", "timestamp": "2026-08-22T14:10:17.159531", "sender_account": "BMWQ07401602650724", "receiver_account": "TKNE95981619733116", "amount": 9900.0, "currency": "USD", "type": "FRAUD_LAYERING"}
{"transaction_id": "656c301a-0d30-4566-b616-fb58b7769e1c", "timestamp": "2026-08-22T14:10:18.160543", "sender_account": "NORJ47127315571079", "receiver_account": "KNAU16349393570336", "amount": 455.55, "currency": "USD", "type": "NORMAL"}
{"transaction_id": "22cce03d-21e2-4cbd-95b7-8c87ba516129", "timestamp": "2026-08-22T14:10:19.161280", "sender_account": "EMXL67993602576108", "receiver_account": "OWJJ95183742153706", "amount": 3123.55, "currency": "USD", "type": "NORMAL"}
{"transaction_id": "c583787d-97c0-4a55-a4c5-c4faf67db6f1", "timestamp": "2026-08-22T14:10:20.162054", "sender_account": "EMXL67993602576108", "receiver_account": "MFRJ31603040538232", "amount": 3493.81, "currency": "USD", "type": "NORMAL"}
{"transaction_id": "b6d92655-f673-4a0a-999a-b125a3bd1ec0", "timestamp": "2026-08-22T14:10:21.162823", "sender_account": "PCEW62562572220429", "receiver_account": "GIBZ40473797020174", "amount": 9900.0, "currency": "USD", "type": "FRAUD_PLACEMENT"}
{"transaction_id": "ece78655-11dc-4b78-97a0-51e9318daf86", "timestamp": "2026-08-22T14:10:21.162857", "sender_account": "GIBZ40473797020174", "receiver_account": "TKNE95981619733116", "amount": 9900.0, "currency": "USD", "type": "FRAUD_LAYERING"}
{"transaction_id": "c7183e15-0a38-43e1-9c91-7ff4f028742c", "timestamp": "2026-08-22T14:10:22.164058", "sender_account": "WQIV41315931568868", "receiver_account": "REUU89703871611287", "amount": 2239.07, "currency": "USD", "type": "NORMAL"}
{"transaction_id": "1979d029-8201-4109-95cd-55dd052cb394", "timestamp": "2026-08-22T14:10:23.165050", "sender_account": "ZMWS54714289381237", "receiver_account": "GLIT62311059003233", "amount": 4490.28, "currency": "USD", "type": "NORMAL"}
{"transaction_id": "0d7c57d1-e0d6-4bce-bdeb-297cc2ddd939", "timestamp": "2026-08-22T14:10:24.165819", "sender_account": "YIRQ99574502470842", "receiver_account": "TYZA12395659119598", "amount": 9900.0, "currency": "USD", "type": "FRAUD_PLACEMENT"}
{"transaction_id": "3c25ed86-93e3-4939-8214-795cc1ec4d40", "timestamp": "2026-08-22T14:10:24.165858", "sender_account": "TYZA12395659119598", "receiver_account": "TKNE95981619733116", "amount": 9900.0, "currency": "USD", "type": "FRAUD_LAYERING"}
{"transaction_id": "8fcf7498-9da3-47db-84d8-c1696ba6a709", "timestamp": "2026-08-22T14:10:25.166954", "sender_account": "NRLN08377251537949", "receiver_account": "WSCV53841899351261", "amount": 3275.51, "currency": "USD", "type": "NORMAL"}
{"transaction_id": "d6ce00e5-8483-4e66-86c6-a10238bc4dfe", "timestamp": "2026-08-22T14:10:26.167710", "sender_account": "EUPF21042455172540", "receiver_account": "VPQE19399427637466", "amount": 9900.0, "currency": "USD", "type": "FRAUD_PLACEMENT"}
{"transaction_id": "eebf12c6-34cf-40ea-9e64-6d53085b6f2b", "timestamp": "2026-08-22T14:10:26.167764", "sender_account": "VPQE19399427637466", "receiver_account": "TKNE95981619733116", "amount": 9900.0, "currency": "USD", "type": "FRAUD_LAYERING"}
{"transaction_id": "210ac281-052a-4b13-86f9-f058a2cbd27e", "timestamp": "2026-08-22T14:10:27.169013", "sender_account": "QOSV59129264416433", "receiver_account": "ECDH75774390227986", "amount": 1128.07, "currency": "USD", "type": "NORMAL"}
{"transaction_id": "b3be2a17-75bb-4071-90c8-7c6fa29c938a", "timestamp": "2026-08-22T14:10:28.170304", "sender_account": "OWJJ95183742153706", "receiver_account": "JHOE55271525311673", "amount": 4989.39, "currency": "USD", "type": "NORMAL"}
{"transaction_id": "90698ac3-a55d-4934-9900-54867510963d", "timestamp": "2026-08-22T14:10:29.171391", "sender_account": "FLWW48003862994101", "receiver_account": "ZGMR58754809663746", "amount": 993.06, "currency": "USD", "type": "NORMAL"}
{"transaction_id": "23985f07-21db-4275-8c78-a1b0a2271bf0", "timestamp": "2026-08-22T14:10:30.172656", "sender_account": "ZGMR58754809663746", "receiver_account": "YXRF85957215814306", "amount": 4870.0, "currency": "USD", "type": "NORMAL"}
{"transaction_id": "15720a04-9cd7-45ed-9d1a-b5d9222dd70b", "timestamp": "2026-08-22T14:10:31.173529", "sender_account": "PCEW62562572220429", "receiver_account": "TYZA12395659119598", "amount": 9900.0, "currency": "USD", "type": "FRAUD_PLACEMENT"}
{"transaction_id": "83bba44b-1f2d-4951-b4b4-7fb1290148d0", "timestamp": "2026-08-22T14:10:31.173563", "sender_account": "TYZA12395659119598", "receiver_account": "TKNE95981619733116", "amount": 9900.0, "currency": "USD", "type": "FRAUD_LAYERING"}
{"transaction_id": "1306848a-e1f7-4710-af04-23d66efa8f46", "timestamp": "2026-08-22T14:10:32.174798", "sender_account": "BMWQ07401602650724", "receiver_account": "MREZ94532505100354", "amount": 4499.41, "currency": "USD", "type": "NORMAL"}
{"transaction_id": "9eb58068-146e-4f90-856e-dc4f3aba636f", "timestamp": "2026-08-22T14:10:33.175940", "sender_account": "WKTH11946849130998", "receiver_account": "JGKZ81762083124666", "amount": 1413.67, "currency": "USD", "type": "NORMAL"}
{"transaction_id": "0e5744c4-fe06-4b74-8e34-9afeea47929a", "timestamp": "2026-08-22T14:10:34.176940", "sender_account": "ZMWS54714289381237", "receiver_account": "VPQE19399427637466", "amount": 9900.0, "currency": "USD", "type": "FRAUD_PLACEMENT"}
{"transaction_id": "e11b6814-7cc8-42fc-a422-38010e582234", "timestamp": "2026-08-22T14:10:34.176981", "sender_account": "VPQE19399427637466", "receiver_account": "TKNE95981619733116", "amount": 9900.0, "currency": "USD", "type": "FRAUD_LAYERING"}
{"transaction_id": "25cbd03d-60a3-4f0d-90be-96839a1948ec", "timestamp": "2026-08-22T14:10:35.177875", "sender_account": "MPYG47417771988920", "receiver_account": "UJCK66397862919111", "amount": 3965.49, "currency": "USD", "type": "NORMAL"}
{"transaction_id": "b25d51d2-8c8f-4027-bc0b-99d97fe3bf16", "timestamp": "2026-08-22T14:10:36.178816", "sender_account": "SOBM80491499457608", "receiver_account": "MPYG47417771988920", "amount": 3045.31, "currency": "USD", "type": "NORMAL"}
{"transaction_id": "a0a600d2-5f47-4f0b-a944-d08d056c87a2", "timestamp": "2026-08-22T14:10:37.179740", "sender_account": "BARZ06398633576495", "receiver_account": "MREZ94532505100354", "amount": 297.73, "currency": "USD", "type": "NORMAL"}
{"transaction_id": "ad5a2132-90d0-49af-8434-8d226b9bcedc", "timestamp": "2026-08-22T14:10:38.180955", "sender_account": "BATQ26066122589537", "receiver_account": "WSCV53841899351261", "amount": 1000.59, "currency": "USD", "type": "NORMAL"}
{"transaction_id": "af046dfe-0329-442d-a455-14950bdcbaf5", "timestamp": "2026-08-22T14:10:39.181775", "sender_account": "FOKF83913028698195", "receiver_account": "MPYG47417771988920", "amount": 3167.43, "currency": "USD", "type": "NORMAL"}
{"transaction_id": "206217bd-21dd-409b-ad13-8e2b9e437c98", "timestamp": "2026-08-22T14:10:40.182600", "sender_account": "OONT57623890878105", "receiver_account": "RZVP21155505850037", "amount": 1645.94, "currency": "USD", "type": "NORMAL"}
{"transaction_id": "18f44beb-0840-4e79-aea1-6974f591b119", "timestamp": "2026-08-22T14:10:41.183555", "sender_account": "POPI60802500302561", "receiver_account": "HNVF64891754144366", "amount": 1501.27, "currency": "USD", "type": "NORMAL"}
{"transaction_id": "bb8aa5ab-fb85-4ebf-ad43-fbe20adb3c55", "timestamp": "2026-08-22T14:10:42.184167", "sender_account": "GLIT62311059003233", "receiver_account": "ZFKA83364609539681", "amount": 4095.69, "currency": "USD", "type": "NORMAL"}
{"transaction_id": "8a64688c-f48b-42f9-8787-f65382e48b98", "timestamp": "2026-08-22T14:10:43.185368", "sender_account": "GLIT62311059003233", "receiver_account": "VNZI08329609359985", "amount": 4385.91, "currency": "USD", "type": "NORMAL"}
{"transaction_id": "471d219a-c59a-4a39-a777-23df23c3ce34", "timestamp": "2026-08-22T14:10:44.186729", "sender_account": "ECDH75774390227986", "receiver_account": "BMWQ07401602650724", "amount": 9900.0, "currency": "USD", "type": "FRAUD_PLACEMENT"}
{"transaction_id": "c90d5792-dfdc-494f-ac61-8a7d48bbe574", "timestamp": "2026-08-22T14:10:44.186767", "sender_account": "BMWQ07401602650724", "receiver_account": "TKNE95981619733116", "amount": 9900.0, "currency": "USD", "type": "FRAUD_LAYERING"}
{"transaction_id": "86a2c707-d50a-4c1d-bae2-fab751958939", "timestamp": "2026-08-22T14:10:45.188793", "sender_account": "ZISS86727170516266", "receiver_account": "CDPO86269475852321", "amount": 175.09, "currency": "USD", "type": "NORMAL"}
{"transaction_id": "0a68ef96-0980-4fcb-8945-6327e1267824", "timestamp": "2026-08-22T14:10:46.189534", "sender_account": "UQUO78118349294482", "receiver_account": "OBST45783212332050", "amount": 3754.11, "currency": "USD", "type": "NORMAL"}
{"transaction_id": "b475071d-f97c-4bd9-ae60-3dc53866c3c8", "timestamp": "2026-08-22T14:10:47.190677", "sender_account": "HNVF64891754144366", "receiver_account": "GOHX63551834343537", "amount": 2862.22, "currency": "USD", "type": "NORMAL"}
{"transaction_id": "9ff2e2c8-a8b5-4e8f-a411-a9dacfe55892", "timestamp": "2026-08-22T14:10:48.191417", "sender_account": "ZFKA83364609539681", "receiver_account": "MIJN31964293863181", "amount": 3872.86, "currency": "USD", "type": "NORMAL"}
{"transaction_id": "87797ed3-b88b-44db-942f-a7eeeb29f63a", "timestamp": "2026-08-22T14:10:49.192491", "sender_account": "EUPF21042455172540", "receiver_account": "ECDH75774390227986", "amount": 3337.15, "currency": "USD", "type": "NORMAL"}
{"transaction_id": "be1ecb42-6e3d-46e6-86d3-df00eb0db719", "timestamp": "2026-08-22T14:10:50.193698", "sender_account": "IFXC26846099455699", "receiver_account": "YFVA16193788759614", "amount": 1026.3, "currency": "USD", "type": "NORMAL"}
{"transaction_id": "59f057f9-5c11-4478-95df-6ccc10b9f650", "timestamp": "2026-08-22T14:10:51.194549", "sender_account": "CDPO86269475852321", "receiver_account": "BLTT28136406266695", "amount": 620.7, "currency": "USD", "type": "NORMAL"}
{"transaction_id": "6a2f9ce2-8822-40b4-89af-de87aa1e49a2", "timestamp": "2026-08-22T14:10:52.195258", "sender_account": "VNZI08329609359985", "receiver_account": "EUPF21042455172540", "amount": 3145.85, "currency": "USD", "type": "NORMAL"}
{"transaction_id": "3e90a814-1b77-4f23-a653-60a29acdab02", "timestamp": "2026-08-22T14:10:53.196030", "sender_account": "VALP74928055025578", "receiver_account": "GKOO36379143283440", "amount": 982.51, "currency": "USD", "type": "NORMAL"}
{"transaction_id": "7c7c1a31-2cdb-4076-8e5e-d991e552513d", "timestamp": "2026-08-22T14:10:54.197007", "sender_account": "GKOO36379143283440", "receiver_account": "WQIV41315931568868", "amount": 3325.91, "currency": "USD", "type": "NORMAL"}
{"transaction_id": "47d623d5-d88c-4b73-8264-cbd581aa9c47", "timestamp": "2026-08-22T14:10:55.197817", "sender_account": "HBOW30753169678897", "receiver_account": "WSCV53841899351261", "amount": 2789.97, "currency": "USD", "type": "NORMAL"}
{"transaction_id": "288e7ef4-8c16-4166-821b-b08816beb21f", "timestamp": "2026-08-22T14:10:56.198932", "sender_account": "HBOW30753169678897", "receiver_account": "WSCV53841899351261", "amount": 1268.51, "currency": "USD", "type": "NORMAL"}
{"transaction_id": "9b8ad41d-326f-4e51-b7e3-5f9760b57243", "timestamp": "2026-08-22T14:10:57.199743", "sender_account": "HBOW30753169678897", "receiver_account": "IVEN85122238604633", "amount": 3141.38, "currency": "USD", "type": "NORMAL"}
{"transaction_id": "f2abc0d1-1e5d-42a2-b1d7-a4842e3e92dd", "timestamp": "2026-08-22T14:10:58.200727", "sender_account": "IQWF66011720786197", "receiver_account": "ZQRY82107849082085", "amount": 812.21, "currency": "USD", "type": "NORMAL"}
{"transaction_id": "ea49a816-d453-454b-9b21-62d27e44b37c", "timestamp": "2026-08-22T14:10:59.201474", "sender_account": "UOIY52992373188750", "receiver_account": "TYZA12395659119598", "amount": 9900.0, "currency": "USD", "type": "FRAUD_PLACEMENT"}
{"transaction_id": "50114c3b-c9e8-4a30-a6b1-14b242b0a1ac", "timestamp": "2026-08-22T14:10:59.201516", "sender_account": "TYZA12395659119598", "receiver_account": "TKNE95981619733116", "amount": 9900.0, "currency": "USD", "type": "FRAUD_LAYERING"}
{"transaction_id": "c1cd5fb6-5a4c-423f-a2f3-70af39342663", "timestamp": "2026-08-22T14:11:00.202528", "sender_account": "OWJJ95183742153706", "receiver_account": "POPI60802500302561", "amount": 4128.6, "currency": "USD", "type": "NORMAL"}
{"transaction_id": "5010855a-7d6f-4209-bb9c-191eb608086f", "timestamp": "2026-08-22T14:11:01.203316", "sender_account": "YRYY89437144222231", "receiver_account": "OCPV45827561184835", "amount": 4990.57, "currency": "USD", "type": "NORMAL"}
{"transaction_id": "ffc6b2f7-873e-4a80-b69e-36a770013ab7", "timestamp": "2026-08-22T14:11:02.204055", "sender_account": "CWAH81262579423819", "receiver_account": "DGWO81624487946464", "amount": 4966.27, "currency": "USD", "type": "NORMAL"}
{"transaction_id": "a6d76cc0-88d3-48eb-826c-25ac2ef5fbdc", "timestamp": "2026-08-22T14:11:03.204951", "sender_account": "XMJK82504694562095", "receiver_account": "GIBZ40473797020174", "amount": 9900.0, "currency": "USD", "type": "FRAUD_PLACEMENT"}
{"transaction_id": "db210f7d-07f6-44c7-bd14-92b17eca67c3", "timestamp": "2026-08-22T14:11:03.204997", "sender_account": "GIBZ40473797020174", "receiver_account": "TKNE95981619733116", "amount": 9900.0, "currency": "USD", "type": "FRAUD_LAYERING"}
{"transaction_id": "e767c620-27f4-4086-a3ac-81db492b6f9a", "timestamp": "2026-08-22T14:11:05.206632", "sender_account": "ZFKA83364609539681", "receiver_account": "BATQ26066122589537", "amount": 1129.02, "currency": "USD", "type": "NORMAL"}
{"transaction_id": "a3b5a263-81aa-4b04-926e-d3601013d65a", "timestamp": "2026-08-22T14:11:06.207297", "sender_account": "ZGYE32529717670955", "receiver_account": "WCLE91496399180753", "amount": 3288.11, "currency": "USD", "type": "NORMAL"}
{"transaction_id": "29a0836d-2dbe-4449-9d08-ec9e2c826df5", "timestamp": "2026-08-22T14:11:07.208334", "sender_account": "GKOO36379143283440", "receiver_account": "GIBZ40473797020174", "amount": 9900.0, "currency": "USD", "type": "FRAUD_PLACEMENT"}
{"transaction_id": "896a955b-3ee4-49f0-b338-95a1f2e9e0d7", "timestamp": "2026-08-22T14:11:07.208373", "sender_account": "GIBZ40473797020174", "receiver_account": "TKNE95981619733116", "amount": 9900.0, "currency": "USD", "type": "FRAUD_LAYERING"}
{"transaction_id": "7fb8a7a3-32a3-49c6-9296-205ca88eb6b6", "timestamp": "2026-08-22T14:11:08.209367", "sender_account": "BOQG09638950855355", "receiver_account": "HNVF64891754144366", "amount": 4868.38, "currency": "USD", "type": "NORMAL"}
{"transaction_id": "bbed7e1f-66a6-4031-a094-1373226c9f24", "timestamp": "2026-08-22T14:11:09.210055", "sender_account": "FOKF83913028698195", "receiver_account": "IFXC26846099455699", "amount": 866.81, "currency": "USD", "type": "NORMAL"}
{"transaction_id": "dbd04054-e24c-480f-a3dd-5b36a58db50d", "timestamp": "2026-08-22T14:11:10.210963", "sender_account": "TKCO15830034158606", "receiver_account": "WQIV41315931568868", "amount": 3690.79, "currency": "USD", "type": "NORMAL"}
{"transaction_id": "11867593-2ab8-4e54-85f8-774318f84f7b", "timestamp": "2026-08-22T14:11:11.211989", "sender_account": "RTKW81167619321392", "receiver_account": "UIUQ30880043964264", "amount": 237.39, "currency": "USD", "type": "NORMAL"}
{"transaction_id": "c00cd9f7-35bf-4aa0-8991-3a767d3b8f62", "timestamp": "2026-08-22T14:11:12.213005", "sender_account": "POPI60802500302561", "receiver_account": "VPQE19399427637466", "amount": 9900.0, "currency": "USD", "type": "FRAUD_PLACEMENT"}
{"transaction_id": "04f7c348-30cc-45fd-9e77-1d30221549aa", "timestamp": "2026-08-22T14:11:12.213041", "sender_account": "VPQE19399427637466", "receiver_account": "TKNE95981619733116", "amount": 9900.0, "currency": "USD", "type": "FRAUD_LAYERING"}
{"transaction_id": "75e032ff-c374-470a-92ef-5440c8d36b8e", "timestamp": "2026-08-22T14:11:13.214404", "sender_account": "UOIY52992373188750", "receiver_account": "YGUU62893874834917", "amount": 2747.14, "currency": "USD", "type": "NORMAL"}
{"transaction_id": "4af9767a-d5c1-4a1e-95a1-4502b6faa117", "timestamp": "2026-08-22T14:11:14.215487", "sender_account": "BATQ26066122589537", "receiver_account": "IVEN85122238604633", "amount": 2316.57, "currency": "USD", "type": "NORMAL"}
{"transaction_id": "1142d07e-f18b-4beb-9057-8a0ccedca0ce", "timestamp": "2026-08-22T14:11:15.216480", "sender_account": "GLIT62311059003233", "receiver_account": "HKVV91020206250530", "amount": 973.14, "currency": "USD", "type": "NORMAL"}
{"transaction_id": "1d3cce7b-5be6-43e5-9814-2b1256bdbee4", "timestamp": "2026-08-22T14:11:16.217745", "sender_account": "MFRJ31603040538232", "receiver_account": "WQIV41315931568868", "amount": 147.65, "currency": "USD", "type": "NORMAL"}
{"transaction_id": "08d48cd1-f30e-4c57-881a-a2c107f0e0c6", "timestamp": "2026-08-22T14:11:17.218785", "sender_account": "RZVP21155505850037", "receiver_account": "WKTH11946849130998", "amount": 1830.06, "currency": "USD", "type": "NORMAL"}
{"transaction_id": "bcffd88f-6670-4e0c-ba41-e086ce241e94", "timestamp": "2026-08-22T14:11:18.219893", "sender_account": "VNZI08329609359985", "receiver_account": "FXIM87758079103884", "amount": 2578.54, "currency": "USD", "type": "NORMAL"}
{"transaction_id": "b0aabe11-816c-4c05-ae7b-55410c053b82", "timestamp": "2026-08-22T14:11:19.220642", "sender_account": "PALM16133745049607", "receiver_account": "YFVA16193788759614", "amount": 2425.75, "currency": "USD", "type": "NORMAL"}
{"transaction_id": "5155a6e7-6d12-4bfe-9385-2e3e02aaebc7", "timestamp": "2026-08-22T14:11:20.221651", "sender_account": "ZVIU98542550975060", "receiver_account": "QTXV40623378585875", "amount": 1698.88, "currency": "USD", "type": "NORMAL"}
{"transaction_id": "52ba97ca-6189-419c-b2aa-ca4347d3bebb", "timestamp": "2026-08-22T14:11:21.222618", "sender_account": "YRYY89437144222231", "receiver_account": "ZRSL02416594373530", "amount": 3219.81, "currency": "USD", "type": "NORMAL"}
{"transaction_id": "7e1f0993-faf3-4193-894a-188b5ed6e2d8", "timestamp": "2026-08-22T14:11:22.223629", "sender_account": "ZVIU98542550975060", "receiver_account": "VPQE19399427637466", "amount": 4455.81, "currency": "USD", "type": "NORMAL"}
{"transaction_id": "5b8aa651-8107-4bd3-878d-5e844065fb63", "timestamp": "2026-08-22T14:11:23.224676", "sender_account": "FOKF83913028698195", "receiver_account": "OBST45783212332050", "amount": 9900.0, "currency": "USD", "type": "FRAUD_PLACEMENT"}
{"transaction_id": "763107ad-6b6e-412c-aedf-26272c9e6245", "timestamp": "2026-08-22T14:11:23.224716", "sender_account": "OBST45783212332050", "receiver_account": "TKNE95981619733116", "amount": 9900.0, "currency": "USD", "type": "FRAUD_LAYERING"}
{"transaction_id": "057c8400-ea89-4028-9029-465daca49861", "timestamp": "2026-08-22T14:11:24.225603", "sender_account": "VALP74928055025578", "receiver_account": "HAZZ16939678914701", "amount": 3787.57, "currency": "USD", "type": "NORMAL"}
{"transaction_id": "935cefc8-04da-46f0-9977-a0c45aa010fc", "timestamp": "2026-08-22T14:11:25.226334", "sender_account": "ECDH75774390227986", "receiver_account": "GIBZ40473797020174", "amount": 9900.0, "currency": "USD", "type": "FRAUD_PLACEMENT"}
{"transaction_id": "7b0ca920-0c91-42e5-9b4c-fbdc977b3d99", "timestamp": "2026-08-22T14:11:25.226382", "sender_account": "GIBZ40473797020174", "receiver_account": "TKNE95981619733116", "amount": 9900.0, "currency": "USD", "type": "FRAUD_LAYERING"}
{"transaction_id": "62fed566-04b7-494d-be4c-dd3b90f7099b", "timestamp": "2026-08-22T14:11:26.227647", "sender_account": "UIUQ30880043964264", "receiver_account": "IFXC26846099455699", "amount": 500.41, "currency": "USD", "type": "NORMAL"}
{"transaction_id": "1098daf5-36cc-42e1-a1af-a1545e1b6f0a", "timestamp": "2026-08-22T14:11:27.228470", "sender_account": "ONTE15993666350518", "receiver_account": "VPQE19399427637466", "amount": 9900.0, "currency": "USD", "type": "FRAUD_PLACEMENT"}
{"transaction_id": "b71f2102-c15d-4f3f-9d36-0729ff9635e4", "timestamp": "2026-08-22T14:11:27.228526", "sender_account": "VPQE19399427637466", "receiver_account": "TKNE95981619733116", "amount": 9900.0, "currency": "USD", "type": "FRAUD_LAYERING"}
{"transaction_id": "9e2666d9-f37a-4079-a911-90e440227457", "timestamp": "2026-08-22T14:11:28.230190", "sender_account": "OBST45783212332050", "receiver_account": "YXRF85957215814306", "amount": 779.33, "currency": "USD", "type": "NORMAL"}
{"transaction_id": "d816e47c-d1d5-447d-b7ec-09e1b6d34762", "timestamp": "2026-08-22T14:11:29.231152", "sender_account": "MREZ94532505100354", "receiver_account": "OONT57623890878105", "amount": 469.34, "currency": "USD", "type": "NORMAL"}
{"transaction_id": "acbc08fb-3f69-46f0-a17a-f74478b15600", "timestamp": "2026-08-22T14:11:30.232086", "sender_account": "JRIS76694227569281", "receiver_account": "CDPO86269475852321", "amount": 1740.96, "currency": "USD", "type": "NORMAL"}
{"transaction_id": "88801891-69d4-4ae4-a0c9-2469c204250d", "timestamp": "2026-08-22T14:11:31.232936", "sender_account": "OCPV45827561184835", "receiver_account": "DSOS96311899642368", "amount": 1230.91, "currency": "USD", "type": "NORMAL"}
{"transaction_id": "ba1cd1b7-a6be-4564-8c01-bf97e190ddd4", "timestamp": "2026-08-22T14:11:32.234206", "sender_account": "ONTE15993666350518", "receiver_account": "GIBZ40473797020174", "amount": 9900.0, "currency": "USD", "type": "FRAUD_PLACEMENT"}
{"transaction_id": "84240fb6-d559-4417-8e13-7482d9dc3f44", "timestamp": "2026-08-22T14:11:32.234248", "sender_account": "GIBZ40473797020174", "receiver_account": "TKNE95981619733116", "amount": 9900.0, "currency": "USD", "type": "FRAUD_LAYERING"}
{"transaction_id": "efbdfa1b-84a6-4e0e-8e37-a323688196de", "timestamp": "2026-08-22T14:11:33.235149", "sender_account": "IFXC26846099455699", "receiver_account": "ZGYE32529717670955", "amount": 3168.27, "currency": "USD", "type": "NORMAL"}
{"transaction_id": "bc759230-b47c-421f-930d-75dfaa65c994", "timestamp": "2026-08-22T14:11:34.235823", "sender_account": "XMJK82504694562095", "receiver_account": "VPQE19399427637466", "amount": 9900.0, "currency": "USD", "type": "FRAUD_PLACEMENT"}
{"transaction_id": "0eadc07d-4da5-408d-99f4-8037e9ee9b01", "timestamp": "2026-08-22T14:11:34.235857", "sender_account": "VPQE19399427637466", "receiver_account": "TKNE95981619733116", "amount": 9900.0, "currency": "USD", "type": "FRAUD_LAYERING"}
{"transaction_id": "e7570a7a-e390-4131-81cc-0b81a7d2d7ae", "timestamp": "2026-08-22T14:11:35.236945", "sender_account": "DSOS96311899642368", "receiver_account": "CDPO86269475852321", "amount": 2519.42, "currency": "USD", "type": "NORMAL"}
{"transaction_id": "7840e6d6-4cef-4f3a-9fae-fdce3dd9528d", "timestamp": "2026-08-22T14:11:36.237776", "sender_account": "UOIY52992373188750", "receiver_account": "OBST45783212332050", "amount": 9900.0, "currency": "USD", "type": "FRAUD_PLACEMENT"}
{"transaction_id": "366af0d7-f43e-46ef-b8b9-2dd7a3aa78f4", "timestamp": "2026-08-22T14:11:36.237812", "sender_account": "OBST45783212332050", "receiver_account": "TKNE95981619733116", "amount": 9900.0, "currency": "USD", "type": "FRAUD_LAYERING"}
{"transaction_id": "a9c5fa5a-580e-44ac-9c53-414482f93e48", "timestamp": "2026-08-22T14:11:37.239024", "sender_account": "QJTE47754309425360", "receiver_account": "OXKV10606491971240", "amount": 1886.54, "currency": "USD", "type": "NORMAL"}
{"transaction_id": "77414b59-7c89-4a87-9bc0-0800be630d20", "timestamp": "2026-08-22T14:11:38.240138", "sender_account": "BARZ06398633576495", "receiver_account": "EUPF21042455172540", "amount": 1405.96, "currency": "USD", "type": "NORMAL"}
{"transaction_id": "e8135d0d-325a-4d49-a509-1072a5cfe5b1", "timestamp": "2026-08-22T14:11:39.240984", "sender_account": "UOIY52992373188750", "receiver_account": "GIBZ40473797020174", "amount": 9900.0, "currency": "USD", "type": "FRAUD_PLACEMENT"}
{"transaction_id": "f63cd7f8-ea2e-427b-b64a-17a75626b092", "timestamp": "2026-08-22T14:11:39.241033", "sender_account": "GIBZ40473797020174", "receiver_account": "TKNE95981619733116", "amount": 9900.0, "currency": "USD", "type": "FRAUD_LAYERING"}
{"transaction_id": "e5749a5c-91c6-4148-87ff-ce219ef08709", "timestamp": "2026-08-22T14:11:40.242443", "sender_account": "IQWF66011720786197", "receiver_account": "QJTE47754309425360", "amount": 322.54, "currency": "USD", "type": "NORMAL"}
{"transaction_id": "558de997-5bd7-4465-995b-e04da1417fff", "timestamp": "2026-08-22T14:11:41.243431", "sender_account": "YRYY89437144222231", "receiver_account": "XMJK82504694562095", "amount": 1269.81, "currency": "USD", "type": "NORMAL"}
{"transaction_id": "c385b2e5-6069-445f-9d0e-4b96874849bf", "timestamp": "2026-08-22T14:11:42.244115", "sender_account": "ZMWS54714289381237", "receiver_account": "HQYC61658237444874", "amount": 106.4, "currency": "USD", "type": "NORMAL"}
{"transaction_id": "4fa6b477-0087-441d-a88f-0af1a80792b4", "timestamp": "2026-08-22T14:11:43.244883", "sender_account": "RTKW81167619321392", "receiver_account": "PALM16133745049607", "amount": 1109.67, "currency": "USD", "type": "NORMAL"}
{"transaction_id": "5c6fd2cc-7fed-451e-8fec-9ef18fab9194", "timestamp": "2026-08-22T14:11:44.245961", "sender_account": "OXKV10606491971240", "receiver_account": "FXIM87758079103884", "amount": 52.26, "currency": "USD", "type": "NORMAL"}
{"transaction_id": "89406fd1-d71c-4155-9f8a-2c972a443bdf", "timestamp": "2026-08-22T14:11:45.246983", "sender_account": "SOBM80491499457608", "receiver_account": "UQUO78118349294482", "amount": 4353.81, "currency": "USD", "type": "NORMAL"}
{"transaction_id": "d849f11a-917a-4284-a67e-c4f6b0a13ed5", "timestamp": "2026-08-22T14:11:46.247741", "sender_account": "WQIV41315931568868", "receiver_account": "ZVIU98542550975060", "amount": 4030.15, "currency": "USD", "type": "NORMAL"}
{"transaction_id": "0c1da404-e72d-44d5-b470-687bd1146845", "timestamp": "2026-08-22T14:11:47.248420", "sender_account": "BARZ06398633576495", "receiver_account": "OWJJ95183742153706", "amount": 1565.58, "currency": "USD", "type": "NORMAL"}
{"transaction_id": "7d64f308-9773-4031-bd05-9e9394fd2a1f", "timestamp": "2026-08-22T14:11:48.249219", "sender_account": "HBOW30753169678897", "receiver_account": "ECDH75774390227986", "amount": 1549.96, "currency": "USD", "type": "NORMAL"}
{"transaction_id": "1caca22d-8b3f-480a-ab5c-10e3d7abfe4e", "timestamp": "2026-08-22T14:11:49.250082", "sender_account": "ZVIU98542550975060", "receiver_account": "ZGMR58754809663746", "amount": 3289.93, "currency": "USD", "type": "NORMAL"}
{"transaction_id": "d5fbf0e7-aa7d-455d-80bb-d1bcba276158", "timestamp": "2026-08-22T14:11:50.250714", "sender_account": "HKVV91020206250530", "receiver_account": "UJCK66397862919111", "amount": 16.79, "currency": "USD", "type": "NORMAL"}
{"transaction_id": "fe8f1ae6-bba6-41a4-be40-6ba94cb0d495", "timestamp": "2026-08-22T14:11:51.251293", "sender_account": "BMWQ07401602650724", "receiver_account": "JHOE55271525311673", "amount": 2368.86, "currency": "USD", "type": "NORMAL"}
{"transaction_id": "5e534e7b-4935-4f8b-853d-b7a313a68b48", "timestamp": "2026-08-22T14:11:52.252528", "sender_account": "FLWW48003862994101", "receiver_account": "BMWQ07401602650724", "amount": 3043.74, "currency": "USD", "type": "NORMAL"}
{"transaction_id": "87cc6497-2722-4218-8d2e-177dbcb9654b", "timestamp": "2026-08-22T14:11:53.253508", "sender_account": "UJCK66397862919111", "receiver_account": "HNVF64891754144366", "amount": 3066.83, "currency": "USD", "type": "NORMAL"}
{"transaction_id": "a09d92e9-038c-4134-b330-24cfad6d19be", "timestamp": "2026-08-22T14:11:54.254324", "sender_account": "DSOS96311899642368", "receiver_account": "MREZ94532505100354", "amount": 2363.18, "currency": "USD", "type": "NORMAL"}
{"transaction_id": "3456c65e-6b1f-45e9-a3d7-443799ca4e84", "timestamp": "2026-08-22T14:11:55.257050", "sender_account": "YHPD62845950258653", "receiver_account": "BMWQ07401602650724", "amount": 988.32, "currency": "USD", "type": "NORMAL"}
{"transaction_id": "a6558489-9b04-4c49-a338-09d1303f11c4", "timestamp": "2026-08-22T14:11:56.257955", "sender_account": "VALP74928055025578", "receiver_account": "ZWCH93320854773187", "amount": 4858.07, "currency": "USD", "type": "NORMAL"}
{"transaction_id": "ea86a3b8-83ac-4b20-bfd8-676df9058907", "timestamp": "2026-08-22T14:11:57.258787", "sender_account": "FOBA45363711762614", "receiver_account": "YRYY89437144222231", "amount": 2407.73, "currency": "USD", "type": "NORMAL"}
{"transaction_id": "01928ce1-ccbf-4c78-b95e-e4bed612ec9f", "timestamp": "2026-08-22T14:11:58.259613", "sender_account": "QJTE47754309425360", "receiver_account": "RZVP21155505850037", "amount": 4019.55, "currency": "USD", "type": "NORMAL"}
{"transaction_id": "2e25af06-6078-4666-ab61-a805a9f073ac", "timestamp": "2026-08-22T14:11:59.260334", "sender_account": "DRXV24124034784149", "receiver_account": "VNZI08329609359985", "amount": 4273.32, "currency": "USD", "type": "NORMAL"}
{"transaction_id": "394fc987-a16b-4ee4-b596-57a6282fb330", "timestamp": "2026-08-22T14:12:00.261320", "sender_account": "FOKF83913028698195", "receiver_account": "TYZA12395659119598", "amount": 9900.0, "currency": "USD", "type": "FRAUD_PLACEMENT"}
{"transaction_id": "9db96dca-77a9-4851-ab5b-dee60e773399", "timestamp": "2026-08-22T14:12:00.261379", "sender_account": "TYZA12395659119598", "receiver_account": "TKNE95981619733116", "amount": 9900.0, "currency": "USD", "type": "FRAUD_LAYERING"}
{"transaction_id": "f7be3d56-d89c-4f61-950a-a20b9b0a3e8b", "timestamp": "2026-08-22T14:12:01.262189", "sender_account": "TYZA12395659119598", "receiver_account": "YHPD62845950258653", "amount": 3614.45, "currency": "USD", "type": "NORMAL"}
{"transaction_id": "1420c414-8753-478c-8c58-2adf8fd09820", "timestamp": "2026-08-22T14:12:02.262864", "sender_account": "UOIY52992373188750", "receiver_account": "VPQE19399427637466", "amount": 9900.0, "currency": "USD", "type": "FRAUD_PLACEMENT"}
{"transaction_id": "63f065d7-01cf-423e-a00f-cc1013ccead0", "timestamp": "2026-08-22T14:12:02.262904", "sender_account": "VPQE19399427637466", "receiver_account": "TKNE95981619733116", "amount": 9900.0, "currency": "USD", "type": "FRAUD_LAYERING"}
{"transaction_id": "2db9327b-cde5-4d94-b382-492fd066a89d", "timestamp": "2026-08-22T14:12:03.272093", "sender_account": "ZGYE32529717670955", "receiver_account": "RTKW81167619321392", "amount": 3876.7, "currency": "USD", "type": "NORMAL"}
{"transaction_id": "a169440f-8362-450e-98ff-43439342db22", "timestamp": "2026-08-22T14:12:04.277803", "sender_account": "HQYC61658237444874", "receiver_account": "YFVA16193788759614", "amount": 3263.1, "currency": "USD", "type": "NORMAL"}
{"transaction_id": "ee0f58d5-06cb-4080-baa9-c7cc9aff691f", "timestamp": "2026-08-22T14:12:05.278834", "sender_account": "BLTT28136406266695", "receiver_account": "GIBZ40473797020174", "amount": 122.91, "currency": "USD", "type": "NORMAL"}
{"transaction_id": "191000fa-1160-4c25-a63b-af6a7cd3daf6", "timestamp": "2026-08-22T14:12:06.279908", "sender_account": "IQWF66011720786197", "receiver_account": "MGQC27256683991625", "amount": 4437.14, "currency": "USD", "type": "NORMAL"}
{"transaction_id": "5434e9a1-d2e7-4a5b-a9f0-87856fe17c5f", "timestamp": "2026-08-22T14:12:07.280746", "sender_account": "ZMWS54714289381237", "receiver_account": "GIBZ40473797020174", "amount": 9900.0, "currency": "USD", "type": "FRAUD_PLACEMENT"}
{"transaction_id": "4f3316d0-70b6-4517-a926-356363502f77", "timestamp": "2026-08-22T14:12:07.280790", "sender_account": "GIBZ40473797020174", "receiver_account": "TKNE95981619733116", "amount": 9900.0, "currency": "USD", "type": "FRAUD_LAYERING"}
{"transaction_id": "12598f30-2097-41ca-ad6e-6a93d4036306", "timestamp": "2026-08-22T14:12:08.281817", "sender_account": "ITUW94328852809457", "receiver_account": "YHPD62845950258653", "amount": 3730.18, "currency": "USD", "type": "NORMAL"}
{"transaction_id": "e9f97712-56c2-45b7-b033-d4c2ebdb331a", "timestamp": "2026-08-22T14:12:09.283028", "sender_account": "DRXV24124034784149", "receiver_account": "YXRF85957215814306", "amount": 3414.92, "currency": "USD", "type": "NORMAL"}
{"transaction_id": "91c43a34-8037-4a54-aeb0-a175b2081138", "timestamp": "2026-08-22T14:12:10.283949", "sender_account": "JGKZ81762083124666", "receiver_account": "YXRF85957215814306", "amount": 2315.26, "currency": "USD", "type": "NORMAL"}
{"transaction_id": "5a4e6725-f848-4e85-8d59-38737490d51b", "timestamp": "2026-08-22T14:12:11.284520", "sender_account": "YGUU62893874834917", "receiver_account": "WQIV41315931568868", "amount": 870.89, "currency": "USD", "type": "NORMAL"}
{"transaction_id": "02b2f78d-005c-4d76-a664-84b3a79e1128", "timestamp": "2026-08-22T14:12:12.285240", "sender_account": "VNZI08329609359985", "receiver_account": "QJTE47754309425360", "amount": 119.76, "currency": "USD", "type": "NORMAL"}
{"transaction_id": "309d0ee5-cbf5-474b-abc9-df3100df34ab", "timestamp": "2026-08-22T14:12:13.285975", "sender_account": "IVEN85122238604633", "receiver_account": "OBST45783212332050", "amount": 1309.69, "currency": "USD", "type": "NORMAL"}
{"transaction_id": "8b3a6632-811f-4f7e-b74c-d3b3f30657a5", "timestamp": "2026-08-22T14:12:14.287011", "sender_account": "POPI60802500302561", "receiver_account": "RTKW81167619321392", "amount": 638.01, "currency": "USD", "type": "NORMAL"}
{"transaction_id": "bf70935c-2925-4c1d-9d8b-a8561a6dd7f2", "timestamp": "2026-08-22T14:12:15.288369", "sender_account": "OCPV45827561184835", "receiver_account": "VNZI08329609359985", "amount": 2095.68, "currency": "USD", "type": "NORMAL"}
{"transaction_id": "88a6e149-61a3-4055-b7af-b04ef902d446", "timestamp": "2026-08-22T14:12:16.289517", "sender_account": "MREZ94532505100354", "receiver_account": "VPQE19399427637466", "amount": 4274.18, "currency": "USD", "type": "NORMAL"}
{"transaction_id": "ba5cbd28-4f4d-4650-b798-002d1aaa7f66", "timestamp": "2026-08-22T14:12:17.290731", "sender_account": "BTCE30031727194183", "receiver_account": "BWKA78710027600682", "amount": 2763.59, "currency": "USD", "type": "NORMAL"}
{"transaction_id": "bdece86a-daf5-473c-92c8-9c2e72a44c9e", "timestamp": "2026-08-22T14:12:18.291491", "sender_account": "FLWW48003862994101", "receiver_account": "FOBA45363711762614", "amount": 2520.52, "currency": "USD", "type": "NORMAL"}
{"transaction_id": "d39f8556-92f8-4ff9-b01d-08879fb82e9a", "timestamp": "2026-08-22T14:12:19.292321", "sender_account": "ZGYE32529717670955", "receiver_account": "HKVV91020206250530", "amount": 1718.14, "currency": "USD", "type": "NORMAL"}
{"transaction_id": "9d8096a3-4e13-4e66-985f-eee355887986", "timestamp": "2026-08-22T14:12:20.293192", "sender_account": "GIBZ40473797020174", "receiver_account": "IVEN85122238604633", "amount": 3055.55, "currency": "USD", "type": "NORMAL"}
{"transaction_id": "76bb1a4b-528c-4352-a3bb-d28bb5aa2661", "timestamp": "2026-08-22T14:12:21.293707", "sender_account": "KOVQ87848311751921", "receiver_account": "BTCE30031727194183", "amount": 2641.95, "currency": "USD", "type": "NORMAL"}
{"transaction_id": "7331bf21-b2ef-4d85-a04d-194d690732af", "timestamp": "2026-08-22T14:12:22.294244", "sender_account": "MLNT98933143420708", "receiver_account": "BMWQ07401602650724", "amount": 9900.0, "currency": "USD", "type": "FRAUD_PLACEMENT"}
{"transaction_id": "4988d69a-bbe0-4386-bd5d-cff22e64d51b", "timestamp": "2026-08-22T14:12:22.294269", "sender_account": "BMWQ07401602650724", "receiver_account": "TKNE95981619733116", "amount": 9900.0, "currency": "USD", "type": "FRAUD_LAYERING"}
{"transaction_id": "d68448a6-e39f-4934-a4c3-9150205520a7", "timestamp": "2026-08-22T14:12:23.296808", "sender_account": "DGWO81624487946464", "receiver_account": "BWKA78710027600682", "amount": 90.04, "currency": "USD", "type": "NORMAL"}
{"transaction_id": "73f4c741-ffd0-4e5b-a532-ece04fcbc13f", "timestamp": "2026-08-22T14:12:24.297409", "sender_account": "REUU89703871611287", "receiver_account": "XMJK82504694562095", "amount": 4608.98, "currency": "USD", "type": "NORMAL"}
{"transaction_id": "d5bcd66d-c77e-4948-b3e5-ddb86eb01aaf", "timestamp": "2026-08-22T14:12:25.298276", "sender_account": "YFVA16193788759614", "receiver_account": "TKCO15830034158606", "amount": 1597.87, "currency": "USD", "type": "NORMAL"}
{"transaction_id": "be18e6a7-92e1-48f7-af5b-119e7e588f66", "timestamp": "2026-08-22T14:12:26.299615", "sender_account": "RTKW81167619321392", "receiver_account": "WSCV53841899351261", "amount": 762.03, "currency": "USD", "type": "NORMAL"}
{"transaction_id": "865c441d-c4cd-4167-9007-3de8e8627e78", "timestamp": "2026-08-22T14:12:27.300474", "sender_account": "VNZI08329609359985", "receiver_account": "ZRSL02416594373530", "amount": 1781.01, "currency": "USD", "type": "NORMAL"}
{"transaction_id": "636847de-e6ba-449c-ae5c-ed9e2d8749c9", "timestamp": "2026-08-22T14:12:28.301507", "sender_account": "KNAU16349393570336", "receiver_account": "CDPO86269475852321", "amount": 3967.75, "currency": "USD", "type": "NORMAL"}
{"transaction_id": "541931db-89d6-4364-91b3-7980ed1519d1", "timestamp": "2026-08-22T14:12:29.302591", "sender_account": "MGQC27256683991625", "receiver_account": "YRYY89437144222231", "amount": 531.71, "currency": "USD", "type": "NORMAL"}
{"transaction_id": "bb513ca6-88bc-488d-94a0-42fa63fa236f", "timestamp": "2026-08-22T14:12:30.303447", "sender_account": "ZGYE32529717670955", "receiver_account": "QTXV40623378585875", "amount": 3951.0, "currency": "USD", "type": "NORMAL"}
{"transaction_id": "d5b38718-d72d-4a19-9548-957c3f283e69", "timestamp": "2026-08-22T14:12:31.304379", "sender_account": "ONTE15993666350518", "receiver_account": "OBST45783212332050", "amount": 9900.0, "currency": "USD", "type": "FRAUD_PLACEMENT"}
{"transaction_id": "efa9a1c0-bc90-45b7-bd3a-56e9fd312e7b", "timestamp": "2026-08-22T14:12:31.304432", "sender_account": "OBST45783212332050", "receiver_account": "TKNE95981619733116", "amount": 9900.0, "currency": "USD", "type": "FRAUD_LAYERING"}
{"transaction_id": "23ed83bd-7720-4863-b1ed-3f55b98462d1", "timestamp": "2026-08-22T14:12:32.305814", "sender_account": "GKOO36379143283440", "receiver_account": "CDPO86269475852321", "amount": 3849.25, "currency": "USD", "type": "NORMAL"}
{"transaction_id": "2a5f8864-afbe-46b2-9a0f-4f86cac59a84", "timestamp": "2026-08-22T14:12:33.306704", "sender_account": "FOKF83913028698195", "receiver_account": "BOQG09638950855355", "amount": 962.17, "currency": "USD", "type": "NORMAL"}
{"transaction_id": "aa520e16-773f-4f45-94be-a7016c0fcba3", "timestamp": "2026-08-22T14:12:34.308132", "sender_account": "RZVP21155505850037", "receiver_account": "OBST45783212332050", "amount": 9900.0, "currency": "USD", "type": "FRAUD_PLACEMENT"}
{"transaction_id": "eebbee4e-1be8-40aa-a244-ea3f07b7871a", "timestamp": "2026-08-22T14:12:34.308175", "sender_account": "OBST45783212332050", "receiver_account": "TKNE95981619733116", "amount": 9900.0, "currency": "USD", "type": "FRAUD_LAYERING"}
{"transaction_id": "8383991c-ea61-427e-b219-8028d14e5771", "timestamp": "2026-08-22T14:12:35.308916", "sender_account": "MGQC27256683991625", "receiver_account": "OWJJ95183742153706", "amount": 3842.58, "currency": "USD", "type": "NORMAL"}
{"transaction_id": "e371d2fb-0e90-4993-943e-da93f0c5d84d", "timestamp": "2026-08-22T14:12:36.309907", "sender_account": "BLTT28136406266695", "receiver_account": "QJTE47754309425360", "amount": 1980.48, "currency": "USD", "type": "NORMAL"}
{"transaction_id": "01cf10dc-7c34-4e65-9398-ce0261104d45", "timestamp": "2026-08-22T14:12:37.310752", "sender_account": "YXRF85957215814306", "receiver_account": "WCLE91496399180753", "amount": 1449.6, "currency": "USD", "type": "NORMAL"}
{"transaction_id": "3447423f-4cc4-42c9-8115-15df28f7ce8d", "timestamp": "2026-08-22T14:12:38.311598", "sender_account": "OCPV45827561184835", "receiver_account": "HKVV91020206250530", "amount": 3457.08, "currency": "USD", "type": "NORMAL"}
{"transaction_id": "a4846591-2fb3-4c7a-bf63-7a4125aec773", "timestamp": "2026-08-22T14:12:39.312441", "sender_account": "NORJ47127315571079", "receiver_account": "QOSV59129264416433", "amount": 845.85, "currency": "USD", "type": "NORMAL"}
{"transaction_id": "7f6676f8-ceef-463a-b174-083875ffbaae", "timestamp": "2026-08-22T14:12:40.313217", "sender_account": "WSCV53841899351261", "receiver_account": "GIBZ40473797020174", "amount": 4438.89, "currency": "USD", "type": "NORMAL"}
{"transaction_id": "39dabc67-38d4-48d9-b048-1f4921bab413", "timestamp": "2026-08-22T14:12:41.314396", "sender_account": "GOHX63551834343537", "receiver_account": "UQUO78118349294482", "amount": 3166.7, "currency": "USD", "type": "NORMAL"}
{"transaction_id": "479390d2-58b2-490b-b4ab-b90dec78cef7", "timestamp": "2026-08-22T14:12:42.315164", "sender_account": "ZWCH93320854773187", "receiver_account": "OONT57623890878105", "amount": 3337.88, "currency": "USD", "type": "NORMAL"}
{"transaction_id": "c3c063ba-089e-473c-bcdc-d85d65f26f3c", "timestamp": "2026-08-22T14:12:43.316035", "sender_account": "PCEW62562572220429", "receiver_account": "TYZA12395659119598", "amount": 9900.0, "currency": "USD", "type": "FRAUD_PLACEMENT"}
{"transaction_id": "d31832f5-a20c-4d0f-b919-f4fa1e139ac1", "timestamp": "2026-08-22T14:12:43.316069", "sender_account": "TYZA12395659119598", "receiver_account": "TKNE95981619733116", "amount": 9900.0, "currency": "USD", "type": "FRAUD_LAYERING"}
{"transaction_id": "8f7472d7-d961-46a3-8dbe-91f7a5ccf557", "timestamp": "2026-08-22T14:12:44.317236", "sender_account": "ECDH75774390227986", "receiver_account": "GIBZ40473797020174", "amount": 9900.0, "currency": "USD", "type": "FRAUD_PLACEMENT"}
{"transaction_id": "fd2f1235-bc6c-477c-a8e1-cde753a98582", "timestamp": "2026-08-22T14:12:44.317277", "sender_account": "GIBZ40473797020174", "receiver_account": "TKNE95981619733116", "amount": 9900.0, "currency": "USD", "type": "FRAUD_LAYERING"}
{"transaction_id": "88111a82-99a9-48c6-aea4-71a9e85d53df", "timestamp": "2026-08-22T14:12:45.318161", "sender_account": "DSOS96311899642368", "receiver_account": "KNAU16349393570336", "amount": 4865.64, "currency": "USD", "type": "NORMAL"}
{"transaction_id": "3e218692-deb1-4d19-8f7b-5d7988983e32", "timestamp": "2026-08-22T14:12:46.318852", "sender_account": "WCLE91496399180753", "receiver_account": "EJZC41691668687807", "amount": 557.76, "currency": "USD", "type": "NORMAL"}
{"transaction_id": "53193b6a-14ce-42a4-9477-618791b62783", "timestamp": "2026-08-22T14:12:47.319548", "sender_account": "QOSV59129264416433", "receiver_account": "QJTE47754309425360", "amount": 356.46, "currency": "USD", "type": "NORMAL"}
{"transaction_id": "6c5711c7-d1c1-4553-899f-c7a072b48fbb", "timestamp": "2026-08-22T14:12:48.320345", "sender_account": "TYZA12395659119598", "receiver_account": "YHPD62845950258653", "amount": 667.21, "currency": "USD", "type": "NORMAL"}
{"transaction_id": "98313784-c71c-44b1-baae-f5909996572c", "timestamp": "2026-08-22T14:12:49.321187", "sender_account": "VNZI08329609359985", "receiver_account": "FXIM87758079103884", "amount": 1268.65, "currency": "USD", "type": "NORMAL"}
{"transaction_id": "74567d0d-3116-4109-873f-c34e0a3fc6c6", "timestamp": "2026-08-22T14:12:50.322137", "sender_account": "POPI60802500302561", "receiver_account": "BMWQ07401602650724", "amount": 9900.0, "currency": "USD", "type": "FRAUD_PLACEMENT"}
{"transaction_id": "2c19ca2e-59ef-4a6b-a404-1a69b81c0cc3", "timestamp": "2026-08-22T14:12:50.322179", "sender_account": "BMWQ07401602650724", "receiver_account": "TKNE95981619733116", "amount": 9900.0, "currency": "USD", "type": "FRAUD_LAYERING"}
{"transaction_id": "ebe43d2d-90b1-4d1e-b93c-2f8cec01b7d6", "timestamp": "2026-08-22T14:12:51.323336", "sender_account": "GKOO36379143283440", "receiver_account": "VPQE19399427637466", "amount": 9900.0, "currency": "USD", "type": "FRAUD_PLACEMENT"}
{"transaction_id": "e64b2f63-2442-4e90-b419-cfc903c6034f", "timestamp": "2026-08-22T14:12:51.323371", "sender_account": "VPQE19399427637466", "receiver_account": "TKNE95981619733116", "amount": 9900.0, "currency": "USD", "type": "FRAUD_LAYERING"}
{"transaction_id": "777304b3-129b-4047-8737-ba84c4b8d9c6", "timestamp": "2026-08-22T14:12:52.324552", "sender_account": "YIRQ99574502470842", "receiver_account": "OBST45783212332050", "amount": 9900.0, "currency": "USD", "type": "FRAUD_PLACEMENT"}
{"transaction_id": "477b02ff-ea47-4af6-b57c-ba8433962e4e", "timestamp": "2026-08-22T14:12:52.324611", "sender_account": "OBST45783212332050", "receiver_account": "TKNE95981619733116", "amount": 9900.0, "currency": "USD", "type": "FRAUD_LAYERING"}
{"transaction_id": "11602c1e-d757-4d15-8f26-c9487826fce6", "timestamp": "2026-08-22T14:12:53.325498", "sender_account": "BLTT28136406266695", "receiver_account": "QTXV40623378585875", "amount": 376.4, "currency": "USD", "type": "NORMAL"}
{"transaction_id": "5d168b9c-ec82-4b0c-a812-3246add4d3af", "timestamp": "2026-08-22T14:12:54.326135", "sender_account": "GKOO36379143283440", "receiver_account": "ZGYE32529717670955", "amount": 3029.85, "currency": "USD", "type": "NORMAL"}
{"transaction_id": "e1d78867-98b6-4ca3-bc6a-92c52912ee9a", "timestamp": "2026-08-22T14:12:55.326793", "sender_account": "BTCE30031727194183", "receiver_account": "ZQRY82107849082085", "amount": 1807.73, "currency": "USD", "type": "NORMAL"}
{"transaction_id": "95dc9be8-7844-4ee9-9329-485f214bc3a1", "timestamp": "2026-08-22T14:12:56.327816", "sender_account": "RZVP21155505850037", "receiver_account": "GIBZ40473797020174", "amount": 9900.0, "currency": "USD", "type": "FRAUD_PLACEMENT"}
{"transaction_id": "e2bbe320-eff3-4559-98ab-c9a173f63f25", "timestamp": "2026-08-22T14:12:56.327865", "sender_account": "GIBZ40473797020174", "receiver_account": "TKNE95981619733116", "amount": 9900.0, "currency": "USD", "type": "FRAUD_LAYERING"}
{"transaction_id": "a5a9bbfd-36fd-48f4-80e8-e0529d4a421d", "timestamp": "2026-08-22T14:12:57.329112", "sender_account": "EJZC41691668687807", "receiver_account": "KOVQ87848311751921", "amount": 589.84, "currency": "USD", "type": "NORMAL"}
{"transaction_id": "8beaa422-147e-4df2-8260-44d442b93385", "timestamp": "2026-08-22T14:12:58.330087", "sender_account": "MREZ94532505100354", "receiver_account": "BATQ26066122589537", "amount": 2017.16, "currency": "USD", "type": "NORMAL"}
{"transaction_id": "771be936-56c6-4e90-ae22-9a70f1c96490", "timestamp": "2026-08-22T14:12:59.330824", "sender_account": "HBOW30753169678897", "receiver_account": "TKCO15830034158606", "amount": 4293.86, "currency": "USD", "type": "NORMAL"}
{"transaction_id": "667a1faa-edbd-4bc8-8e49-bdaf1f04ba99", "timestamp": "2026-08-22T14:13:00.331939", "sender_account": "ZADP42098975580841", "receiver_account": "OBST45783212332050", "amount": 9900.0, "currency": "USD", "type": "FRAUD_PLACEMENT"}
{"transaction_id": "89215110-32ad-4b69-981a-10f369ecc1d6", "timestamp": "2026-08-22T14:13:00.331983", "sender_account": "OBST45783212332050", "receiver_account": "TKNE95981619733116", "amount": 9900.0, "currency": "USD", "type": "FRAUD_LAYERING"}
{"transaction_id": "64f7122c-5ee1-4997-a89a-ea87a68eff65", "timestamp": "2026-08-22T14:13:01.333084", "sender_account": "BARZ06398633576495", "receiver_account": "BATQ26066122589537", "amount": 73.32, "currency": "USD", "type": "NORMAL"}
{"transaction_id": "f5d2651f-a650-4e9b-8f69-c1fbc61d6681", "timestamp": "2026-08-22T14:13:02.334243", "sender_account": "UIUQ30880043964264", "receiver_account": "JHOE55271525311673", "amount": 2105.48, "currency": "USD", "type": "NORMAL"}
{"transaction_id": "878bbc91-d430-454e-b3a7-5a20d5de8fc1", "timestamp": "2026-08-22T14:13:03.335199", "sender_account": "RZVP21155505850037", "receiver_account": "OWJJ95183742153706", "amount": 3882.54, "currency": "USD", "type": "NORMAL"}
{"transaction_id": "24b5d481-9c0a-4076-9a78-27a34e89c674", "timestamp": "2026-08-22T14:13:04.335984", "sender_account": "ZADP42098975580841", "receiver_account": "BMWQ07401602650724", "amount": 9900.0, "currency": "USD", "type": "FRAUD_PLACEMENT"}
{"transaction_id": "b0d0afd8-bed4-4699-bdee-37edbb9c790d", "timestamp": "2026-08-22T14:13:04.336032", "sender_account": "BMWQ07401602650724", "receiver_account": "TKNE95981619733116", "amount": 9900.0, "currency": "USD", "type": "FRAUD_LAYERING"}
{"transaction_id": "5f3ca216-0a54-49b5-9a3b-f9ff4ae3cf23", "timestamp": "2026-08-22T14:13:05.337056", "sender_account": "ZGMR58754809663746", "receiver_account": "SNQR02825333527062", "amount": 1752.68, "currency": "USD", "type": "NORMAL"}
{"transaction_id": "7fcc63ae-2968-45c7-b7e4-35bbd383a097", "timestamp": "2026-08-22T14:13:06.337956", "sender_account": "ZGMR58754809663746", "receiver_account": "OONT57623890878105", "amount": 4139.82, "currency": "USD", "type": "NORMAL"}
{"transaction_id": "655bd329-f64f-4e2f-ba4b-c68247baff2d", "timestamp": "2026-08-22T14:13:07.338761", "sender_account": "QTXV40623378585875", "receiver_account": "TYUO44513722171270", "amount": 287.8, "currency": "USD", "type": "NORMAL"}
{"transaction_id": "33faab82-a083-4466-91bb-99e8e0a1e0f1", "timestamp": "2026-08-22T14:13:08.339731", "sender_account": "YIRQ99574502470842", "receiver_account": "VPQE19399427637466", "amount": 9900.0, "currency": "USD", "type": "FRAUD_PLACEMENT"}
{"transaction_id": "a33bcd1c-8190-4023-ac0f-f798676d6989", "timestamp": "2026-08-22T14:13:08.339765", "sender_account": "VPQE19399427637466", "receiver_account": "TKNE95981619733116", "amount": 9900.0, "currency": "USD", "type": "FRAUD_LAYERING"}
{"transaction_id": "b7e2b003-3f37-4037-9784-8be838a67e71", "timestamp": "2026-08-22T14:13:09.340614", "sender_account": "OCPV45827561184835", "receiver_account": "OONT57623890878105", "amount": 2797.95, "currency": "USD", "type": "NORMAL"}
{"transaction_id": "e5c020f3-06c1-424e-901c-48477bf64ddc", "timestamp": "2026-08-22T14:13:10.341532", "sender_account": "PCEW62562572220429", "receiver_account": "VPQE19399427637466", "amount": 4001.28, "currency": "USD", "type": "NORMAL"}
{"transaction_id": "131e5ce9-2bf3-4821-a1d0-f4467e6dc09c", "timestamp": "2026-08-22T14:13:11.343379", "sender_account": "MLNT98933143420708", "receiver_account": "OWJJ95183742153706", "amount": 565.33, "currency": "USD", "type": "NORMAL"}
{"transaction_id": "02470f47-acc5-44b2-b3fe-ebe6057b6696", "timestamp": "2026-08-22T14:13:12.344055", "sender_account": "REUU89703871611287", "receiver_account": "GIBZ40473797020174", "amount": 3266.06, "currency": "USD", "type": "NORMAL"}
{"transaction_id": "09eade49-4731-4969-9684-97dc13ed62ae", "timestamp": "2026-08-22T14:13:13.345103", "sender_account": "ZWCH93320854773187", "receiver_account": "VPQE19399427637466", "amount": 9900.0, "currency": "USD", "type": "FRAUD_PLACEMENT"}
{"transaction_id": "3b4fec37-2860-421f-8ed6-6ae009065481", "timestamp": "2026-08-22T14:13:13.345150", "sender_account": "VPQE19399427637466", "receiver_account": "TKNE95981619733116", "amount": 9900.0, "currency": "USD", "type": "FRAUD_LAYERING"}
{"transaction_id": "a38ec643-6eff-4098-8f70-52624dd839c1", "timestamp": "2026-08-22T14:13:14.345972", "sender_account": "HNVF64891754144366", "receiver_account": "FLWW48003862994101", "amount": 1956.43, "currency": "USD", "type": "NORMAL"}
{"transaction_id": "7c1be44d-1779-437f-871c-5831fc357b25", "timestamp": "2026-08-22T14:13:15.346945", "sender_account": "WQIV41315931568868", "receiver_account": "VPQE19399427637466", "amount": 2357.62, "currency": "USD", "type": "NORMAL"}
{"transaction_id": "e8c5d7a9-519e-45af-9f2e-d52d7e2f4a74", "timestamp": "2026-08-22T14:13:16.347678", "sender_account": "ZBAV57583531826293", "receiver_account": "GIBZ40473797020174", "amount": 9900.0, "currency": "USD", "type": "FRAUD_PLACEMENT"}
{"transaction_id": "6d7871c4-ef20-4525-a011-f3e9144ea6c0", "timestamp": "2026-08-22T14:13:16.347720", "sender_account": "GIBZ40473797020174", "receiver_account": "TKNE95981619733116", "amount": 9900.0, "currency": "USD", "type": "FRAUD_LAYERING"}
{"transaction_id": "c70d9bc9-960e-4b07-ab9b-3417f1661799", "timestamp": "2026-08-22T14:13:17.348871", "sender_account": "FLWW48003862994101", "receiver_account": "BATQ26066122589537", "amount": 1667.07, "currency": "USD", "type": "NORMAL"}
{"transaction_id": "10504af7-525a-4da5-bce4-3100a9e86608", "timestamp": "2026-08-22T14:13:18.349978", "sender_account": "ECDH75774390227986", "receiver_account": "VPQE19399427637466", "amount": 9900.0, "currency": "USD", "type": "FRAUD_PLACEMENT"}
{"transaction_id": "4c5346b5-d1bd-4d8b-9997-bfd889599e44", "timestamp": "2026-08-22T14:13:18.350018", "sender_account": "VPQE19399427637466", "receiver_account": "TKNE95981619733116", "amount": 9900.0, "currency": "USD", "type": "FRAUD_LAYERING"}
{"transaction_id": "727c7d43-e864-4e8b-8b1d-345ba8de65fb", "timestamp": "2026-08-22T14:13:19.350973", "sender_account": "QJTE47754309425360", "receiver_account": "EJZC41691668687807", "amount": 2539.45, "currency": "USD", "type": "NORMAL"}
{"transaction_id": "e92d5e9c-b64b-473e-9572-00f42058a851", "timestamp": "2026-08-22T14:13:20.351722", "sender_account": "EMXL67993602576108", "receiver_account": "OBST45783212332050", "amount": 1157.66, "currency": "USD", "type": "NORMAL"}
{"transaction_id": "182c921c-b2c9-47a5-aa1f-7b0457cfcc31", "timestamp": "2026-08-22T14:13:21.352822", "sender_account": "GOHX63551834343537", "receiver_account": "ITUW94328852809457", "amount": 4834.72, "currency": "USD", "type": "NORMAL"}
{"transaction_id": "b12bf4e4-c3ce-49a6-9802-b54fe089af06", "timestamp": "2026-08-22T14:13:22.353886", "sender_account": "EMXL67993602576108", "receiver_account": "ZGMR58754809663746", "amount": 1955.3, "currency": "USD", "type": "NORMAL"}
{"transaction_id": "0dbed863-3f91-4cb0-9376-ad0ba58db0ef", "timestamp": "2026-08-22T14:13:23.354926", "sender_account": "HNVF64891754144366", "receiver_account": "VPQE19399427637466", "amount": 9900.0, "currency": "USD", "type": "FRAUD_PLACEMENT"}
{"transaction_id": "ae08c247-b317-4676-9dd3-2b807e7f33f2", "timestamp": "2026-08-22T14:13:23.354968", "sender_account": "VPQE19399427637466", "receiver_account": "TKNE95981619733116", "amount": 9900.0, "currency": "USD", "type": "FRAUD_LAYERING"}
{"transaction_id": "bae0a739-cc3b-494d-9e44-ac2706f4a56d", "timestamp": "2026-08-22T14:13:24.356066", "sender_account": "IFXC26846099455699", "receiver_account": "FXIM87758079103884", "amount": 2395.05, "currency": "USD", "type": "NORMAL"}
{"transaction_id": "60544899-0a1d-4648-bbb9-cb86d14a010c", "timestamp": "2026-08-22T14:13:25.356675", "sender_account": "ZWCH93320854773187", "receiver_account": "ZVIU98542550975060", "amount": 1924.87, "currency": "USD", "type": "NORMAL"}
{"transaction_id": "31e9936e-45a5-4c8c-a34b-2d32d6f6c2d1", "timestamp": "2026-08-22T14:13:26.357776", "sender_account": "OONT57623890878105", "receiver_account": "FOKF83913028698195", "amount": 2224.95, "currency": "USD", "type": "NORMAL"}
{"transaction_id": "921eca0c-372e-45ba-9613-009c2e108d4d", "timestamp": "2026-08-22T14:13:27.358586", "sender_account": "BLTT28136406266695", "receiver_account": "TYZA12395659119598", "amount": 9900.0, "currency": "USD", "type": "FRAUD_PLACEMENT"}
{"transaction_id": "033b9522-f4e3-4cd3-ab18-88826b4e32e4", "timestamp": "2026-08-22T14:13:27.358624", "sender_account": "TYZA12395659119598", "receiver_account": "TKNE95981619733116", "amount": 9900.0, "currency": "USD", "type": "FRAUD_LAYERING"}
{"transaction_id": "a657b40b-ac42-4a8e-90a0-077c887c3a28", "timestamp": "2026-08-22T14:13:28.359549", "sender_account": "PCEW62562572220429", "receiver_account": "YIRQ99574502470842", "amount": 4019.49, "currency": "USD", "type": "NORMAL"}
{"transaction_id": "05d81b90-9ed1-4f13-af86-c212e6d3b38d", "timestamp": "2026-08-22T14:13:29.360889", "sender_account": "MPYG47417771988920", "receiver_account": "TKCO15830034158606", "amount": 108.85, "currency": "USD", "type": "NORMAL"}
{"transaction_id": "c7522e36-4ded-434f-852a-4e9972692dae", "timestamp": "2026-08-22T14:13:30.362007", "sender_account": "HNVF64891754144366", "receiver_account": "XMJK82504694562095", "amount": 4610.71, "currency": "USD", "type": "NORMAL"}
{"transaction_id": "d4fa9fed-06a3-46b8-b194-c5cec57066d7", "timestamp": "2026-08-22T14:13:31.362851", "sender_account": "ZADP42098975580841", "receiver_account": "GIBZ40473797020174", "amount": 9900.0, "currency": "USD", "type": "FRAUD_PLACEMENT"}
{"transaction_id": "2abe20c1-2618-42b3-a4bb-87f065f29b95", "timestamp": "2026-08-22T14:13:31.362886", "sender_account": "GIBZ40473797020174", "receiver_account": "TKNE95981619733116", "amount": 9900.0, "currency": "USD", "type": "FRAUD_LAYERING"}
{"transaction_id": "adec5396-925d-4b15-9881-67380cd1f172", "timestamp": "2026-08-22T14:13:32.363983", "sender_account": "TYZA12395659119598", "receiver_account": "WKTH11946849130998", "amount": 4753.63, "currency": "USD", "type": "NORMAL"}
{"transaction_id": "ad6af939-e6f2-4f5b-a602-a1333e60ad01", "timestamp": "2026-08-22T14:13:33.365112", "sender_account": "ZWCH93320854773187", "receiver_account": "VPQE19399427637466", "amount": 9900.0, "currency": "USD", "type": "FRAUD_PLACEMENT"}
{"transaction_id": "90ed6e55-e600-4c9e-91a2-8b47919ffca3", "timestamp": "2026-08-22T14:13:33.365157", "sender_account": "VPQE19399427637466", "receiver_account": "TKNE95981619733116", "amount": 9900.0, "currency": "USD", "type": "FRAUD_LAYERING"}
{"transaction_id": "f4169bc9-62df-4aae-a5a7-3dd91456c473", "timestamp": "2026-08-22T14:13:34.366066", "sender_account": "ONTE15993666350518", "receiver_account": "GIBZ40473797020174", "amount": 9900.0, "currency": "USD", "type": "FRAUD_PLACEMENT"}
{"transaction_id": "a460b7e0-6705-4cb9-acff-e37474124d93", "timestamp": "2026-08-22T14:13:34.366107", "sender_account": "GIBZ40473797020174", "receiver_account": "TKNE95981619733116", "amount": 9900.0, "currency": "USD", "type": "FRAUD_LAYERING"}
{"transaction_id": "bfe9e252-dbc6-4ee0-8942-6ef90f39785e", "timestamp": "2026-08-22T14:13:35.367317", "sender_account": "ECDH75774390227986", "receiver_account": "WIYV91633626744584", "amount": 2391.86, "currency": "USD", "type": "NORMAL"}
{"transaction_id": "3ad5feb8-ccc0-4834-950f-76162c25b172", "timestamp": "2026-08-22T14:13:36.368350", "sender_account": "RZVP21155505850037", "receiver_account": "GIBZ40473797020174", "amount": 9900.0, "currency": "USD", "type": "FRAUD_PLACEMENT"}
{"transaction_id": "4a3fa5c2-73fc-4b76-8c01-74f47cee5db0", "timestamp": "2026-08-22T14:13:36.368401", "sender_account": "GIBZ40473797020174", "receiver_account": "TKNE95981619733116", "amount": 9900.0, "currency": "USD", "type": "FRAUD_LAYERING"}
{"transaction_id": "fd00bfc5-1d58-4f25-8732-d441760324c5", "timestamp": "2026-08-22T14:13:37.369461", "sender_account": "OONT57623890878105", "receiver_account": "KNAU16349393570336", "amount": 3790.56, "currency": "USD", "type": "NORMAL"}
{"transaction_id": "00be5a7e-00ea-4d40-8754-cdec78591559", "timestamp": "2026-08-22T14:13:38.370432", "sender_account": "GIBZ40473797020174", "receiver_account": "DRXV24124034784149", "amount": 2317.3, "currency": "USD", "type": "NORMAL"}
{"transaction_id": "431810a4-4026-444a-9bc7-f53ea4cfeb48", "timestamp": "2026-08-22T14:13:39.371559", "sender_account": "GLIT62311059003233", "receiver_account": "IVEN85122238604633", "amount": 3833.02, "currency": "USD", "type": "NORMAL"}
{"transaction_id": "97d9bb3e-4a7b-4ad0-8e4e-b087f2f16eeb", "timestamp": "2026-08-22T14:13:40.372248", "sender_account": "ECDH75774390227986", "receiver_account": "TYZA12395659119598", "amount": 9900.0, "currency": "USD", "type": "FRAUD_PLACEMENT"}
{"transaction_id": "b155b2e5-4351-448c-bd6f-d91ea97b3fd6", "timestamp": "2026-08-22T14:13:40.372291", "sender_account": "TYZA12395659119598", "receiver_account": "TKNE95981619733116", "amount": 9900.0, "currency": "USD", "type": "FRAUD_LAYERING"}
{"transaction_id": "3fa2bc05-03e5-4add-8645-0a8963b5c41b", "timestamp": "2026-08-22T14:13:41.373733", "sender_account": "OCPV45827561184835", "receiver_account": "GKOO36379143283440", "amount": 845.46, "currency": "USD", "type": "NORMAL"}
{"transaction_id": "cd45b2c7-1274-40da-a87a-e57317f3a43e", "timestamp": "2026-08-22T14:13:42.379225", "sender_account": "MPYG47417771988920", "receiver_account": "QJTE47754309425360", "amount": 2380.35, "currency": "USD", "type": "NORMAL"}
{"transaction_id": "c81be4f3-e397-4d37-b9ba-28f4a227179d", "timestamp": "2026-08-22T14:13:43.380285", "sender_account": "VNZI08329609359985", "receiver_account": "DGWO81624487946464", "amount": 4943.19, "currency": "USD", "type": "NORMAL"}
{"transaction_id": "8b760b4d-03a7-4383-91ed-003ff04e361e", "timestamp": "2026-08-22T14:13:44.380964", "sender_account": "JQKJ34058795741041", "receiver_account": "ZGMR58754809663746", "amount": 1833.71, "currency": "USD", "type": "NORMAL"}
{"transaction_id": "6086e368-dcd5-4cc7-a0e7-bcf2496660fe", "timestamp": "2026-08-22T14:13:45.381763", "sender_account": "POPI60802500302561", "receiver_account": "ZADP42098975580841", "amount": 1363.34, "currency": "USD", "type": "NORMAL"}
{"transaction_id": "f4810d94-e5f6-48c3-8a5c-c948adea2e67", "timestamp": "2026-08-22T14:13:46.382436", "sender_account": "ZISS86727170516266", "receiver_account": "BOQG09638950855355", "amount": 3154.84, "currency": "USD", "type": "NORMAL"}
{"transaction_id": "c35b373c-e550-41ea-8c86-f4b9934b8c92", "timestamp": "2026-08-22T14:13:47.383239", "sender_account": "IQWF66011720786197", "receiver_account": "BWKA78710027600682", "amount": 4623.04, "currency": "USD", "type": "NORMAL"}
{"transaction_id": "bc33f972-1584-465f-947d-16cf8de68b81", "timestamp": "2026-08-22T14:13:48.384261", "sender_account": "GKOO36379143283440", "receiver_account": "OBST45783212332050", "amount": 9900.0, "currency": "USD", "type": "FRAUD_PLACEMENT"}
{"transaction_id": "c0ec84d5-97a3-4ec9-987d-c90d136d1037", "timestamp": "2026-08-22T14:13:48.384320", "sender_account": "OBST45783212332050", "receiver_account": "TKNE95981619733116", "amount": 9900.0, "currency": "USD", "type": "FRAUD_LAYERING"}
{"transaction_id": "f309690a-99a9-4d7d-9f5d-ae8323cbdd77", "timestamp": "2026-08-22T14:13:49.386795", "sender_account": "ZBAV57583531826293", "receiver_account": "BMWQ07401602650724", "amount": 9900.0, "currency": "USD", "type": "FRAUD_PLACEMENT"}
{"transaction_id": "08c5a118-14be-4136-a413-44f85a9c9ef0", "timestamp": "2026-08-22T14:13:49.386829", "sender_account": "BMWQ07401602650724", "receiver_account": "TKNE95981619733116", "amount": 9900.0, "currency": "USD", "type": "FRAUD_LAYERING"}
{"transaction_id": "fe82095c-150d-4a64-9927-b49c98adf1a4", "timestamp": "2026-08-22T14:13:50.387714", "sender_account": "FOKF83913028698195", "receiver_account": "GIBZ40473797020174", "amount": 9900.0, "currency": "USD", "type": "FRAUD_PLACEMENT"}
{"transaction_id": "10b2d8a6-01b0-4a11-b1ef-95ec4eec3dc8", "timestamp": "2026-08-22T14:13:50.387756", "sender_account": "GIBZ40473797020174", "receiver_account": "TKNE95981619733116", "amount": 9900.0, "currency": "USD", "type": "FRAUD_LAYERING"}
{"transaction_id": "a5559db8-946b-4160-a465-4a41cc9fe701", "timestamp": "2026-08-22T14:13:51.388449", "sender_account": "GOHX63551834343537", "receiver_account": "ZADP42098975580841", "amount": 4633.51, "currency": "USD", "type": "NORMAL"}
{"transaction_id": "a15ac460-8e46-4421-b64d-11e6fc93f5ba", "timestamp": "2026-08-22T14:13:52.389019", "sender_account": "FOBA45363711762614", "receiver_account": "GOHX63551834343537", "amount": 3461.22, "currency": "USD", "type": "NORMAL"}
{"transaction_id": "bc83e83f-0270-4be7-a342-44aabbd6d806", "timestamp": "2026-08-22T14:13:53.390082", "sender_account": "UJCK66397862919111", "receiver_account": "ZGYE32529717670955", "amount": 328.85, "currency": "USD", "type": "NORMAL"}
{"transaction_id": "7e6a3bd4-d04b-4b5c-8180-1c73941e92fa", "timestamp": "2026-08-22T14:13:54.391241", "sender_account": "YGUU62893874834917", "receiver_account": "QJTE47754309425360", "amount": 2667.41, "currency": "USD", "type": "NORMAL"}
{"transaction_id": "ff0f979b-00ff-4e19-9f8d-0378d5a9a22b", "timestamp": "2026-08-22T14:13:55.392393", "sender_account": "ITUW94328852809457", "receiver_account": "KSQR22887690863408", "amount": 3154.9, "currency": "USD", "type": "NORMAL"}
{"transaction_id": "99b3cceb-004c-48e4-a272-49e08cb7b514", "timestamp": "2026-08-22T14:13:56.393837", "sender_account": "BTCE30031727194183", "receiver_account": "OONT57623890878105", "amount": 4803.09, "currency": "USD", "type": "NORMAL"}
{"transaction_id": "443c612e-28dd-4507-b8aa-4fe4932596ae", "timestamp": "2026-08-22T14:13:57.395217", "sender_account": "ZQRY82107849082085", "receiver_account": "WSCV53841899351261", "amount": 3014.54, "currency": "USD", "type": "NORMAL"}
{"transaction_id": "ca9c378c-dab9-478f-a99b-00491ed827e3", "timestamp": "2026-08-22T14:13:58.396277", "sender_account": "VPQE19399427637466", "receiver_account": "ZBAV57583531826293", "amount": 1480.19, "currency": "USD", "type": "NORMAL"}
{"transaction_id": "b9fbb08f-45cf-4978-949f-c0e6fb545937", "timestamp": "2026-08-22T14:13:59.397228", "sender_account": "OWJJ95183742153706", "receiver_account": "BTCE30031727194183", "amount": 3505.01, "currency": "USD", "type": "NORMAL"}
{"transaction_id": "f978f7d3-efc1-458c-9d88-dea04b045408", "timestamp": "2026-08-22T14:14:00.397829", "sender_account": "HNVF64891754144366", "receiver_account": "MFRJ31603040538232", "amount": 3112.55, "currency": "USD", "type": "NORMAL"}
{"transaction_id": "7b46e879-f8a5-4d4a-b999-2e465874f360", "timestamp": "2026-08-22T14:14:01.398574", "sender_account": "QNGB06866193861206", "receiver_account": "RZVP21155505850037", "amount": 948.88, "currency": "USD", "type": "NORMAL"}
{"transaction_id": "14fbf24c-ac6d-4d66-9d8b-04a4bcd3e018", "timestamp": "2026-08-22T14:14:02.399737", "sender_account": "ZGMR58754809663746", "receiver_account": "QNGB06866193861206", "amount": 2467.05, "currency": "USD", "type": "NORMAL"}
{"transaction_id": "36824abe-ce5b-49b0-a0cd-9de9180d7b5a", "timestamp": "2026-08-22T14:14:03.400979", "sender_account": "YXRF85957215814306", "receiver_account": "RTKW81167619321392", "amount": 4343.52, "currency": "USD", "type": "NORMAL"}
{"transaction_id": "96b2139d-b855-4378-80ea-b44d50bab211", "timestamp": "2026-08-22T14:14:04.401905", "sender_account": "ZBAV57583531826293", "receiver_account": "VPQE19399427637466", "amount": 9900.0, "currency": "USD", "type": "FRAUD_PLACEMENT"}
{"transaction_id": "b3316b4d-1cae-4a46-89ae-9be39205adb1", "timestamp": "2026-08-22T14:14:04.401939", "sender_account": "VPQE19399427637466", "receiver_account": "TKNE95981619733116", "amount": 9900.0, "currency": "USD", "type": "FRAUD_LAYERING"}
{"transaction_id": "b7190020-5da1-44ff-aacc-ec4aca206920", "timestamp": "2026-08-22T14:14:05.403004", "sender_account": "RZVP21155505850037", "receiver_account": "YRYY89437144222231", "amount": 537.2, "currency": "USD", "type": "NORMAL"}
{"transaction_id": "ae264216-627e-4fcf-8c49-d2823d583b99", "timestamp": "2026-08-22T14:14:06.403689", "sender_account": "MREZ94532505100354", "receiver_account": "ZBAV57583531826293", "amount": 927.79, "currency": "USD", "type": "NORMAL"}
{"transaction_id": "82acfbc4-f906-4cbc-b3b1-b124a2b989c5", "timestamp": "2026-08-22T14:14:07.404795", "sender_account": "KOVQ87848311751921", "receiver_account": "CDPO86269475852321", "amount": 3198.06, "currency": "USD", "type": "NORMAL"}
{"transaction_id": "e09a9dce-7edc-4b4b-8556-ae1dd98c8e7d", "timestamp": "2026-08-22T14:14:08.405605", "sender_account": "TYUO44513722171270", "receiver_account": "WSCV53841899351261", "amount": 3608.33, "currency": "USD", "type": "NORMAL"}
{"transaction_id": "e217e94b-24cd-4e23-852b-4a74eadc6dcc", "timestamp": "2026-08-22T14:14:09.406495", "sender_account": "YIRQ99574502470842", "receiver_account": "BMWQ07401602650724", "amount": 9900.0, "currency": "USD", "type": "FRAUD_PLACEMENT"}
{"transaction_id": "b9e70031-572d-4980-81b5-58bb1bd566a5", "timestamp": "2026-08-22T14:14:09.406539", "sender_account": "BMWQ07401602650724", "receiver_account": "TKNE95981619733116", "amount": 9900.0, "currency": "USD", "type": "FRAUD_LAYERING"}
{"transaction_id": "c57dbe0a-19c5-4cec-9a4d-6cb6033090fa", "timestamp": "2026-08-22T14:14:10.408078", "sender_account": "ZBAV57583531826293", "receiver_account": "TYZA12395659119598", "amount": 9900.0, "currency": "USD", "type": "FRAUD_PLACEMENT"}
{"transaction_id": "d20615dd-dd97-4e23-bdfc-fd864789b7ad", "timestamp": "2026-08-22T14:14:10.408139", "sender_account": "TYZA12395659119598", "receiver_account": "TKNE95981619733116", "amount": 9900.0, "currency": "USD", "type": "FRAUD_LAYERING"}
{"transaction_id": "295a9606-9ec5-4e86-bad9-6438d93e0158", "timestamp": "2026-08-22T14:14:11.416463", "sender_account": "MPYG47417771988920", "receiver_account": "MLNT98933143420708", "amount": 2569.37, "currency": "USD", "type": "NORMAL"}
{"transaction_id": "69efa02d-50cc-4e93-ac08-ea23c8a34f4a", "timestamp": "2026-08-22T14:14:12.421541", "sender_account": "CDPO86269475852321", "receiver_account": "ZBAV57583531826293", "amount": 2025.77, "currency": "USD", "type": "NORMAL"}
{"transaction_id": "fb6a09b7-e059-466c-90d3-51e85e0b8afd", "timestamp": "2026-08-22T14:14:13.422553", "sender_account": "OONT57623890878105", "receiver_account": "RTKW81167619321392", "amount": 2515.51, "currency": "USD", "type": "NORMAL"}
{"transaction_id": "418c1c02-854e-4b9b-b554-a673205621fd", "timestamp": "2026-08-22T14:14:14.423397", "sender_account": "BOQG09638950855355", "receiver_account": "BWKA78710027600682", "amount": 2198.72, "currency": "USD", "type": "NORMAL"}
{"transaction_id": "8eb1b81b-05cc-4c1b-a1eb-0d89604063bf", "timestamp": "2026-08-22T14:14:15.424173", "sender_account": "YIRQ99574502470842", "receiver_account": "QJTE47754309425360", "amount": 466.67, "currency": "USD", "type": "NORMAL"}
{"transaction_id": "a2b9579a-15ba-4396-82e2-60f2c73d36f8", "timestamp": "2026-08-22T14:14:16.424830", "sender_account": "DGWO81624487946464", "receiver_account": "ZRSL02416594373530", "amount": 169.6, "currency": "USD", "type": "NORMAL"}
{"transaction_id": "4480e194-8c15-4660-a72b-77192f4e0f9f", "timestamp": "2026-08-22T14:14:17.425836", "sender_account": "ONTE15993666350518", "receiver_account": "NORJ47127315571079", "amount": 4408.66, "currency": "USD", "type": "NORMAL"}
{"transaction_id": "a6f69224-c6d8-40f3-adb5-b134b17a0ee5", "timestamp": "2026-08-22T14:14:18.427110", "sender_account": "XMJK82504694562095", "receiver_account": "GIBZ40473797020174", "amount": 9900.0, "currency": "USD", "type": "FRAUD_PLACEMENT"}
{"transaction_id": "42d36ac3-3d26-42ff-9cab-086a17a94569", "timestamp": "2026-08-22T14:14:18.427172", "sender_account": "GIBZ40473797020174", "receiver_account": "TKNE95981619733116", "amount": 9900.0, "currency": "USD", "type": "FRAUD_LAYERING"}
{"transaction_id": "5f45705b-ee0c-4f79-bc41-924e0252a632", "timestamp": "2026-08-22T14:14:19.429065", "sender_account": "QOSV59129264416433", "receiver_account": "XMJK82504694562095", "amount": 3258.76, "currency": "USD", "type": "NORMAL"}
{"transaction_id": "61d160e9-2d44-4597-a087-4a640a89c2e5", "timestamp": "2026-08-22T14:14:20.430103", "sender_account": "BWKA78710027600682", "receiver_account": "YRYY89437144222231", "amount": 4180.69, "currency": "USD", "type": "NORMAL"}
{"transaction_id": "930ce4a0-44b1-4dd7-95f6-5cb8383b4d8e", "timestamp": "2026-08-22T14:14:21.430936", "sender_account": "UIUQ30880043964264", "receiver_account": "OCPV45827561184835", "amount": 3868.6, "currency": "USD", "type": "NORMAL"}
{"transaction_id": "d0dcee6d-4e55-4664-a2aa-d3f89d02a8d8", "timestamp": "2026-08-22T14:14:22.431923", "sender_account": "KNAU16349393570336", "receiver_account": "HNVF64891754144366", "amount": 50.79, "currency": "USD", "type": "NORMAL"}
{"transaction_id": "c5d3c6e9-0002-4418-a7a8-68a5d6811bd2", "timestamp": "2026-08-22T14:14:23.433181", "sender_account": "POPI60802500302561", "receiver_account": "WCLE91496399180753", "amount": 2115.47, "currency": "USD", "type": "NORMAL"}
{"transaction_id": "ec6ea902-f921-4f13-bcb9-0b62203ed036", "timestamp": "2026-08-22T14:14:24.434255", "sender_account": "OBST45783212332050", "receiver_account": "WSCV53841899351261", "amount": 4681.48, "currency": "USD", "type": "NORMAL"}
{"transaction_id": "e84f8fa5-f1e5-4cfc-8719-3b865be5e50a", "timestamp": "2026-08-22T14:14:25.434951", "sender_account": "OBST45783212332050", "receiver_account": "JRIS76694227569281", "amount": 4602.78, "currency": "USD", "type": "NORMAL"}
{"transaction_id": "57b611d0-ed4b-4f4f-85d8-582f3e9bad22", "timestamp": "2026-08-22T14:14:26.435586", "sender_account": "XMJK82504694562095", "receiver_account": "POPI60802500302561", "amount": 4012.28, "currency": "USD", "type": "NORMAL"}
{"transaction_id": "1cc8a00c-3c36-4d7d-8421-8203a76bf9d0", "timestamp": "2026-08-22T14:14:27.436610", "sender_account": "YRYY89437144222231", "receiver_account": "FOBA45363711762614", "amount": 3799.0, "currency": "USD", "type": "NORMAL"}
{"transaction_id": "9189dbc2-40ec-4aeb-8c5c-10ecf3b11351", "timestamp": "2026-08-22T14:14:28.437496", "sender_account": "KOVQ87848311751921", "receiver_account": "FOKF83913028698195", "amount": 3489.85, "currency": "USD", "type": "NORMAL"}
{"transaction_id": "56949aa5-d948-402c-8346-60c91ababddc", "timestamp": "2026-08-22T14:14:29.438705", "sender_account": "GKOO36379143283440", "receiver_account": "SNQR02825333527062", "amount": 1576.11, "currency": "USD", "type": "NORMAL"}
{"transaction_id": "8176913b-a402-4c85-ace6-6c5ea647eb8f", "timestamp": "2026-08-22T14:14:30.439565", "sender_account": "ZGMR58754809663746", "receiver_account": "HNVF64891754144366", "amount": 1490.43, "currency": "USD", "type": "NORMAL"}
{"transaction_id": "1318886b-aeab-4704-87ce-1ffe418eef4b", "timestamp": "2026-08-22T14:14:31.440339", "sender_account": "UIUQ30880043964264", "receiver_account": "ZMWS54714289381237", "amount": 765.92, "currency": "USD", "type": "NORMAL"}
{"transaction_id": "8fb0a9f0-7d2f-4b4a-be42-0f89c9fd2b8d", "timestamp": "2026-08-22T14:14:32.441121", "sender_account": "UOIY52992373188750", "receiver_account": "UQUO78118349294482", "amount": 2492.85, "currency": "USD", "type": "NORMAL"}
{"transaction_id": "077e7faa-ddb5-4099-98f7-d264a9688c20", "timestamp": "2026-08-22T14:14:33.441902", "sender_account": "HQYC61658237444874", "receiver_account": "YIRQ99574502470842", "amount": 2003.54, "currency": "USD", "type": "NORMAL"}
{"transaction_id": "c958af88-6158-4d16-bc23-1ecc12c29dd0", "timestamp": "2026-08-22T14:14:34.442605", "sender_account": "WQIV41315931568868", "receiver_account": "VALP74928055025578", "amount": 4101.79, "currency": "USD", "type": "NORMAL"}
{"transaction_id": "c71668c5-19c0-4f7c-9d29-9cdba3d9adc0", "timestamp": "2026-08-22T14:14:35.443233", "sender_account": "ECDH75774390227986", "receiver_account": "VPQE19399427637466", "amount": 9900.0, "currency": "USD", "type": "FRAUD_PLACEMENT"}
{"transaction_id": "c06bf959-602e-463d-9dea-41949f528f4f", "timestamp": "2026-08-22T14:14:35.443270", "sender_account": "VPQE19399427637466", "receiver_account": "TKNE95981619733116", "amount": 9900.0, "currency": "USD", "type": "FRAUD_LAYERING"}
{"transaction_id": "93bdd59f-fc72-4fd8-9807-a27768fc0a51", "timestamp": "2026-08-22T14:14:36.444077", "sender_account": "OBST45783212332050", "receiver_account": "IFXC26846099455699", "amount": 1043.69, "currency": "USD", "type": "NORMAL"}
{"transaction_id": "b699695b-8148-46dc-9d90-b98b86de8047", "timestamp": "2026-08-22T14:14:37.444838", "sender_account": "POPI60802500302561", "receiver_account": "TYZA12395659119598", "amount": 9900.0, "currency": "USD", "type": "FRAUD_PLACEMENT"}
{"transaction_id": "0591e4f3-ac98-4bf2-8e4b-03dadd275485", "timestamp": "2026-08-22T14:14:37.444881", "sender_account": "TYZA12395659119598", "receiver_account": "TKNE95981619733116", "amount": 9900.0, "currency": "USD", "type": "FRAUD_LAYERING"}
{"transaction_id": "c278b291-fc28-4a1e-b400-2ad77eac2ea5", "timestamp": "2026-08-22T14:14:38.445647", "sender_account": "SNQR02825333527062", "receiver_account": "OBST45783212332050", "amount": 9900.0, "currency": "USD", "type": "FRAUD_PLACEMENT"}
{"transaction_id": "1b6ffd47-2758-4edc-8c76-ad117c3b47ac", "timestamp": "2026-08-22T14:14:38.445697", "sender_account": "OBST45783212332050", "receiver_account": "TKNE95981619733116", "amount": 9900.0, "currency": "USD", "type": "FRAUD_LAYERING"}
{"transaction_id": "05f43a17-5ef6-49b1-bb55-e21c88a34d3f", "timestamp": "2026-08-22T14:14:39.446558", "sender_account": "DSOS96311899642368", "receiver_account": "FOKF83913028698195", "amount": 2918.41, "currency": "USD", "type": "NORMAL"}
{"transaction_id": "96892f3f-8d63-4d13-9240-4a615151cd54", "timestamp": "2026-08-22T14:14:40.447425", "sender_account": "WCLE91496399180753", "receiver_account": "GIBZ40473797020174", "amount": 1691.99, "currency": "USD", "type": "NORMAL"}
{"transaction_id": "c373561a-8617-42d1-a31c-bedc410613ce", "timestamp": "2026-08-22T14:14:41.448552", "sender_account": "ZBAV57583531826293", "receiver_account": "JGKZ81762083124666", "amount": 889.53, "currency": "USD", "type": "NORMAL"}
{"transaction_id": "791ed2c3-1604-4849-8c9a-e42c7b12cd66", "timestamp": "2026-08-22T14:14:42.449375", "sender_account": "REUU89703871611287", "receiver_account": "GIBZ40473797020174", "amount": 9900.0, "currency": "USD", "type": "FRAUD_PLACEMENT"}
{"transaction_id": "a8010274-38cf-40b6-9457-a6b50ada7402", "timestamp": "2026-08-22T14:14:42.449443", "sender_account": "GIBZ40473797020174", "receiver_account": "TKNE95981619733116", "amount": 9900.0, "currency": "USD", "type": "FRAUD_LAYERING"}
{"transaction_id": "94567c0c-c6fb-412e-9449-32e8274f51b2", "timestamp": "2026-08-22T14:14:43.450587", "sender_account": "ONTE15993666350518", "receiver_account": "SOBM80491499457608", "amount": 4586.79, "currency": "USD", "type": "NORMAL"}
{"transaction_id": "75493d2e-02ff-46f0-90b1-7ef633e43b66", "timestamp": "2026-08-22T14:14:44.451393", "sender_account": "ZBAV57583531826293", "receiver_account": "VPQE19399427637466", "amount": 9900.0, "currency": "USD", "type": "FRAUD_PLACEMENT"}
{"transaction_id": "72c9fc34-4fd7-432a-87c7-fa0476e86703", "timestamp": "2026-08-22T14:14:44.451433", "sender_account": "VPQE19399427637466", "receiver_account": "TKNE95981619733116", "amount": 9900.0, "currency": "USD", "type": "FRAUD_LAYERING"}
{"transaction_id": "8eb26087-ef9a-425e-8485-f1d81d0175fc", "timestamp": "2026-08-22T14:14:45.452195", "sender_account": "VNZI08329609359985", "receiver_account": "ZADP42098975580841", "amount": 3822.09, "currency": "USD", "type": "NORMAL"}
{"transaction_id": "c4e7a126-48c5-4a52-8eea-80eda8eb6578", "timestamp": "2026-08-22T14:14:46.453046", "sender_account": "PCEW62562572220429", "receiver_account": "NRLN08377251537949", "amount": 3047.28, "currency": "USD", "type": "NORMAL"}
{"transaction_id": "81fa98de-3adf-4d5d-8065-de4110a4ef72", "timestamp": "2026-08-22T14:14:47.454578", "sender_account": "HNVF64891754144366", "receiver_account": "GIBZ40473797020174", "amount": 9900.0, "currency": "USD", "type": "FRAUD_PLACEMENT"}
{"transaction_id": "7cce45ac-cd5f-46b6-bfe5-fa8171013bfe", "timestamp": "2026-08-22T14:14:47.454640", "sender_account": "GIBZ40473797020174", "receiver_account": "TKNE95981619733116", "amount": 9900.0, "currency": "USD", "type": "FRAUD_LAYERING"}
{"transaction_id": "e806923f-ae01-47b8-b935-bba1a112c83a", "timestamp": "2026-08-22T14:14:48.457175", "sender_account": "OONT57623890878105", "receiver_account": "DSOS96311899642368", "amount": 4247.9, "currency": "USD", "type": "NORMAL"}
{"transaction_id": "def9da53-0b8e-48dd-a536-eec4fb57a516", "timestamp": "2026-08-22T14:14:49.458101", "sender_account": "VVRM26534773504180", "receiver_account": "ONTE15993666350518", "amount": 1549.36, "currency": "USD", "type": "NORMAL"}
{"transaction_id": "ad219cda-1545-4c39-b6a1-bf34f577dbe1", "timestamp": "2026-08-22T14:14:50.458805", "sender_account": "QOSV59129264416433", "receiver_account": "DGWO81624487946464", "amount": 2038.54, "currency": "USD", "type": "NORMAL"}
{"transaction_id": "2fd15c87-09c1-4982-b68a-2699bb3d52f1", "timestamp": "2026-08-22T14:14:51.459443", "sender_account": "BWKA78710027600682", "receiver_account": "MREZ94532505100354", "amount": 3063.11, "currency": "USD", "type": "NORMAL"}
{"transaction_id": "429de631-b4d8-4ff3-8c7e-7321ffe828e1", "timestamp": "2026-08-22T14:14:52.460124", "sender_account": "WIYV91633626744584", "receiver_account": "NRLN08377251537949", "amount": 1128.42, "currency": "USD", "type": "NORMAL"}
{"transaction_id": "2567319d-26a6-4a99-98a4-56fc32136cb0", "timestamp": "2026-08-22T14:14:53.460851", "sender_account": "GLIT62311059003233", "receiver_account": "ITUW94328852809457", "amount": 338.99, "currency": "USD", "type": "NORMAL"}
{"transaction_id": "a26d145d-ec6c-4624-b8c6-5130c1575ae6", "timestamp": "2026-08-22T14:14:54.461515", "sender_account": "EUPF21042455172540", "receiver_account": "VPQE19399427637466", "amount": 9900.0, "currency": "USD", "type": "FRAUD_PLACEMENT"}
{"transaction_id": "f8a4811a-471b-4724-a1d5-65b35700b955", "timestamp": "2026-08-22T14:14:54.461550", "sender_account": "VPQE19399427637466", "receiver_account": "TKNE95981619733116", "amount": 9900.0, "currency": "USD", "type": "FRAUD_LAYERING"}
{"transaction_id": "db7c948f-eeba-4f03-b76b-93c9c5595f1e", "timestamp": "2026-08-22T14:14:55.462501", "sender_account": "UJCK66397862919111", "receiver_account": "NRLN08377251537949", "amount": 1738.93, "currency": "USD", "type": "NORMAL"}
{"transaction_id": "36829e1b-c12b-4910-9294-09bd3b290440", "timestamp": "2026-08-22T14:14:56.463698", "sender_account": "FOBA45363711762614", "receiver_account": "WSCV53841899351261", "amount": 4656.86, "currency": "USD", "type": "NORMAL"}
{"transaction_id": "a626d5e0-2720-416a-8484-a03ac04310e7", "timestamp": "2026-08-22T14:14:57.464373", "sender_account": "FOKF83913028698195", "receiver_account": "RZVP21155505850037", "amount": 2873.63, "currency": "USD", "type": "NORMAL"}
{"transaction_id": "65d7f34e-c46b-4c3e-b744-448c4f18a944", "timestamp": "2026-08-22T14:14:58.465122", "sender_account": "UJCK66397862919111", "receiver_account": "UIUQ30880043964264", "amount": 1871.5, "currency": "USD", "type": "NORMAL"}
{"transaction_id": "da151807-ebfb-4b9c-9042-476659d55968", "timestamp": "2026-08-22T14:14:59.466132", "sender_account": "QTXV40623378585875", "receiver_account": "VVRM26534773504180", "amount": 3271.3, "currency": "USD", "type": "NORMAL"}
{"transaction_id": "f661284d-7c77-429d-ae2f-534f38b4bec7", "timestamp": "2026-08-22T14:15:00.467157", "sender_account": "DGWO81624487946464", "receiver_account": "XMJK82504694562095", "amount": 3877.52, "currency": "USD", "type": "NORMAL"}
{"transaction_id": "a7382915-f014-43f0-876a-02533b9e678f", "timestamp": "2026-08-22T14:15:01.467887", "sender_account": "XMJK82504694562095", "receiver_account": "DSOS96311899642368", "amount": 4722.97, "currency": "USD", "type": "NORMAL"}
{"transaction_id": "4d8da82d-76f8-45b6-8189-670e9f8f93d7", "timestamp": "2026-08-22T14:15:02.468866", "sender_account": "YHPD62845950258653", "receiver_account": "MFRJ31603040538232", "amount": 2627.17, "currency": "USD", "type": "NORMAL"}
{"transaction_id": "8f33e15a-561c-4026-86f6-e7b249ae9262", "timestamp": "2026-08-22T14:15:03.469584", "sender_account": "XMJK82504694562095", "receiver_account": "VNZI08329609359985", "amount": 80.27, "currency": "USD", "type": "NORMAL"}
{"transaction_id": "d87254c7-8f10-42fc-bbda-e7e2f1d777c5", "timestamp": "2026-08-22T14:15:04.470300", "sender_account": "UQUO78118349294482", "receiver_account": "YFVA16193788759614", "amount": 4133.79, "currency": "USD", "type": "NORMAL"}
{"transaction_id": "c62a76a1-772f-4eb8-b7f0-dd163cf2353a", "timestamp": "2026-08-22T14:15:05.471386", "sender_account": "OBST45783212332050", "receiver_account": "GIBZ40473797020174", "amount": 2062.86, "currency": "USD", "type": "NORMAL"}
{"transaction_id": "c7e13f5f-c411-4d3b-a33b-87ce7ef0f412", "timestamp": "2026-08-22T14:15:06.472591", "sender_account": "ZQRY82107849082085", "receiver_account": "WIYV91633626744584", "amount": 3532.4, "currency": "USD", "type": "NORMAL"}
{"transaction_id": "8ab02397-2a97-4650-9f74-83aebd0b4b74", "timestamp": "2026-08-22T14:15:07.473591", "sender_account": "EUPF21042455172540", "receiver_account": "OBST45783212332050", "amount": 9900.0, "currency": "USD", "type": "FRAUD_PLACEMENT"}
{"transaction_id": "92695dd9-474d-4895-9e40-a2bf06b9df5b", "timestamp": "2026-08-22T14:15:07.473625", "sender_account": "OBST45783212332050", "receiver_account": "TKNE95981619733116", "amount": 9900.0, "currency": "USD", "type": "FRAUD_LAYERING"}
{"transaction_id": "c96cd68a-8062-4cc1-998b-eb0bd9cdac3a", "timestamp": "2026-08-22T14:15:08.474512", "sender_account": "FOBA45363711762614", "receiver_account": "DRXV24124034784149", "amount": 4442.87, "currency": "USD", "type": "NORMAL"}
{"transaction_id": "dc2afb20-145d-4026-b3d5-6c1b9e2f7bf4", "timestamp": "2026-08-22T14:15:09.475466", "sender_account": "BLTT28136406266695", "receiver_account": "UIUQ30880043964264", "amount": 4796.65, "currency": "USD", "type": "NORMAL"}
{"transaction_id": "0b55674e-ed76-4fbf-8d25-5c2ce72b101f", "timestamp": "2026-08-22T14:15:10.476427", "sender_account": "GKOO36379143283440", "receiver_account": "HQYC61658237444874", "amount": 2760.96, "currency": "USD", "type": "NORMAL"}
{"transaction_id": "4e269869-d860-4dfe-a404-2eb7e5362b4f", "timestamp": "2026-08-22T14:15:11.477352", "sender_account": "EUPF21042455172540", "receiver_account": "NRLN08377251537949", "amount": 1408.76, "currency": "USD", "type": "NORMAL"}
{"transaction_id": "13a896f1-6fe8-4e1e-ae7a-bf2712c3f6db", "timestamp": "2026-08-22T14:15:12.478231", "sender_account": "GLIT62311059003233", "receiver_account": "GKOO36379143283440", "amount": 99.43, "currency": "USD", "type": "NORMAL"}
{"transaction_id": "92d4517a-9b37-4302-91a9-7b8b46906836", "timestamp": "2026-08-22T14:15:13.479106", "sender_account": "ZQRY82107849082085", "receiver_account": "YRYY89437144222231", "amount": 4221.21, "currency": "USD", "type": "NORMAL"}
{"transaction_id": "af342344-5b3e-4b8f-85bc-ac7cad86fda3", "timestamp": "2026-08-22T14:15:14.479855", "sender_account": "SOBM80491499457608", "receiver_account": "VALP74928055025578", "amount": 3934.56, "currency": "USD", "type": "NORMAL"}
{"transaction_id": "7ec8ed0a-0a24-4818-887b-63931763f779", "timestamp": "2026-08-22T14:15:15.481020", "sender_account": "NORJ47127315571079", "receiver_account": "IQWF66011720786197", "amount": 1293.22, "currency": "USD", "type": "NORMAL"}
{"transaction_id": "a929b71f-1abe-4fb6-84a5-01d74199afcc", "timestamp": "2026-08-22T14:15:16.483136", "sender_account": "PCEW62562572220429", "receiver_account": "KNAU16349393570336", "amount": 2332.61, "currency": "USD", "type": "NORMAL"}
{"transaction_id": "d863a00f-5354-46c3-8946-745f36c7f642", "timestamp": "2026-08-22T14:15:17.494401", "sender_account": "BTCE30031727194183", "receiver_account": "EUPF21042455172540", "amount": 2148.0, "currency": "USD", "type": "NORMAL"}
{"transaction_id": "a83a91f0-8653-4563-ba75-3a099448e249", "timestamp": "2026-08-22T14:15:18.495164", "sender_account": "EJZC41691668687807", "receiver_account": "ZVIU98542550975060", "amount": 4018.78, "currency": "USD", "type": "NORMAL"}
{"transaction_id": "c949e156-cab8-40e8-9a24-87a661a878c9", "timestamp": "2026-08-22T14:15:19.495870", "sender_account": "ZADP42098975580841", "receiver_account": "ZRSL02416594373530", "amount": 4255.13, "currency": "USD", "type": "NORMAL"}
{"transaction_id": "91867c43-a227-4619-86ee-5e686b366b84", "timestamp": "2026-08-22T14:15:20.496471", "sender_account": "ZADP42098975580841", "receiver_account": "GIBZ40473797020174", "amount": 9900.0, "currency": "USD", "type": "FRAUD_PLACEMENT"}
{"transaction_id": "8ca2de58-da3a-4093-9932-a632b8c1f540", "timestamp": "2026-08-22T14:15:20.496514", "sender_account": "GIBZ40473797020174", "receiver_account": "TKNE95981619733116", "amount": 9900.0, "currency": "USD", "type": "FRAUD_LAYERING"}
{"transaction_id": "27df5373-27b5-4746-a16e-aec8a9618498", "timestamp": "2026-08-22T14:15:21.497761", "sender_account": "ZISS86727170516266", "receiver_account": "SOBM80491499457608", "amount": 3036.79, "currency": "USD", "type": "NORMAL"}
{"transaction_id": "6b221994-1813-4cf8-9f50-c595eb7824d6", "timestamp": "2026-08-22T14:15:22.498765", "sender_account": "HQYC61658237444874", "receiver_account": "VALP74928055025578", "amount": 694.3, "currency": "USD", "type": "NORMAL"}
{"transaction_id": "6aee7c09-7c9a-41b6-89f4-fb2a2ac91014", "timestamp": "2026-08-22T14:15:23.499615", "sender_account": "PCEW62562572220429", "receiver_account": "OBST45783212332050", "amount": 9900.0, "currency": "USD", "type": "FRAUD_PLACEMENT"}
{"transaction_id": "817f28aa-4845-4320-8dc2-85cc8291d2e9", "timestamp": "2026-08-22T14:15:23.499692", "sender_account": "OBST45783212332050", "receiver_account": "TKNE95981619733116", "amount": 9900.0, "currency": "USD", "type": "FRAUD_LAYERING"}
{"transaction_id": "6ed41051-0ef0-4d9c-9f79-e60060d2e91d", "timestamp": "2026-08-22T14:15:24.500877", "sender_account": "MLNT98933143420708", "receiver_account": "VVRM26534773504180", "amount": 2754.94, "currency": "USD", "type": "NORMAL"}
{"transaction_id": "cec5a742-387e-4787-b243-dc473e79f00a", "timestamp": "2026-08-22T14:15:25.501917", "sender_account": "QNGB06866193861206", "receiver_account": "HNVF64891754144366", "amount": 3884.98, "currency": "USD", "type": "NORMAL"}
{"transaction_id": "2bd0eb9a-346a-4f08-8678-fce7da829b52", "timestamp": "2026-08-22T14:15:26.503190", "sender_account": "OCPV45827561184835", "receiver_account": "OWJJ95183742153706", "amount": 3446.49, "currency": "USD", "type": "NORMAL"}
{"transaction_id": "1aa5eea2-123d-4204-b51c-8b2c188c580b", "timestamp": "2026-08-22T14:15:27.504107", "sender_account": "JQKJ34058795741041", "receiver_account": "OONT57623890878105", "amount": 3045.01, "currency": "USD", "type": "NORMAL"}
{"transaction_id": "1301516e-0d14-4815-b6c4-4cf93282f4dd", "timestamp": "2026-08-22T14:15:28.505020", "sender_account": "ZGYE32529717670955", "receiver_account": "ZBAV57583531826293", "amount": 4614.4, "currency": "USD", "type": "NORMAL"}
{"transaction_id": "ce93302d-d2ae-4070-b0ba-f7324ca609f5", "timestamp": "2026-08-22T14:15:29.506150", "sender_account": "ZBAV57583531826293", "receiver_account": "BMWQ07401602650724", "amount": 9900.0, "currency": "USD", "type": "FRAUD_PLACEMENT"}
{"transaction_id": "105d8437-3a87-43e5-899e-21de399b3c40", "timestamp": "2026-08-22T14:15:29.506185", "sender_account": "BMWQ07401602650724", "receiver_account": "TKNE95981619733116", "amount": 9900.0, "currency": "USD", "type": "FRAUD_LAYERING"}
{"transaction_id": "b9479c10-8a60-41b0-a549-fccf2038dd12", "timestamp": "2026-08-22T14:15:30.507219", "sender_account": "JHOE55271525311673", "receiver_account": "UOIY52992373188750", "amount": 3022.23, "currency": "USD", "type": "NORMAL"}
{"transaction_id": "a3601744-48fd-4910-bf2d-7b1c699b87b8", "timestamp": "2026-08-22T14:15:31.507905", "sender_account": "UIUQ30880043964264", "receiver_account": "TYUO44513722171270", "amount": 3442.73, "currency": "USD", "type": "NORMAL"}
{"transaction_id": "3522d7bb-5dfd-4589-b07b-ff9942a8430b", "timestamp": "2026-08-22T14:15:32.508880", "sender_account": "GKOO36379143283440", "receiver_account": "GIBZ40473797020174", "amount": 9900.0, "currency": "USD", "type": "FRAUD_PLACEMENT"}
{"transaction_id": "9439bf57-ce08-4f4c-a31c-f4f44d2ee99f", "timestamp": "2026-08-22T14:15:32.508923", "sender_account": "GIBZ40473797020174", "receiver_account": "TKNE95981619733116", "amount": 9900.0, "currency": "USD", "type": "FRAUD_LAYERING"}
{"transaction_id": "e6d33932-bcb2-469f-b11a-d6a3634a9e2a", "timestamp": "2026-08-22T14:15:33.510075", "sender_account": "ONTE15993666350518", "receiver_account": "WCLE91496399180753", "amount": 3871.7, "currency": "USD", "type": "NORMAL"}
{"transaction_id": "1d67138d-fc49-4f7f-ba25-8a86f60e9845", "timestamp": "2026-08-22T14:15:34.511179", "sender_account": "CDPO86269475852321", "receiver_account": "HNVF64891754144366", "amount": 672.63, "currency": "USD", "type": "NORMAL"}
{"transaction_id": "891cf763-36c8-4a19-9e65-2bc0d56f38b0", "timestamp": "2026-08-22T14:15:35.512041", "sender_account": "MFRJ31603040538232", "receiver_account": "JQKJ34058795741041", "amount": 2645.33, "currency": "USD", "type": "NORMAL"}
{"transaction_id": "a5f935da-62e4-41e0-97aa-ce2eee062262", "timestamp": "2026-08-22T14:15:36.512914", "sender_account": "IQWF66011720786197", "receiver_account": "ECDH75774390227986", "amount": 1792.11, "currency": "USD", "type": "NORMAL"}
{"transaction_id": "7b016a5a-ae21-49a2-86a9-00bb1f701b74", "timestamp": "2026-08-22T14:15:37.513966", "sender_account": "KNAU16349393570336", "receiver_account": "PALM16133745049607", "amount": 3587.93, "currency": "USD", "type": "NORMAL"}
{"transaction_id": "b4fd21d3-0484-4972-8266-1500f16017ac", "timestamp": "2026-08-22T14:15:38.514766", "sender_account": "ZADP42098975580841", "receiver_account": "BMWQ07401602650724", "amount": 9900.0, "currency": "USD", "type": "FRAUD_PLACEMENT"}
{"transaction_id": "95a94a3b-2c95-45a4-832f-698f8898efe8", "timestamp": "2026-08-22T14:15:38.514809", "sender_account": "BMWQ07401602650724", "receiver_account": "TKNE95981619733116", "amount": 9900.0, "currency": "USD", "type": "FRAUD_LAYERING"}
{"transaction_id": "6c3fc1a6-169a-464d-a662-46e98b6381fb", "timestamp": "2026-08-22T14:15:39.516036", "sender_account": "QNGB06866193861206", "receiver_account": "ZISS86727170516266", "amount": 3780.42, "currency": "USD", "type": "NORMAL"}
{"transaction_id": "449b6dcb-9e29-41a2-8f7e-bf243f237024", "timestamp": "2026-08-22T14:15:40.516712", "sender_account": "VVRM26534773504180", "receiver_account": "JQKJ34058795741041", "amount": 1726.5, "currency": "USD", "type": "NORMAL"}
{"transaction_id": "94bf8c78-1b15-438e-8ead-d00a2776b486", "timestamp": "2026-08-22T14:15:41.517502", "sender_account": "EMXL67993602576108", "receiver_account": "YGUU62893874834917", "amount": 4605.98, "currency": "USD", "type": "NORMAL"}
{"transaction_id": "31fde036-a92e-4d74-950d-d00e4d71aa3e", "timestamp": "2026-08-22T14:15:42.518525", "sender_account": "CDPO86269475852321", "receiver_account": "PALM16133745049607", "amount": 4802.72, "currency": "USD", "type": "NORMAL"}
{"transaction_id": "bbd179ad-4f6c-42e1-8cad-90c1da2694b3", "timestamp": "2026-08-22T14:15:43.519366", "sender_account": "HKVV91020206250530", "receiver_account": "UOIY52992373188750", "amount": 4865.93, "currency": "USD", "type": "NORMAL"}
{"transaction_id": "7dab33ba-63a0-4118-b18f-63542d9aa8eb", "timestamp": "2026-08-22T14:15:44.520150", "sender_account": "EUPF21042455172540", "receiver_account": "TYZA12395659119598", "amount": 9900.0, "currency": "USD", "type": "FRAUD_PLACEMENT"}
{"transaction_id": "811d936d-60f1-46fe-8814-0b1dd18dc475", "timestamp": "2026-08-22T14:15:44.520192", "sender_account": "TYZA12395659119598", "receiver_account": "TKNE95981619733116", "amount": 9900.0, "currency": "USD", "type": "FRAUD_LAYERING"}
{"transaction_id": "e064dee9-1e59-4971-b0df-5795f3419494", "timestamp": "2026-08-22T14:15:45.521056", "sender_account": "YGUU62893874834917", "receiver_account": "QOSV59129264416433", "amount": 3894.55, "currency": "USD", "type": "NORMAL"}
{"transaction_id": "fabf33d3-268f-4d37-b0e0-802e876447d0", "timestamp": "2026-08-22T14:15:46.533616", "sender_account": "BTCE30031727194183", "receiver_account": "JRIS76694227569281", "amount": 114.05, "currency": "USD", "type": "NORMAL"}
{"transaction_id": "a7a24aa2-c497-4b79-b6a6-93b7c186a8d6", "timestamp": "2026-08-22T14:15:47.548424", "sender_account": "BWKA78710027600682", "receiver_account": "JHOE55271525311673", "amount": 2943.56, "currency": "USD", "type": "NORMAL"}
{"transaction_id": "4cb1bdcc-b0b6-4d8b-8ba9-62cf29576d1c", "timestamp": "2026-08-22T14:15:48.549189", "sender_account": "DRXV24124034784149", "receiver_account": "WKTH11946849130998", "amount": 4065.03, "currency": "USD", "type": "NORMAL"}
{"transaction_id": "6aa45e8f-c95e-4593-aa80-7740bdd76da0", "timestamp": "2026-08-22T14:15:49.549918", "sender_account": "OWJJ95183742153706", "receiver_account": "ZFKA83364609539681", "amount": 2513.04, "currency": "USD", "type": "NORMAL"}
{"transaction_id": "e70cbd49-4d50-492e-8126-fb04da9d75d0", "timestamp": "2026-08-22T14:15:50.550646", "sender_account": "TYUO44513722171270", "receiver_account": "TYZA12395659119598", "amount": 2631.34, "currency": "USD", "type": "NORMAL"}
{"transaction_id": "e767acc3-49b9-43b7-9751-179185623157", "timestamp": "2026-08-22T14:15:51.551415", "sender_account": "REUU89703871611287", "receiver_account": "BMWQ07401602650724", "amount": 9900.0, "currency": "USD", "type": "FRAUD_PLACEMENT"}
{"transaction_id": "952d78bf-935c-46f1-8043-f2253992d61d", "timestamp": "2026-08-22T14:15:51.551469", "sender_account": "BMWQ07401602650724", "receiver_account": "TKNE95981619733116", "amount": 9900.0, "currency": "USD", "type": "FRAUD_LAYERING"}
{"transaction_id": "c4e2e663-62ff-4298-9b50-ecddc3539bb5", "timestamp": "2026-08-22T14:15:52.552722", "sender_account": "DRXV24124034784149", "receiver_account": "UIUQ30880043964264", "amount": 2261.46, "currency": "USD", "type": "NORMAL"}
{"transaction_id": "49ffc2bd-2113-40b2-a2fe-74203dcf3fa4", "timestamp": "2026-08-22T14:15:53.553662", "sender_account": "SNQR02825333527062", "receiver_account": "MLNT98933143420708", "amount": 4940.7, "currency": "USD", "type": "NORMAL"}
{"transaction_id": "8565190c-e601-48ba-b114-84538aee2033", "timestamp": "2026-08-22T14:15:54.554753", "sender_account": "YIRQ99574502470842", "receiver_account": "TYZA12395659119598", "amount": 9900.0, "currency": "USD", "type": "FRAUD_PLACEMENT"}
{"transaction_id": "d222f0df-6db9-457f-85d8-e95b791778c9", "timestamp": "2026-08-22T14:15:54.554799", "sender_account": "TYZA12395659119598", "receiver_account": "TKNE95981619733116", "amount": 9900.0, "currency": "USD", "type": "FRAUD_LAYERING"}
{"transaction_id": "85baf058-0b4f-46a3-a6cc-a6a5bf754811", "timestamp": "2026-08-22T14:15:55.557705", "sender_account": "UOIY52992373188750", "receiver_account": "VPQE19399427637466", "amount": 9900.0, "currency": "USD", "type": "FRAUD_PLACEMENT"}
{"transaction_id": "48e6797f-7ef9-40c7-bdc5-1d1747f66e56", "timestamp": "2026-08-22T14:15:55.557755", "sender_account": "VPQE19399427637466", "receiver_account": "TKNE95981619733116", "amount": 9900.0, "currency": "USD", "type": "FRAUD_LAYERING"}
{"transaction_id": "1dfabedb-1cf6-466d-ab79-4f32d2e387ba", "timestamp": "2026-08-22T14:15:56.558945", "sender_account": "SOBM80491499457608", "receiver_account": "ZBAV57583531826293", "amount": 4904.18, "currency": "USD", "type": "NORMAL"}
{"transaction_id": "404b5e09-1bcb-473c-b0ee-f53a13f94bfc", "timestamp": "2026-08-22T14:15:57.559762", "sender_account": "YIRQ99574502470842", "receiver_account": "EUPF21042455172540", "amount": 146.58, "currency": "USD", "type": "NORMAL"}
{"transaction_id": "fb31e8ee-15b7-40e5-ad40-daed7d5c701d", "timestamp": "2026-08-22T14:15:58.560806", "sender_account": "VPQE19399427637466", "receiver_account": "ZGYE32529717670955", "amount": 4689.91, "currency": "USD", "type": "NORMAL"}
{"transaction_id": "2f394490-c27b-400b-9208-9bf25a5cc3a4", "timestamp": "2026-08-22T14:15:59.561724", "sender_account": "SOBM80491499457608", "receiver_account": "CDPO86269475852321", "amount": 4205.13, "currency": "USD", "type": "NORMAL"}
{"transaction_id": "c117faa1-9244-4035-9957-5fae0778588f", "timestamp": "2026-08-22T14:16:00.562581", "sender_account": "OXKV10606491971240", "receiver_account": "OONT57623890878105", "amount": 4928.9, "currency": "USD", "type": "NORMAL"}
{"transaction_id": "3265a490-f0f3-4a04-a544-b94ed7e9e112", "timestamp": "2026-08-22T14:16:01.563584", "sender_account": "HKVV91020206250530", "receiver_account": "SNQR02825333527062", "amount": 2587.76, "currency": "USD", "type": "NORMAL"}
{"transaction_id": "725a9fdc-4107-4765-a285-25aaf2352034", "timestamp": "2026-08-22T14:16:02.564397", "sender_account": "PCEW62562572220429", "receiver_account": "OBST45783212332050", "amount": 9900.0, "currency": "USD", "type": "FRAUD_PLACEMENT"}
{"transaction_id": "2d9e1eca-409a-4b4a-be58-9602d4d59746", "timestamp": "2026-08-22T14:16:02.564478", "sender_account": "OBST45783212332050", "receiver_account": "TKNE95981619733116", "amount": 9900.0, "currency": "USD", "type": "FRAUD_LAYERING"}
{"transaction_id": "fd703a1f-7f42-41b2-ba4b-c1d85db3dbb8", "timestamp": "2026-08-22T14:16:03.565536", "sender_account": "ZVIU98542550975060", "receiver_account": "YGUU62893874834917", "amount": 1944.15, "currency": "USD", "type": "NORMAL"}
{"transaction_id": "21fe2cb7-92f8-4c6c-9b93-fc8c957ef25a", "timestamp": "2026-08-22T14:16:04.566408", "sender_account": "PCEW62562572220429", "receiver_account": "TYZA12395659119598", "amount": 9900.0, "currency": "USD", "type": "FRAUD_PLACEMENT"}
{"transaction_id": "192ea627-4406-4c80-b92d-31483cc43b40", "timestamp": "2026-08-22T14:16:04.566451", "sender_account": "TYZA12395659119598", "receiver_account": "TKNE95981619733116", "amount": 9900.0, "currency": "USD", "type": "FRAUD_LAYERING"}
{"transaction_id": "1f96c45c-1213-4c1b-a80f-c79deb8aedfe", "timestamp": "2026-08-22T14:16:05.567334", "sender_account": "VALP74928055025578", "receiver_account": "GKOO36379143283440", "amount": 4413.69, "currency": "USD", "type": "NORMAL"}
{"transaction_id": "424bcd5c-c2b5-4b89-bbe6-645df5995008", "timestamp": "2026-08-22T14:16:06.568225", "sender_account": "EUPF21042455172540", "receiver_account": "EMXL67993602576108", "amount": 1687.31, "currency": "USD", "type": "NORMAL"}
{"transaction_id": "9512e52d-1ac1-4d2e-90c4-340bfeacad1c", "timestamp": "2026-08-22T14:16:07.569246", "sender_account": "MREZ94532505100354", "receiver_account": "EMXL67993602576108", "amount": 427.47, "currency": "USD", "type": "NORMAL"}
{"transaction_id": "5500395d-a761-4639-b901-2678becc3fad", "timestamp": "2026-08-22T14:16:08.569963", "sender_account": "ZBAV57583531826293", "receiver_account": "WCLE91496399180753", "amount": 1454.26, "currency": "USD", "type": "NORMAL"}
{"transaction_id": "9cbd0833-94bf-47b9-907a-cf599d6b7dec", "timestamp": "2026-08-22T14:16:09.570952", "sender_account": "TYZA12395659119598", "receiver_account": "ZADP42098975580841", "amount": 379.91, "currency": "USD", "type": "NORMAL"}
{"transaction_id": "99e8f15d-a96f-49f0-8ec2-46b844df5c4e", "timestamp": "2026-08-22T14:16:10.571647", "sender_account": "QNGB06866193861206", "receiver_account": "QJTE47754309425360", "amount": 4963.91, "currency": "USD", "type": "NORMAL"}
{"transaction_id": "2a10b0dc-7afe-4956-bdbe-6bc733dc3e9c", "timestamp": "2026-08-22T14:16:11.572477", "sender_account": "UOIY52992373188750", "receiver_account": "BMWQ07401602650724", "amount": 9900.0, "currency": "USD", "type": "FRAUD_PLACEMENT"}
{"transaction_id": "57c3d940-7faf-4737-976a-b27698ae5d55", "timestamp": "2026-08-22T14:16:11.572512", "sender_account": "BMWQ07401602650724", "receiver_account": "TKNE95981619733116", "amount": 9900.0, "currency": "USD", "type": "FRAUD_LAYERING"}
{"transaction_id": "929586a9-006a-416f-9399-774073cdc845", "timestamp": "2026-08-22T14:16:12.573971", "sender_account": "FOKF83913028698195", "receiver_account": "VPQE19399427637466", "amount": 9900.0, "currency": "USD", "type": "FRAUD_PLACEMENT"}
{"transaction_id": "a056d8ab-cafb-4084-8de7-8d5392b461c4", "timestamp": "2026-08-22T14:16:12.574009", "sender_account": "VPQE19399427637466", "receiver_account": "TKNE95981619733116", "amount": 9900.0, "currency": "USD", "type": "FRAUD_LAYERING"}
{"transaction_id": "8d8a11f3-8ebb-49d5-9a3e-ae7a11bf8f2e", "timestamp": "2026-08-22T14:16:14.574990", "sender_account": "ZBAV57583531826293", "receiver_account": "JGKZ81762083124666", "amount": 4252.69, "currency": "USD", "type": "NORMAL"}
{"transaction_id": "5591a42e-7b95-4d44-a7e2-6e3baef6dc98", "timestamp": "2026-08-22T14:16:15.575818", "sender_account": "ZBAV57583531826293", "receiver_account": "NRLN08377251537949", "amount": 3138.51, "currency": "USD", "type": "NORMAL"}
{"transaction_id": "6e20747f-f5c1-4ce8-9d30-41284e3ab769", "timestamp": "2026-08-22T14:16:16.576849", "sender_account": "EUPF21042455172540", "receiver_account": "MIJN31964293863181", "amount": 2184.75, "currency": "USD", "type": "NORMAL"}
{"transaction_id": "a10ab88a-69f5-49dd-8753-4b66f0db334b", "timestamp": "2026-08-22T14:16:17.577618", "sender_account": "TYZA12395659119598", "receiver_account": "GKOO36379143283440", "amount": 793.92, "currency": "USD", "type": "NORMAL"}
{"transaction_id": "88c96102-57b0-48de-88e5-9d1adcac78c3", "timestamp": "2026-08-22T14:16:18.578184", "sender_account": "POPI60802500302561", "receiver_account": "BMWQ07401602650724", "amount": 9900.0, "currency": "USD", "type": "FRAUD_PLACEMENT"}
{"transaction_id": "0c132d99-e513-429e-b0f1-adf20f05ebde", "timestamp": "2026-08-22T14:16:18.578228", "sender_account": "BMWQ07401602650724", "receiver_account": "TKNE95981619733116", "amount": 9900.0, "currency": "USD", "type": "FRAUD_LAYERING"}
{"transaction_id": "54106316-4b17-4c41-b9d3-90bc9bb94b8d", "timestamp": "2026-08-22T14:16:19.579398", "sender_account": "KSQR22887690863408", "receiver_account": "FLWW48003862994101", "amount": 3149.93, "currency": "USD", "type": "NORMAL"}
{"transaction_id": "7a60cf1d-2b73-4f38-a94b-91e2dc1dfc90", "timestamp": "2026-08-22T14:16:20.580074", "sender_account": "ONTE15993666350518", "receiver_account": "VPQE19399427637466", "amount": 9900.0, "currency": "USD", "type": "FRAUD_PLACEMENT"}
{"transaction_id": "c66fe53c-c38e-4c4b-b77f-9ead9dc7c8c2", "timestamp": "2026-08-22T14:16:20.580111", "sender_account": "VPQE19399427637466", "receiver_account": "TKNE95981619733116", "amount": 9900.0, "currency": "USD", "type": "FRAUD_LAYERING"}
{"transaction_id": "969a6dd6-5416-46f5-8cbd-e5a73a903340", "timestamp": "2026-08-22T14:16:21.581256", "sender_account": "BOQG09638950855355", "receiver_account": "HBOW30753169678897", "amount": 2524.47, "currency": "USD", "type": "NORMAL"}
{"transaction_id": "b4240344-290a-48c5-b90d-f9e6e9d75f37", "timestamp": "2026-08-22T14:16:22.582175", "sender_account": "SNQR02825333527062", "receiver_account": "OBST45783212332050", "amount": 9900.0, "currency": "USD", "type": "FRAUD_PLACEMENT"}
{"transaction_id": "26a5be03-6e77-4297-965b-fca541df43c6", "timestamp": "2026-08-22T14:16:22.582205", "sender_account": "OBST45783212332050", "receiver_account": "TKNE95981619733116", "amount": 9900.0, "currency": "USD", "type": "FRAUD_LAYERING"}
{"transaction_id": "5a740e11-3002-42b2-bbb3-70d47f397f51", "timestamp": "2026-08-22T14:16:23.583993", "sender_account": "UOIY52992373188750", "receiver_account": "ZQRY82107849082085", "amount": 1454.36, "currency": "USD", "type": "NORMAL"}
{"transaction_id": "8b6a5c6b-92e5-40fe-9647-25db5ed5efb5", "timestamp": "2026-08-22T14:16:24.584660", "sender_account": "MLNT98933143420708", "receiver_account": "MIJN31964293863181", "amount": 2313.27, "currency": "USD", "type": "NORMAL"}
{"transaction_id": "82653a07-df85-4a46-9eef-52871ce38992", "timestamp": "2026-08-22T14:16:25.585499", "sender_account": "MREZ94532505100354", "receiver_account": "MLNT98933143420708", "amount": 1624.09, "currency": "USD", "type": "NORMAL"}
{"transaction_id": "f7703627-c4e3-45e1-b128-0f8c8ea370ca", "timestamp": "2026-08-22T14:16:26.586253", "sender_account": "YHPD62845950258653", "receiver_account": "ZADP42098975580841", "amount": 4202.75, "currency": "USD", "type": "NORMAL"}
{"transaction_id": "19228001-8e1b-4a39-b7f5-6d61a5f086f7", "timestamp": "2026-08-22T14:16:27.587293", "sender_account": "BATQ26066122589537", "receiver_account": "YRYY89437144222231", "amount": 4149.55, "currency": "USD", "type": "NORMAL"}
{"transaction_id": "bac851bf-c263-4e1c-acfb-1440de9319e9", "timestamp": "2026-08-22T14:16:28.588124", "sender_account": "BWKA78710027600682", "receiver_account": "QNGB06866193861206", "amount": 2753.61, "currency": "USD", "type": "NORMAL"}
{"transaction_id": "f7e85714-2327-4493-acb2-aaa873f9a753", "timestamp": "2026-08-22T14:16:29.588911", "sender_account": "POPI60802500302561", "receiver_account": "TYZA12395659119598", "amount": 9900.0, "currency": "USD", "type": "FRAUD_PLACEMENT"}
{"transaction_id": "a0362b01-852c-4f9e-8621-e15031417ed6", "timestamp": "2026-08-22T14:16:29.588945", "sender_account": "TYZA12395659119598", "receiver_account": "TKNE95981619733116", "amount": 9900.0, "currency": "USD", "type": "FRAUD_LAYERING"}
{"transaction_id": "da75bc58-2192-4106-85c4-53daa2c7556f", "timestamp": "2026-08-22T14:16:30.590200", "sender_account": "HNVF64891754144366", "receiver_account": "VALP74928055025578", "amount": 2525.09, "currency": "USD", "type": "NORMAL"}
{"transaction_id": "16fba950-96d7-45da-b514-3033e65b8ba1", "timestamp": "2026-08-22T14:16:31.590992", "sender_account": "SOBM80491499457608", "receiver_account": "NRLN08377251537949", "amount": 2504.36, "currency": "USD", "type": "NORMAL"}
{"transaction_id": "c74e4353-48b3-4dd2-b21f-d1caa58a3feb", "timestamp": "2026-08-22T14:16:32.592501", "sender_account": "EUPF21042455172540", "receiver_account": "GIBZ40473797020174", "amount": 9900.0, "currency": "USD", "type": "FRAUD_PLACEMENT"}
{"transaction_id": "fd91841f-d4c6-45f5-be3e-44efa2a8e11e", "timestamp": "2026-08-22T14:16:32.592597", "sender_account": "GIBZ40473797020174", "receiver_account": "TKNE95981619733116", "amount": 9900.0, "currency": "USD", "type": "FRAUD_LAYERING"}
{"transaction_id": "bdc616c8-c0b2-4acb-be0e-562ee2924ada", "timestamp": "2026-08-22T14:16:33.594230", "sender_account": "BLTT28136406266695", "receiver_account": "MLNT98933143420708", "amount": 1724.25, "currency": "USD", "type": "NORMAL"}
{"transaction_id": "3c660d90-2d5a-4e71-a90b-f5e89dabc361", "timestamp": "2026-08-22T14:16:34.596967", "sender_account": "IQWF66011720786197", "receiver_account": "MFRJ31603040538232", "amount": 3515.69, "currency": "USD", "type": "NORMAL"}
{"transaction_id": "bea41cae-8e27-4ae3-ac0d-dde359d5e0b3", "timestamp": "2026-08-22T14:16:35.597689", "sender_account": "EJZC41691668687807", "receiver_account": "UIUQ30880043964264", "amount": 862.46, "currency": "USD", "type": "NORMAL"}
{"transaction_id": "be211a8c-3ef6-4c6c-8434-673cfd37bc69", "timestamp": "2026-08-22T14:16:36.598776", "sender_account": "ZQRY82107849082085", "receiver_account": "WSCV53841899351261", "amount": 108.93, "currency": "USD", "type": "NORMAL"}
{"transaction_id": "d148d1e7-76be-42a2-a881-c4b7ab24bd29", "timestamp": "2026-08-22T14:16:37.599471", "sender_account": "ZWCH93320854773187", "receiver_account": "CWAH81262579423819", "amount": 4434.53, "currency": "USD", "type": "NORMAL"}
{"transaction_id": "fc3b9bb8-5ab3-400e-96db-82a891b4b254", "timestamp": "2026-08-22T14:16:38.600447", "sender_account": "OONT57623890878105", "receiver_account": "HNVF64891754144366", "amount": 568.15, "currency": "USD", "type": "NORMAL"}
{"transaction_id": "ebebde5d-6724-4942-a618-6f804f8d499e", "timestamp": "2026-08-22T14:16:39.601587", "sender_account": "GKOO36379143283440", "receiver_account": "MIJN31964293863181", "amount": 3717.77, "currency": "USD", "type": "NORMAL"}
{"transaction_id": "e5af0a25-b808-4c09-ae65-b099f556a88f", "timestamp": "2026-08-22T14:16:40.602311", "sender_account": "OXKV10606491971240", "receiver_account": "UIUQ30880043964264", "amount": 460.36, "currency": "USD", "type": "NORMAL"}
{"transaction_id": "9cf5a36c-0aa8-4e85-82a9-2a122eaee1ce", "timestamp": "2026-08-22T14:16:41.603225", "sender_account": "QNGB06866193861206", "receiver_account": "HAZZ16939678914701", "amount": 644.77, "currency": "USD", "type": "NORMAL"}
{"transaction_id": "0d6241a4-b13a-4246-b627-dc4f6d33386e", "timestamp": "2026-08-22T14:16:42.603880", "sender_account": "ZADP42098975580841", "receiver_account": "SNQR02825333527062", "amount": 4481.7, "currency": "USD", "type": "NORMAL"}
{"transaction_id": "3eb1eaf3-3ada-4ac7-9ec7-dcc8e67982c4", "timestamp": "2026-08-22T14:16:43.604524", "sender_account": "YIRQ99574502470842", "receiver_account": "DRXV24124034784149", "amount": 1673.83, "currency": "USD", "type": "NORMAL"}
{"transaction_id": "e2289f38-f549-4127-8fb1-e7261f12c3ce", "timestamp": "2026-08-22T14:16:44.605545", "sender_account": "TYUO44513722171270", "receiver_account": "JQKJ34058795741041", "amount": 1653.09, "currency": "USD", "type": "NORMAL"}
{"transaction_id": "4eef06eb-ad96-4ce6-a0c5-de88534e5594", "timestamp": "2026-08-22T14:16:45.606384", "sender_account": "IQWF66011720786197", "receiver_account": "NORJ47127315571079", "amount": 2193.03, "currency": "USD", "type": "NORMAL"}
{"transaction_id": "383b31c9-abcd-4d21-af00-ff8859e39bb8", "timestamp": "2026-08-22T14:16:46.607116", "sender_account": "OONT57623890878105", "receiver_account": "KOVQ87848311751921", "amount": 21.73, "currency": "USD", "type": "NORMAL"}
{"transaction_id": "4ef40270-8e71-4496-8fe0-f1a2765ce6dd", "timestamp": "2026-08-22T14:16:47.607996", "sender_account": "EUPF21042455172540", "receiver_account": "TYZA12395659119598", "amount": 9900.0, "currency": "USD", "type": "FRAUD_PLACEMENT"}
{"transaction_id": "67836c49-93db-4f10-b4d3-2cc35be67632", "timestamp": "2026-08-22T14:16:47.608040", "sender_account": "TYZA12395659119598", "receiver_account": "TKNE95981619733116", "amount": 9900.0, "currency": "USD", "type": "FRAUD_LAYERING"}
{"transaction_id": "234cc994-1166-4183-97b9-3b8d794bf457", "timestamp": "2026-08-22T14:16:48.608999", "sender_account": "POPI60802500302561", "receiver_account": "ZRSL02416594373530", "amount": 3182.14, "currency": "USD", "type": "NORMAL"}
{"transaction_id": "a52a6cf4-5ef8-48bc-9e0d-f9982976c72f", "timestamp": "2026-08-22T14:16:49.610376", "sender_account": "VPQE19399427637466", "receiver_account": "KOVQ87848311751921", "amount": 3056.77, "currency": "USD", "type": "NORMAL"}
{"transaction_id": "69223cea-441f-428a-8f06-736fcee07898", "timestamp": "2026-08-22T14:16:50.611301", "sender_account": "ZADP42098975580841", "receiver_account": "QNGB06866193861206", "amount": 2811.92, "currency": "USD", "type": "NORMAL"}
{"transaction_id": "e22d2614-2139-4064-90e1-f11825c0e6e2", "timestamp": "2026-08-22T14:16:51.612380", "sender_account": "UOIY52992373188750", "receiver_account": "BMWQ07401602650724", "amount": 9900.0, "currency": "USD", "type": "FRAUD_PLACEMENT"}
{"transaction_id": "dee44c3c-8ec8-43c4-8fba-638a32f325d2", "timestamp": "2026-08-22T14:16:51.612432", "sender_account": "BMWQ07401602650724", "receiver_account": "TKNE95981619733116", "amount": 9900.0, "currency": "USD", "type": "FRAUD_LAYERING"}
{"transaction_id": "2ca67f5f-c002-418f-ae3c-c1f1e58dd033", "timestamp": "2026-08-22T14:16:52.613359", "sender_account": "ZISS86727170516266", "receiver_account": "ZFKA83364609539681", "amount": 3229.3, "currency": "USD", "type": "NORMAL"}
{"transaction_id": "085c0113-2c76-4992-b2b8-2d85dc48a295", "timestamp": "2026-08-22T14:16:53.614818", "sender_account": "HBOW30753169678897", "receiver_account": "BWKA78710027600682", "amount": 1019.06, "currency": "USD", "type": "NORMAL"}
{"transaction_id": "ac595022-a592-4d9f-b033-f27751b2eaf7", "timestamp": "2026-08-22T14:16:54.615851", "sender_account": "REUU89703871611287", "receiver_account": "GIBZ40473797020174", "amount": 9900.0, "currency": "USD", "type": "FRAUD_PLACEMENT"}
{"transaction_id": "1d1ed4c9-69db-4bcb-8849-ff343c55f461", "timestamp": "2026-08-22T14:16:54.615885", "sender_account": "GIBZ40473797020174", "receiver_account": "TKNE95981619733116", "amount": 9900.0, "currency": "USD", "type": "FRAUD_LAYERING"}
{"transaction_id": "f5cca62b-8420-4ce4-a310-bf12f794eaa2", "timestamp": "2026-08-22T14:16:55.616859", "sender_account": "RZVP21155505850037", "receiver_account": "VPQE19399427637466", "amount": 9900.0, "currency": "USD", "type": "FRAUD_PLACEMENT"}
{"transaction_id": "7a217522-4236-44e7-acdf-e631f53fac9a", "timestamp": "2026-08-22T14:16:55.616914", "sender_account": "VPQE19399427637466", "receiver_account": "TKNE95981619733116", "amount": 9900.0, "currency": "USD", "type": "FRAUD_LAYERING"}
{"transaction_id": "7be51297-ff90-413b-9f1e-35b7290651bc", "timestamp": "2026-08-22T14:16:56.617633", "sender_account": "RTKW81167619321392", "receiver_account": "JHOE55271525311673", "amount": 1092.22, "currency": "USD", "type": "NORMAL"}
{"transaction_id": "0873c756-17e6-4ec2-b22c-8ffcce94b291", "timestamp": "2026-08-22T14:16:57.618233", "sender_account": "ZFKA83364609539681", "receiver_account": "VNZI08329609359985", "amount": 140.88, "currency": "USD", "type": "NORMAL"}
{"transaction_id": "a79a53f5-1c9e-40b0-a049-de43ca36624e", "timestamp": "2026-08-22T14:16:58.619259", "sender_account": "GOHX63551834343537", "receiver_account": "BWKA78710027600682", "amount": 3634.63, "currency": "USD", "type": "NORMAL"}
{"transaction_id": "8cafdc8b-6633-4425-8c30-3aa5b4667999", "timestamp": "2026-08-22T14:16:59.620144", "sender_account": "VNZI08329609359985", "receiver_account": "WSCV53841899351261", "amount": 1355.38, "currency": "USD", "type": "NORMAL"}
{"transaction_id": "d3c81c24-bb0d-4440-adea-a5f636c025e3", "timestamp": "2026-08-22T14:17:00.620874", "sender_account": "OCPV45827561184835", "receiver_account": "BTCE30031727194183", "amount": 3611.92, "currency": "USD", "type": "NORMAL"}
{"transaction_id": "06d617d5-6325-44a1-a76a-f4b531fbcceb", "timestamp": "2026-08-22T14:17:01.621690", "sender_account": "YIRQ99574502470842", "receiver_account": "EMXL67993602576108", "amount": 536.81, "currency": "USD", "type": "NORMAL"}
{"transaction_id": "0cc82a49-52e5-499e-a634-4e20203d837e", "timestamp": "2026-08-22T14:17:02.623111", "sender_account": "HBOW30753169678897", "receiver_account": "HKVV91020206250530", "amount": 1411.27, "currency": "USD", "type": "NORMAL"}
{"transaction_id": "706cde2a-45ca-4a38-9c25-c01c31307a88", "timestamp": "2026-08-22T14:17:03.623763", "sender_account": "ZBAV57583531826293", "receiver_account": "HBOW30753169678897", "amount": 2835.52, "currency": "USD", "type": "NORMAL"}
{"transaction_id": "bc7b4f2e-578c-4d6d-a2e0-851006ab2693", "timestamp": "2026-08-22T14:17:04.624917", "sender_account": "POPI60802500302561", "receiver_account": "VPQE19399427637466", "amount": 9900.0, "currency": "USD", "type": "FRAUD_PLACEMENT"}
{"transaction_id": "5938e4bc-f59e-462d-852f-bf80592e942f", "timestamp": "2026-08-22T14:17:04.624961", "sender_account": "VPQE19399427637466", "receiver_account": "TKNE95981619733116", "amount": 9900.0, "currency": "USD", "type": "FRAUD_LAYERING"}
{"transaction_id": "f7586c50-2656-428e-b75f-757def8291e9", "timestamp": "2026-08-22T14:17:05.625972", "sender_account": "MLNT98933143420708", "receiver_account": "OXKV10606491971240", "amount": 2883.04, "currency": "USD", "type": "NORMAL"}
{"transaction_id": "91a9cf4a-27c1-4dc7-9ae5-2375f48f1664", "timestamp": "2026-08-22T14:17:06.626622", "sender_account": "PCEW62562572220429", "receiver_account": "SNQR02825333527062", "amount": 2989.09, "currency": "USD", "type": "NORMAL"}
{"transaction_id": "3cab6399-c63c-44c4-96cd-d58fc1cda491", "timestamp": "2026-08-22T14:17:07.627616", "sender_account": "ZWCH93320854773187", "receiver_account": "DSOS96311899642368", "amount": 901.15, "currency": "USD", "type": "NORMAL"}
{"transaction_id": "12214efe-7865-4ffd-9d97-49975f9fa2d7", "timestamp": "2026-08-22T14:17:08.628490", "sender_account": "ZFKA83364609539681", "receiver_account": "NRLN08377251537949", "amount": 639.42, "currency": "USD", "type": "NORMAL"}
{"transaction_id": "a0cb4d24-eaea-4b00-af52-4a1867ac2d5c", "timestamp": "2026-08-22T14:17:09.629081", "sender_account": "QJTE47754309425360", "receiver_account": "ZMWS54714289381237", "amount": 2202.63, "currency": "USD", "type": "NORMAL"}
{"transaction_id": "57010d43-542b-4b0e-82e4-b79874142289", "timestamp": "2026-08-22T14:17:10.629726", "sender_account": "TYZA12395659119598", "receiver_account": "JGKZ81762083124666", "amount": 4654.59, "currency": "USD", "type": "NORMAL"}
{"transaction_id": "f0a5781f-b5b6-4fb4-ae8c-26b6153f4e4d", "timestamp": "2026-08-22T14:17:11.630421", "sender_account": "RZVP21155505850037", "receiver_account": "BMWQ07401602650724", "amount": 9900.0, "currency": "USD", "type": "FRAUD_PLACEMENT"}
{"transaction_id": "cda4e64a-57dd-459c-9dd5-73070830624d", "timestamp": "2026-08-22T14:17:11.630453", "sender_account": "BMWQ07401602650724", "receiver_account": "TKNE95981619733116", "amount": 9900.0, "currency": "USD", "type": "FRAUD_LAYERING"}
{"transaction_id": "cc1f72fa-73fe-4e90-8e0c-16b8820fdbd9", "timestamp": "2026-08-22T14:17:12.631692", "sender_account": "BATQ26066122589537", "receiver_account": "JHOE55271525311673", "amount": 2945.13, "currency": "USD", "type": "NORMAL"}
{"transaction_id": "5a814f10-459a-4b7a-a67f-0a2b62cd9434", "timestamp": "2026-08-22T14:17:13.632633", "sender_account": "ECDH75774390227986", "receiver_account": "VPQE19399427637466", "amount": 9900.0, "currency": "USD", "type": "FRAUD_PLACEMENT"}
{"transaction_id": "d653d3fb-bb5f-4d27-b8db-5f95e33aa744", "timestamp": "2026-08-22T14:17:13.632689", "sender_account": "VPQE19399427637466", "receiver_account": "TKNE95981619733116", "amount": 9900.0, "currency": "USD", "type": "FRAUD_LAYERING"}
{"transaction_id": "932297d2-ccbb-4957-9acd-98fa50b24d2d", "timestamp": "2026-08-22T14:17:14.633533", "sender_account": "QOSV59129264416433", "receiver_account": "FOKF83913028698195", "amount": 4949.99, "currency": "USD", "type": "NORMAL"}
{"transaction_id": "9b211406-5c78-41b3-b8af-1b08e1a7617f", "timestamp": "2026-08-22T14:17:15.634371", "sender_account": "YXRF85957215814306", "receiver_account": "UOIY52992373188750", "amount": 2231.56, "currency": "USD", "type": "NORMAL"}
{"transaction_id": "c85540a6-d682-44b1-b687-d3150843759b", "timestamp": "2026-08-22T14:17:16.635256", "sender_account": "ECDH75774390227986", "receiver_account": "WSCV53841899351261", "amount": 1571.49, "currency": "USD", "type": "NORMAL"}
{"transaction_id": "b119e15b-537b-40a3-8f70-dc594e1ae8cb", "timestamp": "2026-08-22T14:17:17.635713", "sender_account": "EJZC41691668687807", "receiver_account": "VVRM26534773504180", "amount": 13.79, "currency": "USD", "type": "NORMAL"}
{"transaction_id": "d21b6e2b-bead-45b3-a66f-693d18ef981a", "timestamp": "2026-08-22T14:17:18.636428", "sender_account": "ZBAV57583531826293", "receiver_account": "TYZA12395659119598", "amount": 9900.0, "currency": "USD", "type": "FRAUD_PLACEMENT"}
{"transaction_id": "6d18815c-8894-41c8-a467-85581b9d471b", "timestamp": "2026-08-22T14:17:18.636465", "sender_account": "TYZA12395659119598", "receiver_account": "TKNE95981619733116", "amount": 9900.0, "currency": "USD", "type": "FRAUD_LAYERING"}
{"transaction_id": "f75ab8a0-5dc6-48fe-9260-1edbab73a15e", "timestamp": "2026-08-22T14:17:19.637404", "sender_account": "GIBZ40473797020174", "receiver_account": "QOSV59129264416433", "amount": 3642.06, "currency": "USD", "type": "NORMAL"}
{"transaction_id": "9a0dfbd4-4736-4891-b3a1-d5ceb59459df", "timestamp": "2026-08-22T14:17:20.638190", "sender_account": "ZGMR58754809663746", "receiver_account": "SNQR02825333527062", "amount": 3181.77, "currency": "USD", "type": "NORMAL"}
{"transaction_id": "53c96f0d-38d8-4609-b3bd-feda62a79d3b", "timestamp": "2026-08-22T14:17:21.639031", "sender_account": "CDPO86269475852321", "receiver_account": "MIJN31964293863181", "amount": 4138.93, "currency": "USD", "type": "NORMAL"}
{"transaction_id": "d52a10b4-e04f-4c5a-bf66-8404a3e6da46", "timestamp": "2026-08-22T14:17:22.640050", "sender_account": "DGWO81624487946464", "receiver_account": "ZVIU98542550975060", "amount": 204.85, "currency": "USD", "type": "NORMAL"}
{"transaction_id": "d3f39a73-4851-4819-a287-a674cd2d7fb4", "timestamp": "2026-08-22T14:17:23.640633", "sender_account": "ZGYE32529717670955", "receiver_account": "BWKA78710027600682", "amount": 1439.5, "currency": "USD", "type": "NORMAL"}
{"transaction_id": "1ea30a24-bf28-42a3-b95d-dc1a5b7ceac6", "timestamp": "2026-08-22T14:17:24.641480", "sender_account": "FLWW48003862994101", "receiver_account": "WQIV41315931568868", "amount": 3592.28, "currency": "USD", "type": "NORMAL"}
{"transaction_id": "029ab31f-c60e-45ca-875c-e1efa69c6ddf", "timestamp": "2026-08-22T14:17:25.642440", "sender_account": "WKTH11946849130998", "receiver_account": "YIRQ99574502470842", "amount": 226.96, "currency": "USD", "type": "NORMAL"}
{"transaction_id": "0f2222a4-3320-4c21-9f1d-ac8b0f9ac1be", "timestamp": "2026-08-22T14:17:26.643384", "sender_account": "OWJJ95183742153706", "receiver_account": "WCLE91496399180753", "amount": 124.31, "currency": "USD", "type": "NORMAL"}
{"transaction_id": "2638f2ca-c790-4eb8-a86a-d4743263f330", "timestamp": "2026-08-22T14:17:27.644439", "sender_account": "DGWO81624487946464", "receiver_account": "ZADP42098975580841", "amount": 2164.12, "currency": "USD", "type": "NORMAL"}
{"transaction_id": "121e8630-572f-4fa7-b964-d710defd9e77", "timestamp": "2026-08-22T14:17:28.645459", "sender_account": "HNVF64891754144366", "receiver_account": "OBST45783212332050", "amount": 9900.0, "currency": "USD", "type": "FRAUD_PLACEMENT"}
{"transaction_id": "160ad776-c56d-426a-9f4b-772b366229d2", "timestamp": "2026-08-22T14:17:28.645513", "sender_account": "OBST45783212332050", "receiver_account": "TKNE95981619733116", "amount": 9900.0, "currency": "USD", "type": "FRAUD_LAYERING"}
{"transaction_id": "d0bf8aa0-e6f7-4027-b985-82eddb5de071", "timestamp": "2026-08-22T14:17:29.646376", "sender_account": "FOKF83913028698195", "receiver_account": "VPQE19399427637466", "amount": 9900.0, "currency": "USD", "type": "FRAUD_PLACEMENT"}
{"transaction_id": "d52f3fa9-6bec-49df-b0bf-a96fada68986", "timestamp": "2026-08-22T14:17:29.646414", "sender_account": "VPQE19399427637466", "receiver_account": "TKNE95981619733116", "amount": 9900.0, "currency": "USD", "type": "FRAUD_LAYERING"}
{"transaction_id": "342ffb28-f1c9-4edc-bcfd-f849f5b383aa", "timestamp": "2026-08-22T14:17:30.647382", "sender_account": "FOKF83913028698195", "receiver_account": "VPQE19399427637466", "amount": 9900.0, "currency": "USD", "type": "FRAUD_PLACEMENT"}
{"transaction_id": "36f043ff-9ff3-4945-8b4e-b47a02554e9f", "timestamp": "2026-08-22T14:17:30.647424", "sender_account": "VPQE19399427637466", "receiver_account": "TKNE95981619733116", "amount": 9900.0, "currency": "USD", "type": "FRAUD_LAYERING"}
{"transaction_id": "f16bc000-d0fb-45c0-b308-9b3fcd45ac88", "timestamp": "2026-08-22T14:17:31.648564", "sender_account": "DRXV24124034784149", "receiver_account": "WSCV53841899351261", "amount": 1498.25, "currency": "USD", "type": "NORMAL"}
{"transaction_id": "daaad0cf-92a0-44b6-900e-80999f0a37a8", "timestamp": "2026-08-22T14:17:32.649952", "sender_account": "DRXV24124034784149", "receiver_account": "TYUO44513722171270", "amount": 4037.84, "currency": "USD", "type": "NORMAL"}
{"transaction_id": "86275196-40ec-48cc-9b4f-4d018c94bf21", "timestamp": "2026-08-22T14:17:33.650674", "sender_account": "MLNT98933143420708", "receiver_account": "VPQE19399427637466", "amount": 9900.0, "currency": "USD", "type": "FRAUD_PLACEMENT"}
{"transaction_id": "67e7bc7f-c445-4d03-8f81-97168622b510", "timestamp": "2026-08-22T14:17:33.650709", "sender_account": "VPQE19399427637466", "receiver_account": "TKNE95981619733116", "amount": 9900.0, "currency": "USD", "type": "FRAUD_LAYERING"}
{"transaction_id": "b1e9cb71-f1f5-4eca-8248-a0cd8ada0c37", "timestamp": "2026-08-22T14:17:34.651500", "sender_account": "HBOW30753169678897", "receiver_account": "ZFKA83364609539681", "amount": 3181.91, "currency": "USD", "type": "NORMAL"}
{"transaction_id": "af2b92b7-692c-438b-a6be-866d0b880b4c", "timestamp": "2026-08-22T14:17:35.652038", "sender_account": "KNAU16349393570336", "receiver_account": "QJTE47754309425360", "amount": 571.75, "currency": "USD", "type": "NORMAL"}
{"transaction_id": "ee269565-b912-4c23-8b79-52d64d67c54b", "timestamp": "2026-08-22T14:17:36.652889", "sender_account": "QNGB06866193861206", "receiver_account": "MIJN31964293863181", "amount": 2593.58, "currency": "USD", "type": "NORMAL"}
{"transaction_id": "4d170245-f453-4595-a91a-9e8d9d04478c", "timestamp": "2026-08-22T14:17:37.653919", "sender_account": "IQWF66011720786197", "receiver_account": "EJZC41691668687807", "amount": 4848.81, "currency": "USD", "type": "NORMAL"}
{"transaction_id": "b3815523-880d-4802-bf7b-5905dfcfba50", "timestamp": "2026-08-22T14:17:38.654776", "sender_account": "YXRF85957215814306", "receiver_account": "ECDH75774390227986", "amount": 2560.15, "currency": "USD", "type": "NORMAL"}
{"transaction_id": "bf6195d1-cf3f-4ae0-815d-6b33f65fa275", "timestamp": "2026-08-22T14:17:39.655506", "sender_account": "EJZC41691668687807", "receiver_account": "FXIM87758079103884", "amount": 1781.53, "currency": "USD", "type": "NORMAL"}
{"transaction_id": "dba0731c-c34f-4ab7-acd1-a56665967289", "timestamp": "2026-08-22T14:17:40.656196", "sender_account": "ECDH75774390227986", "receiver_account": "VNZI08329609359985", "amount": 1561.84, "currency": "USD", "type": "NORMAL"}
{"transaction_id": "bf39b52a-af49-4f61-9230-b969cad06b64", "timestamp": "2026-08-22T14:17:41.656871", "sender_account": "FXIM87758079103884", "receiver_account": "GLIT62311059003233", "amount": 847.22, "currency": "USD", "type": "NORMAL"}
{"transaction_id": "9784bacc-72c6-4bcf-8e78-46d8bc32b760", "timestamp": "2026-08-22T14:17:42.657468", "sender_account": "YGUU62893874834917", "receiver_account": "IVEN85122238604633", "amount": 4028.85, "currency": "USD", "type": "NORMAL"}
{"transaction_id": "0b0eec6a-b1ee-4e4f-bb77-2cd626f8fcb1", "timestamp": "2026-08-22T14:17:43.658342", "sender_account": "ECDH75774390227986", "receiver_account": "GIBZ40473797020174", "amount": 9900.0, "currency": "USD", "type": "FRAUD_PLACEMENT"}
{"transaction_id": "db479b06-89b9-4807-852e-8071415e6c2a", "timestamp": "2026-08-22T14:17:43.658380", "sender_account": "GIBZ40473797020174", "receiver_account": "TKNE95981619733116", "amount": 9900.0, "currency": "USD", "type": "FRAUD_LAYERING"}
{"transaction_id": "89c17d71-f8eb-4d3e-9ea5-5800d6e20946", "timestamp": "2026-08-22T14:17:44.659248", "sender_account": "ZWCH93320854773187", "receiver_account": "BMWQ07401602650724", "amount": 9900.0, "currency": "USD", "type": "FRAUD_PLACEMENT"}
{"transaction_id": "7b48cf69-7bcc-482b-8765-d4be769fd1f5", "timestamp": "2026-08-22T14:17:44.659289", "sender_account": "BMWQ07401602650724", "receiver_account": "TKNE95981619733116", "amount": 9900.0, "currency": "USD", "type": "FRAUD_LAYERING"}
{"transaction_id": "4573b6c1-0cc2-4b38-ae45-b1a34c1ff1b4", "timestamp": "2026-08-22T14:17:45.660518", "sender_account": "KOVQ87848311751921", "receiver_account": "GIBZ40473797020174", "amount": 4578.68, "currency": "USD", "type": "NORMAL"}
{"transaction_id": "55d88096-42dc-4493-b863-d2241de70f51", "timestamp": "2026-08-22T14:17:46.661564", "sender_account": "ECDH75774390227986", "receiver_account": "GIBZ40473797020174", "amount": 9900.0, "currency": "USD", "type": "FRAUD_PLACEMENT"}
{"transaction_id": "5bfcc10d-7e1a-4d6f-a921-e822d8e23b71", "timestamp": "2026-08-22T14:17:46.661601", "sender_account": "GIBZ40473797020174", "receiver_account": "TKNE95981619733116", "amount": 9900.0, "currency": "USD", "type": "FRAUD_LAYERING"}
{"transaction_id": "5f7c25ff-fd0c-4acb-8fe2-4dd966f1d438", "timestamp": "2026-08-22T14:17:47.662717", "sender_account": "OBST45783212332050", "receiver_account": "YFVA16193788759614", "amount": 3063.9, "currency": "USD", "type": "NORMAL"}
{"transaction_id": "0a0ab2b0-07da-48d0-a668-9588801cc11b", "timestamp": "2026-08-22T14:17:48.663464", "sender_account": "YIRQ99574502470842", "receiver_account": "GIBZ40473797020174", "amount": 9900.0, "currency": "USD", "type": "FRAUD_PLACEMENT"}
{"transaction_id": "1e71df81-2a0d-4acd-99c6-7e2fda5cb33f", "timestamp": "2026-08-22T14:17:48.663505", "sender_account": "GIBZ40473797020174", "receiver_account": "TKNE95981619733116", "amount": 9900.0, "currency": "USD", "type": "FRAUD_LAYERING"}
{"transaction_id": "0afc04ea-d6db-44ed-96f9-d21ce0a61c11", "timestamp": "2026-08-22T14:17:49.665045", "sender_account": "PCEW62562572220429", "receiver_account": "BMWQ07401602650724", "amount": 9900.0, "currency": "USD", "type": "FRAUD_PLACEMENT"}
{"transaction_id": "ca75c509-3873-4fc3-b363-4484cd17d321", "timestamp": "2026-08-22T14:17:49.665112", "sender_account": "BMWQ07401602650724", "receiver_account": "TKNE95981619733116", "amount": 9900.0, "currency": "USD", "type": "FRAUD_LAYERING"}
{"transaction_id": "d9cb0db3-c7bc-4f85-9503-c70fd7c62167", "timestamp": "2026-08-22T14:17:50.666173", "sender_account": "DGWO81624487946464", "receiver_account": "WIYV91633626744584", "amount": 1912.59, "currency": "USD", "type": "NORMAL"}
{"transaction_id": "767e74f6-bec2-46f8-a927-1e86f8e5c1ae", "timestamp": "2026-08-22T14:17:51.667078", "sender_account": "JRIS76694227569281", "receiver_account": "OWJJ95183742153706", "amount": 2803.6, "currency": "USD", "type": "NORMAL"}
{"transaction_id": "37147dd7-524d-4935-9d91-7087e15665ac", "timestamp": "2026-08-22T14:17:52.667997", "sender_account": "OONT57623890878105", "receiver_account": "NORJ47127315571079", "amount": 1100.51, "currency": "USD", "type": "NORMAL"}
{"transaction_id": "681e3df4-f317-49cb-b82a-e95d09855c8b", "timestamp": "2026-08-22T14:17:53.668727", "sender_account": "GKOO36379143283440", "receiver_account": "OBST45783212332050", "amount": 9900.0, "currency": "USD", "type": "FRAUD_PLACEMENT"}
{"transaction_id": "bc87847f-488c-49c2-9a8f-a51a8a4508d6", "timestamp": "2026-08-22T14:17:53.668771", "sender_account": "OBST45783212332050", "receiver_account": "TKNE95981619733116", "amount": 9900.0, "currency": "USD", "type": "FRAUD_LAYERING"}
{"transaction_id": "611c90a1-3100-45e6-9160-473b62cf1054", "timestamp": "2026-08-22T14:17:54.669784", "sender_account": "PCEW62562572220429", "receiver_account": "BMWQ07401602650724", "amount": 9900.0, "currency": "USD", "type": "FRAUD_PLACEMENT"}
{"transaction_id": "b3f92ddc-45ef-4a3d-aea3-cd6b4dce427d", "timestamp": "2026-08-22T14:17:54.669827", "sender_account": "BMWQ07401602650724", "receiver_account": "TKNE95981619733116", "amount": 9900.0, "currency": "USD", "type": "FRAUD_LAYERING"}
{"transaction_id": "6a9be8ce-2fa7-4559-86f3-3b358fbf396d", "timestamp": "2026-08-22T14:17:55.671314", "sender_account": "KSQR22887690863408", "receiver_account": "IFXC26846099455699", "amount": 3685.97, "currency": "USD", "type": "NORMAL"}
{"transaction_id": "73adb9ab-135e-42a6-9500-3e92f1340590", "timestamp": "2026-08-22T14:17:56.672161", "sender_account": "VNZI08329609359985", "receiver_account": "RTKW81167619321392", "amount": 3211.53, "currency": "USD", "type": "NORMAL"}
{"transaction_id": "6155d7a3-6741-4b24-8872-9cac15c6a6a7", "timestamp": "2026-08-22T14:17:57.673087", "sender_account": "KNAU16349393570336", "receiver_account": "OONT57623890878105", "amount": 725.57, "currency": "USD", "type": "NORMAL"}
{"transaction_id": "fc3e1eb7-b0e2-49ad-910f-da697657986c", "timestamp": "2026-08-22T14:17:58.674058", "sender_account": "MFRJ31603040538232", "receiver_account": "ZBAV57583531826293", "amount": 1196.71, "currency": "USD", "type": "NORMAL"}
{"transaction_id": "06320078-9cbf-4b58-81b8-2b8dcbd004b0", "timestamp": "2026-08-22T14:17:59.674942", "sender_account": "ZVIU98542550975060", "receiver_account": "NORJ47127315571079", "amount": 2463.04, "currency": "USD", "type": "NORMAL"}
{"transaction_id": "4f84452e-6216-42aa-8116-ef13722f2227", "timestamp": "2026-08-22T14:18:00.675767", "sender_account": "ZGMR58754809663746", "receiver_account": "YGUU62893874834917", "amount": 387.71, "currency": "USD", "type": "NORMAL"}
{"transaction_id": "40a7ac6b-e46f-478b-9ed6-02b938f55c4b", "timestamp": "2026-08-22T14:18:01.677009", "sender_account": "SOBM80491499457608", "receiver_account": "ZFKA83364609539681", "amount": 4899.07, "currency": "USD", "type": "NORMAL"}
{"transaction_id": "b77c7118-3c7a-40a1-a4b1-7e1915284ad0", "timestamp": "2026-08-22T14:18:02.678147", "sender_account": "WCLE91496399180753", "receiver_account": "MLNT98933143420708", "amount": 3234.13, "currency": "USD", "type": "NORMAL"}
{"transaction_id": "8194168c-a03b-47b8-9231-95e5c56e53f6", "timestamp": "2026-08-22T14:18:03.678797", "sender_account": "ZBAV57583531826293", "receiver_account": "BMWQ07401602650724", "amount": 9900.0, "currency": "USD", "type": "FRAUD_PLACEMENT"}
{"transaction_id": "4275d757-6db8-4557-b749-f08a1d5bdeed", "timestamp": "2026-08-22T14:18:03.678833", "sender_account": "BMWQ07401602650724", "receiver_account": "TKNE95981619733116", "amount": 9900.0, "currency": "USD", "type": "FRAUD_LAYERING"}
{"transaction_id": "9f3ab475-962c-456f-82b6-bec332f5ed08", "timestamp": "2026-08-22T14:18:04.680074", "sender_account": "ZMWS54714289381237", "receiver_account": "GIBZ40473797020174", "amount": 9900.0, "currency": "USD", "type": "FRAUD_PLACEMENT"}
{"transaction_id": "bb5bcc61-0071-4bcf-b112-747f93eb0c55", "timestamp": "2026-08-22T14:18:04.680113", "sender_account": "GIBZ40473797020174", "receiver_account": "TKNE95981619733116", "amount": 9900.0, "currency": "USD", "type": "FRAUD_LAYERING"}
{"transaction_id": "abacde0d-7e29-47e4-bc24-90bba09f0ac5", "timestamp": "2026-08-22T14:18:05.680961", "sender_account": "EUPF21042455172540", "receiver_account": "NRLN08377251537949", "amount": 958.1, "currency": "USD", "type": "NORMAL"}
{"transaction_id": "9f08e69c-c476-4385-a558-555c0fdb66da", "timestamp": "2026-08-22T14:18:06.681927", "sender_account": "RZVP21155505850037", "receiver_account": "VPQE19399427637466", "amount": 9900.0, "currency": "USD", "type": "FRAUD_PLACEMENT"}
{"transaction_id": "2b80248d-bdfb-4d83-9e5a-96c95dda699e", "timestamp": "2026-08-22T14:18:06.681966", "sender_account": "VPQE19399427637466", "receiver_account": "TKNE95981619733116", "amount": 9900.0, "currency": "USD", "type": "FRAUD_LAYERING"}
{"transaction_id": "723f0fa2-2434-458c-aa4a-c5ae7b8a8160", "timestamp": "2026-08-22T14:18:07.683210", "sender_account": "DSOS96311899642368", "receiver_account": "OXKV10606491971240", "amount": 961.71, "currency": "USD", "type": "NORMAL"}
{"transaction_id": "74843280-bac8-4967-8504-2f9a374c1bae", "timestamp": "2026-08-22T14:18:08.684080", "sender_account": "WCLE91496399180753", "receiver_account": "ZRSL02416594373530", "amount": 2247.99, "currency": "USD", "type": "NORMAL"}
{"transaction_id": "9335080f-ef4c-4929-9561-2c4ed1b163a3", "timestamp": "2026-08-22T14:18:09.685237", "sender_account": "UJCK66397862919111", "receiver_account": "HBOW30753169678897", "amount": 1166.3, "currency": "USD", "type": "NORMAL"}
{"transaction_id": "71ebbf70-e4d8-4013-bfeb-3f179bb55fa6", "timestamp": "2026-08-22T14:18:10.685970", "sender_account": "CWAH81262579423819", "receiver_account": "GKOO36379143283440", "amount": 3348.36, "currency": "USD", "type": "NORMAL"}
{"transaction_id": "bf1c2df5-4451-41c7-bb82-992c3488cc16", "timestamp": "2026-08-22T14:18:11.686609", "sender_account": "MLNT98933143420708", "receiver_account": "GIBZ40473797020174", "amount": 9900.0, "currency": "USD", "type": "FRAUD_PLACEMENT"}
{"transaction_id": "9d2ddf63-5e34-4c4f-a173-c8a4af8fb45b", "timestamp": "2026-08-22T14:18:11.686648", "sender_account": "GIBZ40473797020174", "receiver_account": "TKNE95981619733116", "amount": 9900.0, "currency": "USD", "type": "FRAUD_LAYERING"}
{"transaction_id": "59ae8efa-bbe0-4deb-8ba6-dfb58c452cd2", "timestamp": "2026-08-22T14:18:12.687732", "sender_account": "IQWF66011720786197", "receiver_account": "QTXV40623378585875", "amount": 4781.47, "currency": "USD", "type": "NORMAL"}
{"transaction_id": "9fa0ddb5-7656-4d59-962a-8f7501706c07", "timestamp": "2026-08-22T14:18:13.688874", "sender_account": "TYUO44513722171270", "receiver_account": "DSOS96311899642368", "amount": 1508.25, "currency": "USD", "type": "NORMAL"}
{"transaction_id": "b5e9bbb6-1f91-4cfa-ac49-2cba324c1231", "timestamp": "2026-08-22T14:18:14.689620", "sender_account": "OONT57623890878105", "receiver_account": "YGUU62893874834917", "amount": 486.34, "currency": "USD", "type": "NORMAL"}
{"transaction_id": "6880d06b-166f-4896-b779-2cd7cb57c129", "timestamp": "2026-08-22T14:18:15.690417", "sender_account": "GIBZ40473797020174", "receiver_account": "DRXV24124034784149", "amount": 2599.92, "currency": "USD", "type": "NORMAL"}
{"transaction_id": "2c7414c2-2ca5-40b4-b9c6-3e0d66497f45", "timestamp": "2026-08-22T14:18:16.691396", "sender_account": "UJCK66397862919111", "receiver_account": "TYZA12395659119598", "amount": 4380.13, "currency": "USD", "type": "NORMAL"}
{"transaction_id": "0322bd39-b437-493b-9040-48528060334f", "timestamp": "2026-08-22T14:18:17.692318", "sender_account": "POPI60802500302561", "receiver_account": "GIBZ40473797020174", "amount": 9900.0, "currency": "USD", "type": "FRAUD_PLACEMENT"}
{"transaction_id": "053520a3-e99e-461d-a58c-576915afb9a4", "timestamp": "2026-08-22T14:18:17.692386", "sender_account": "GIBZ40473797020174", "receiver_account": "TKNE95981619733116", "amount": 9900.0, "currency": "USD", "type": "FRAUD_LAYERING"}
{"transaction_id": "2679e0c4-631f-4250-b015-0979abadaccb", "timestamp": "2026-08-22T14:18:18.693319", "sender_account": "VNZI08329609359985", "receiver_account": "ZISS86727170516266", "amount": 2643.47, "currency": "USD", "type": "NORMAL"}
{"transaction_id": "c64db780-f08a-4b2f-8175-c710d3728199", "timestamp": "2026-08-22T14:18:19.694217", "sender_account": "HKVV91020206250530", "receiver_account": "PCEW62562572220429", "amount": 972.4, "currency": "USD", "type": "NORMAL"}
{"transaction_id": "eb025932-a5c5-45d3-ab22-93dc7fa75fbe", "timestamp": "2026-08-22T14:18:20.695394", "sender_account": "SOBM80491499457608", "receiver_account": "QOSV59129264416433", "amount": 540.1, "currency": "USD", "type": "NORMAL"}
{"transaction_id": "a7d65bea-724f-4f77-b2b9-3f340c7ed764", "timestamp": "2026-08-22T14:18:21.696293", "sender_account": "BMWQ07401602650724", "receiver_account": "ZWCH93320854773187", "amount": 1548.96, "currency": "USD", "type": "NORMAL"}
{"transaction_id": "ec1bfd16-40bf-490a-b0b9-d53fbc8c2d80", "timestamp": "2026-08-22T14:18:22.697380", "sender_account": "MLNT98933143420708", "receiver_account": "BMWQ07401602650724", "amount": 9900.0, "currency": "USD", "type": "FRAUD_PLACEMENT"}
{"transaction_id": "ca3a82db-9b71-406d-89e1-0cb52bfa6617", "timestamp": "2026-08-22T14:18:22.697422", "sender_account": "BMWQ07401602650724", "receiver_account": "TKNE95981619733116", "amount": 9900.0, "currency": "USD", "type": "FRAUD_LAYERING"}
{"transaction_id": "a2ea1ca2-88e3-451c-84ed-81c4c38d1f17", "timestamp": "2026-08-22T14:18:23.698675", "sender_account": "OCPV45827561184835", "receiver_account": "ZISS86727170516266", "amount": 563.44, "currency": "USD", "type": "NORMAL"}
{"transaction_id": "d63dbd90-0747-4cf4-a55e-54632246d4db", "timestamp": "2026-08-22T14:18:24.700148", "sender_account": "FXIM87758079103884", "receiver_account": "JHOE55271525311673", "amount": 265.03, "currency": "USD", "type": "NORMAL"}
{"transaction_id": "c0ac6636-d900-4be3-a11e-75994d1937c4", "timestamp": "2026-08-22T14:18:25.700976", "sender_account": "RTKW81167619321392", "receiver_account": "BARZ06398633576495", "amount": 338.37, "currency": "USD", "type": "NORMAL"}
{"transaction_id": "523e94c2-65d0-49d0-93c6-b5cd009c574c", "timestamp": "2026-08-22T14:18:26.701990", "sender_account": "MLNT98933143420708", "receiver_account": "GIBZ40473797020174", "amount": 9900.0, "currency": "USD", "type": "FRAUD_PLACEMENT"}
{"transaction_id": "7363dbbc-feb0-4dce-92fe-9d7916d35b2e", "timestamp": "2026-08-22T14:18:26.702029", "sender_account": "GIBZ40473797020174", "receiver_account": "TKNE95981619733116", "amount": 9900.0, "currency": "USD", "type": "FRAUD_LAYERING"}
{"transaction_id": "7a9945aa-153e-4e42-addc-df4af7eae4b0", "timestamp": "2026-08-22T14:18:27.702797", "sender_account": "TKCO15830034158606", "receiver_account": "FOBA45363711762614", "amount": 243.85, "currency": "USD", "type": "NORMAL"}
{"transaction_id": "dd3bcc74-638d-4a93-97eb-664f246c50bf", "timestamp": "2026-08-22T14:18:28.703457", "sender_account": "BMWQ07401602650724", "receiver_account": "RZVP21155505850037", "amount": 4299.38, "currency": "USD", "type": "NORMAL"}
{"transaction_id": "23dbda94-6449-4ecf-b388-b2b9dafa694b", "timestamp": "2026-08-22T14:18:29.704543", "sender_account": "PCEW62562572220429", "receiver_account": "YRYY89437144222231", "amount": 4199.84, "currency": "USD", "type": "NORMAL"}
{"transaction_id": "6f0ea664-d4ee-44ba-9c23-e3059811c126", "timestamp": "2026-08-22T14:18:30.705376", "sender_account": "OONT57623890878105", "receiver_account": "IQWF66011720786197", "amount": 2528.54, "currency": "USD", "type": "NORMAL"}
{"transaction_id": "7db2ee25-814e-4dbc-8723-9e35e3bbaa87", "timestamp": "2026-08-22T14:18:31.706113", "sender_account": "ONTE15993666350518", "receiver_account": "GIBZ40473797020174", "amount": 9900.0, "currency": "USD", "type": "FRAUD_PLACEMENT"}
{"transaction_id": "d4cdc22b-87ff-4515-be09-ae8844559693", "timestamp": "2026-08-22T14:18:31.706151", "sender_account": "GIBZ40473797020174", "receiver_account": "TKNE95981619733116", "amount": 9900.0, "currency": "USD", "type": "FRAUD_LAYERING"}
{"transaction_id": "fb9d2eca-e1ae-47cd-9a3a-f95cf49759d3", "timestamp": "2026-08-22T14:18:32.706972", "sender_account": "TYUO44513722171270", "receiver_account": "OCPV45827561184835", "amount": 2007.76, "currency": "USD", "type": "NORMAL"}
{"transaction_id": "20ee9a96-ddd4-4e7a-88a0-186b1c12263c", "timestamp": "2026-08-22T14:18:33.707985", "sender_account": "ZWCH93320854773187", "receiver_account": "GLIT62311059003233", "amount": 1924.81, "currency": "USD", "type": "NORMAL"}
{"transaction_id": "cf74b183-e1cf-4643-a970-a6441811eb14", "timestamp": "2026-08-22T14:18:34.709345", "sender_account": "OBST45783212332050", "receiver_account": "YIRQ99574502470842", "amount": 4495.29, "currency": "USD", "type": "NORMAL"}
{"transaction_id": "dee84348-0104-4d9b-88ee-f06b564b380f", "timestamp": "2026-08-22T14:18:35.710256", "sender_account": "TYUO44513722171270", "receiver_account": "IQWF66011720786197", "amount": 1126.97, "currency": "USD", "type": "NORMAL"}
{"transaction_id": "150f8916-5f75-49f7-80a1-96130134949a", "timestamp": "2026-08-22T14:18:36.711123", "sender_account": "JHOE55271525311673", "receiver_account": "WCLE91496399180753", "amount": 2308.81, "currency": "USD", "type": "NORMAL"}
{"transaction_id": "66fef80e-e951-4113-b782-74e94d80d80a", "timestamp": "2026-08-22T14:18:37.711851", "sender_account": "ZQRY82107849082085", "receiver_account": "UOIY52992373188750", "amount": 3927.16, "currency": "USD", "type": "NORMAL"}
{"transaction_id": "0a8eab81-1347-499a-a14e-d0632f22c3db", "timestamp": "2026-08-22T14:18:38.712522", "sender_account": "UJCK66397862919111", "receiver_account": "BARZ06398633576495", "amount": 2160.44, "currency": "USD", "type": "NORMAL"}
{"transaction_id": "4ee84654-822d-4a27-9be7-42a835cbd4e3", "timestamp": "2026-08-22T14:18:39.713188", "sender_account": "ITUW94328852809457", "receiver_account": "WKTH11946849130998", "amount": 2768.37, "currency": "USD", "type": "NORMAL"}
{"transaction_id": "bc160c98-5211-4a37-b9a9-d91bb28e7c12", "timestamp": "2026-08-22T14:18:40.714230", "sender_account": "VALP74928055025578", "receiver_account": "GLIT62311059003233", "amount": 1578.01, "currency": "USD", "type": "NORMAL"}
{"transaction_id": "c45b1d4e-a039-422d-af76-015ea5953a25", "timestamp": "2026-08-22T14:18:41.715021", "sender_account": "TYZA12395659119598", "receiver_account": "BATQ26066122589537", "amount": 3551.67, "currency": "USD", "type": "NORMAL"}
{"transaction_id": "a26c7e19-d459-4d6c-b22d-84d7f543e6ec", "timestamp": "2026-08-22T14:18:42.716050", "sender_account": "RZVP21155505850037", "receiver_account": "VPQE19399427637466", "amount": 9900.0, "currency": "USD", "type": "FRAUD_PLACEMENT"}
{"transaction_id": "f01cec66-97f5-4092-b7a3-8dfd7aec572d", "timestamp": "2026-08-22T14:18:42.716088", "sender_account": "VPQE19399427637466", "receiver_account": "TKNE95981619733116", "amount": 9900.0, "currency": "USD", "type": "FRAUD_LAYERING"}
{"transaction_id": "ec068a4e-e007-4763-b5e1-cab4c3623468", "timestamp": "2026-08-22T14:18:43.716907", "sender_account": "YIRQ99574502470842", "receiver_account": "ZBAV57583531826293", "amount": 2186.62, "currency": "USD", "type": "NORMAL"}
{"transaction_id": "83d3659b-82bc-4e6d-9716-4b557089ede1", "timestamp": "2026-08-22T14:18:44.717864", "sender_account": "JQKJ34058795741041", "receiver_account": "ZGYE32529717670955", "amount": 4638.41, "currency": "USD", "type": "NORMAL"}
{"transaction_id": "462e2667-c97b-477b-a39d-4cd5edf2820e", "timestamp": "2026-08-22T14:18:45.718934", "sender_account": "TKCO15830034158606", "receiver_account": "QJTE47754309425360", "amount": 2662.42, "currency": "USD", "type": "NORMAL"}
{"transaction_id": "b1118a7e-a661-42b2-b3f4-2ff0b318b9aa", "timestamp": "2026-08-22T14:18:46.719831", "sender_account": "SOBM80491499457608", "receiver_account": "RZVP21155505850037", "amount": 2127.24, "currency": "USD", "type": "NORMAL"}
{"transaction_id": "205008d5-d189-4b4c-af5d-972526ed28db", "timestamp": "2026-08-22T14:18:47.725083", "sender_account": "HQYC61658237444874", "receiver_account": "ZMWS54714289381237", "amount": 1442.0, "currency": "USD", "type": "NORMAL"}
{"transaction_id": "bf0131c4-1d9a-498e-87dd-2f5486064b57", "timestamp": "2026-08-22T14:18:48.725936", "sender_account": "KOVQ87848311751921", "receiver_account": "JHOE55271525311673", "amount": 1208.19, "currency": "USD", "type": "NORMAL"}
{"transaction_id": "cd79a5d5-d1e1-4e52-b958-4f11e7b49dbd", "timestamp": "2026-08-22T14:18:49.726792", "sender_account": "KSQR22887690863408", "receiver_account": "FOBA45363711762614", "amount": 3242.51, "currency": "USD", "type": "NORMAL"}
{"transaction_id": "0034eb8d-ac68-4ba3-8eea-9648eefc30a0", "timestamp": "2026-08-22T14:18:50.727790", "sender_account": "ZMWS54714289381237", "receiver_account": "BMWQ07401602650724", "amount": 9900.0, "currency": "USD", "type": "FRAUD_PLACEMENT"}
{"transaction_id": "83229bf6-d73e-4100-b7da-6c380063f5c4", "timestamp": "2026-08-22T14:18:50.727824", "sender_account": "BMWQ07401602650724", "receiver_account": "TKNE95981619733116", "amount": 9900.0, "currency": "USD", "type": "FRAUD_LAYERING"}
{"transaction_id": "b49b9df0-b3aa-4130-b8bc-e625a14edaa7", "timestamp": "2026-08-22T14:18:51.729136", "sender_account": "UIUQ30880043964264", "receiver_account": "TYZA12395659119598", "amount": 3643.97, "currency": "USD", "type": "NORMAL"}
{"transaction_id": "2c174003-bd5e-470d-a317-d3207e5f93ac", "timestamp": "2026-08-22T14:18:52.730051", "sender_account": "ZWCH93320854773187", "receiver_account": "BMWQ07401602650724", "amount": 9900.0, "currency": "USD", "type": "FRAUD_PLACEMENT"}
{"transaction_id": "3ec30077-a83a-43d3-a6db-1d0cf9aa1c75", "timestamp": "2026-08-22T14:18:52.730091", "sender_account": "BMWQ07401602650724", "receiver_account": "TKNE95981619733116", "amount": 9900.0, "currency": "USD", "type": "FRAUD_LAYERING"}
{"transaction_id": "884fb2d3-1860-4e11-b0ee-fa19c037275b", "timestamp": "2026-08-22T14:18:53.730924", "sender_account": "PCEW62562572220429", "receiver_account": "TYZA12395659119598", "amount": 9900.0, "currency": "USD", "type": "FRAUD_PLACEMENT"}
{"transaction_id": "94435af3-4579-4294-86c7-6a136d437f28", "timestamp": "2026-08-22T14:18:53.730968", "sender_account": "TYZA12395659119598", "receiver_account": "TKNE95981619733116", "amount": 9900.0, "currency": "USD", "type": "FRAUD_LAYERING"}
{"transaction_id": "43c7b54a-1147-4b5f-85a4-1df9fcdc2199", "timestamp": "2026-08-22T14:18:54.732098", "sender_account": "MGQC27256683991625", "receiver_account": "MREZ94532505100354", "amount": 1345.78, "currency": "USD", "type": "NORMAL"}
{"transaction_id": "b72e5626-7dd0-464f-ba0a-7d02102218f9", "timestamp": "2026-08-22T14:18:55.732801", "sender_account": "HKVV91020206250530", "receiver_account": "BATQ26066122589537", "amount": 3991.38, "currency": "USD", "type": "NORMAL"}
{"transaction_id": "c280a16f-a472-4825-b656-eac656f1f7f9", "timestamp": "2026-08-22T14:18:56.733541", "sender_account": "UIUQ30880043964264", "receiver_account": "YRYY89437144222231", "amount": 352.35, "currency": "USD", "type": "NORMAL"}
{"transaction_id": "700fa87f-8fd3-40f0-9715-06e3e5b65fa2", "timestamp": "2026-08-22T14:18:57.734275", "sender_account": "OCPV45827561184835", "receiver_account": "JGKZ81762083124666", "amount": 3251.01, "currency": "USD", "type": "NORMAL"}
{"transaction_id": "c8e786ec-60aa-47a2-9776-740aceaf2274", "timestamp": "2026-08-22T14:18:58.735697", "sender_account": "OXKV10606491971240", "receiver_account": "FOKF83913028698195", "amount": 2692.25, "currency": "USD", "type": "NORMAL"}
{"transaction_id": "5f7d562d-7a9a-4b2f-8ba1-cb3cc9741867", "timestamp": "2026-08-22T14:18:59.737048", "sender_account": "EUPF21042455172540", "receiver_account": "JQKJ34058795741041", "amount": 4183.43, "currency": "USD", "type": "NORMAL"}
{"transaction_id": "56ddb4b0-909d-49c4-be71-619027e0641c", "timestamp": "2026-08-22T14:19:00.737811", "sender_account": "IFXC26846099455699", "receiver_account": "GOHX63551834343537", "amount": 3893.72, "currency": "USD", "type": "NORMAL"}
{"transaction_id": "fd6df3ba-e695-41ae-b4ed-f09585511ff5", "timestamp": "2026-08-22T14:19:01.738548", "sender_account": "QJTE47754309425360", "receiver_account": "BLTT28136406266695", "amount": 3110.74, "currency": "USD", "type": "NORMAL"}
{"transaction_id": "4c70c294-4f79-448d-9ba9-2ef19b7d3333", "timestamp": "2026-08-22T14:19:02.739260", "sender_account": "REUU89703871611287", "receiver_account": "GIBZ40473797020174", "amount": 9900.0, "currency": "USD", "type": "FRAUD_PLACEMENT"}
{"transaction_id": "ca4d5cc5-b021-4368-b5aa-31823703c14a", "timestamp": "2026-08-22T14:19:02.739299", "sender_account": "GIBZ40473797020174", "receiver_account": "TKNE95981619733116", "amount": 9900.0, "currency": "USD", "type": "FRAUD_LAYERING"}
{"transaction_id": "a3eaebda-fff2-48e2-a7a4-765125eda771", "timestamp": "2026-08-22T14:19:03.740539", "sender_account": "UQUO78118349294482", "receiver_account": "ZRSL02416594373530", "amount": 2199.41, "currency": "USD", "type": "NORMAL"}
{"transaction_id": "c6072f4c-cacd-42db-ada5-5f127bcd2bb7", "timestamp": "2026-08-22T14:19:04.741979", "sender_account": "IFXC26846099455699", "receiver_account": "GOHX63551834343537", "amount": 560.45, "currency": "USD", "type": "NORMAL"}
{"transaction_id": "3b448abf-d474-4f80-a495-710776b480dd", "timestamp": "2026-08-22T14:19:05.742914", "sender_account": "ECDH75774390227986", "receiver_account": "BMWQ07401602650724", "amount": 9900.0, "currency": "USD", "type": "FRAUD_PLACEMENT"}
{"transaction_id": "a23ea4ef-493e-4a68-8424-8378d18cad01", "timestamp": "2026-08-22T14:19:05.742974", "sender_account": "BMWQ07401602650724", "receiver_account": "TKNE95981619733116", "amount": 9900.0, "currency": "USD", "type": "FRAUD_LAYERING"}
{"transaction_id": "a5db6993-4ea4-4d23-802b-8140d6b0b90d", "timestamp": "2026-08-22T14:19:06.743758", "sender_account": "GLIT62311059003233", "receiver_account": "VNZI08329609359985", "amount": 1355.81, "currency": "USD", "type": "NORMAL"}
{"transaction_id": "8d505340-1449-47a3-85d1-06b1ef8c6fa1", "timestamp": "2026-08-22T14:19:07.744679", "sender_account": "FOKF83913028698195", "receiver_account": "OBST45783212332050", "amount": 9900.0, "currency": "USD", "type": "FRAUD_PLACEMENT"}
{"transaction_id": "72567116-8b7e-4754-bbd2-812b46e37292", "timestamp": "2026-08-22T14:19:07.744763", "sender_account": "OBST45783212332050", "receiver_account": "TKNE95981619733116", "amount": 9900.0, "currency": "USD", "type": "FRAUD_LAYERING"}
{"transaction_id": "5ca2caa0-697b-4575-95d1-c48a4b926be8", "timestamp": "2026-08-22T14:19:08.745868", "sender_account": "ONTE15993666350518", "receiver_account": "BTCE30031727194183", "amount": 727.27, "currency": "USD", "type": "NORMAL"}
{"transaction_id": "79a45815-9309-4f8a-8aa8-86aaf319b654", "timestamp": "2026-08-22T14:19:09.746517", "sender_account": "TKCO15830034158606", "receiver_account": "JHOE55271525311673", "amount": 58.5, "currency": "USD", "type": "NORMAL"}
{"transaction_id": "a6b35e6a-e004-4105-a9ec-910d041cd457", "timestamp": "2026-08-22T14:19:10.747726", "sender_account": "ZRSL02416594373530", "receiver_account": "MFRJ31603040538232", "amount": 63.54, "currency": "USD", "type": "NORMAL"}
{"transaction_id": "1d3dae41-74ad-4983-a559-e61e4b27b0da", "timestamp": "2026-08-22T14:19:11.748810", "sender_account": "OXKV10606491971240", "receiver_account": "HAZZ16939678914701", "amount": 3870.67, "currency": "USD", "type": "NORMAL"}
{"transaction_id": "5585d580-d9f8-4722-972d-f4ea9b843a49", "timestamp": "2026-08-22T14:19:12.749631", "sender_account": "JGKZ81762083124666", "receiver_account": "FXIM87758079103884", "amount": 2868.68, "currency": "USD", "type": "NORMAL"}
{"transaction_id": "eb229f52-0fdd-4d33-88ad-5853c85dbc2f", "timestamp": "2026-08-22T14:19:13.750464", "sender_account": "YIRQ99574502470842", "receiver_account": "YFVA16193788759614", "amount": 1023.89, "currency": "USD", "type": "NORMAL"}
{"transaction_id": "d0b8fc2c-b90a-41df-8611-060ce60ab8e9", "timestamp": "2026-08-22T14:19:14.751300", "sender_account": "OWJJ95183742153706", "receiver_account": "CWAH81262579423819", "amount": 1806.34, "currency": "USD", "type": "NORMAL"}
{"transaction_id": "1d59c987-ddbb-4df8-bda3-c4f8d4db0709", "timestamp": "2026-08-22T14:19:15.752346", "sender_account": "FXIM87758079103884", "receiver_account": "CWAH81262579423819", "amount": 573.38, "currency": "USD", "type": "NORMAL"}
{"transaction_id": "255d2e35-7cb6-4663-958f-9a33e9dcb7ac", "timestamp": "2026-08-22T14:19:16.753350", "sender_account": "ZWCH93320854773187", "receiver_account": "BMWQ07401602650724", "amount": 9900.0, "currency": "USD", "type": "FRAUD_PLACEMENT"}
{"transaction_id": "dc2058b5-db4e-4421-b48c-fc18e3a9488f", "timestamp": "2026-08-22T14:19:16.753393", "sender_account": "BMWQ07401602650724", "receiver_account": "TKNE95981619733116", "amount": 9900.0, "currency": "USD", "type": "FRAUD_LAYERING"}
{"transaction_id": "369e3fac-4ad4-4f4c-ac3e-c9fea6d9fc27", "timestamp": "2026-08-22T14:19:17.754423", "sender_account": "DRXV24124034784149", "receiver_account": "ZGYE32529717670955", "amount": 765.81, "currency": "USD", "type": "NORMAL"}
{"transaction_id": "6fd5f5f8-022b-4a35-a758-60a227028e3d", "timestamp": "2026-08-22T14:19:18.755471", "sender_account": "UQUO78118349294482", "receiver_account": "POPI60802500302561", "amount": 4928.45, "currency": "USD", "type": "NORMAL"}
{"transaction_id": "b7706dd9-3508-41b5-a268-4582b4e609d0", "timestamp": "2026-08-22T14:19:19.756778", "sender_account": "GOHX63551834343537", "receiver_account": "QNGB06866193861206", "amount": 800.7, "currency": "USD", "type": "NORMAL"}
{"transaction_id": "31d047c7-1aa3-4168-833a-116328837ff0", "timestamp": "2026-08-22T14:19:20.757865", "sender_account": "YIRQ99574502470842", "receiver_account": "GIBZ40473797020174", "amount": 9900.0, "currency": "USD", "type": "FRAUD_PLACEMENT"}
{"transaction_id": "c7c95c0a-d75d-4f0d-87ad-b3b5ce30c906", "timestamp": "2026-08-22T14:19:20.757907", "sender_account": "GIBZ40473797020174", "receiver_account": "TKNE95981619733116", "amount": 9900.0, "currency": "USD", "type": "FRAUD_LAYERING"}
{"transaction_id": "a28af9f0-0093-4f84-b317-44b6086b1a74", "timestamp": "2026-08-22T14:19:21.758815", "sender_account": "UJCK66397862919111", "receiver_account": "BOQG09638950855355", "amount": 1825.58, "currency": "USD", "type": "NORMAL"}
{"transaction_id": "97052610-6b02-4530-ae5d-92f88a68a19a", "timestamp": "2026-08-22T14:19:22.759562", "sender_account": "TYZA12395659119598", "receiver_account": "ZFKA83364609539681", "amount": 2005.47, "currency": "USD", "type": "NORMAL"}
{"transaction_id": "d692ad95-5f21-43ea-ae7e-77c411223442", "timestamp": "2026-08-22T14:19:23.760504", "sender_account": "RZVP21155505850037", "receiver_account": "MREZ94532505100354", "amount": 2876.7, "currency": "USD", "type": "NORMAL"}
{"transaction_id": "eddac205-7da4-40f2-b56d-fc0ff40a85bb", "timestamp": "2026-08-22T14:19:24.761203", "sender_account": "UOIY52992373188750", "receiver_account": "HKVV91020206250530", "amount": 1266.69, "currency": "USD", "type": "NORMAL"}
{"transaction_id": "f25efc33-37d7-4d1b-83be-57edf95cce8d", "timestamp": "2026-08-22T14:19:25.762272", "sender_account": "VALP74928055025578", "receiver_account": "HBOW30753169678897", "amount": 4428.63, "currency": "USD", "type": "NORMAL"}
{"transaction_id": "bb3f8756-84fb-44d8-af04-863c7350cfcd", "timestamp": "2026-08-22T14:19:26.762961", "sender_account": "SNQR02825333527062", "receiver_account": "BLTT28136406266695", "amount": 594.82, "currency": "USD", "type": "NORMAL"}
{"transaction_id": "d8bfa50a-b537-42d1-8f2d-0760d912b2bd", "timestamp": "2026-08-22T14:19:27.763594", "sender_account": "TYZA12395659119598", "receiver_account": "QJTE47754309425360", "amount": 755.64, "currency": "USD", "type": "NORMAL"}
{"transaction_id": "dd8d5723-0b77-4a2b-b0a2-d67ca3959fce", "timestamp": "2026-08-22T14:19:28.764506", "sender_account": "RTKW81167619321392", "receiver_account": "WKTH11946849130998", "amount": 117.59, "currency": "USD", "type": "NORMAL"}
{"transaction_id": "80f25a56-ddc8-4b15-96b5-9b18fb123d54", "timestamp": "2026-08-22T14:19:29.766081", "sender_account": "ZBAV57583531826293", "receiver_account": "BMWQ07401602650724", "amount": 9900.0, "currency": "USD", "type": "FRAUD_PLACEMENT"}
{"transaction_id": "ed9a1c06-859b-4dd2-beee-55a52c11bbf6", "timestamp": "2026-08-22T14:19:29.766123", "sender_account": "BMWQ07401602650724", "receiver_account": "TKNE95981619733116", "amount": 9900.0, "currency": "USD", "type": "FRAUD_LAYERING"}
{"transaction_id": "1f6d8c6e-d526-43af-9771-c9bc24f8a648", "timestamp": "2026-08-22T14:19:30.767627", "sender_account": "IVEN85122238604633", "receiver_account": "ZVIU98542550975060", "amount": 2304.29, "currency": "USD", "type": "NORMAL"}
{"transaction_id": "3dd3c08b-97ec-4372-97a9-447c296625f3", "timestamp": "2026-08-22T14:19:31.768793", "sender_account": "ZADP42098975580841", "receiver_account": "VPQE19399427637466", "amount": 9900.0, "currency": "USD", "type": "FRAUD_PLACEMENT"}
{"transaction_id": "f783f1be-bf12-4f37-898c-cb8c8613ee41", "timestamp": "2026-08-22T14:19:31.768877", "sender_account": "VPQE19399427637466", "receiver_account": "TKNE95981619733116", "amount": 9900.0, "currency": "USD", "type": "FRAUD_LAYERING"}
{"transaction_id": "e834edfc-a636-47d7-81eb-756b97a72834", "timestamp": "2026-08-22T14:19:32.769973", "sender_account": "HKVV91020206250530", "receiver_account": "HAZZ16939678914701", "amount": 4097.11, "currency": "USD", "type": "NORMAL"}
{"transaction_id": "141e55ca-6da1-44b9-9731-a1014b326f76", "timestamp": "2026-08-22T14:19:33.771148", "sender_account": "EJZC41691668687807", "receiver_account": "ZWCH93320854773187", "amount": 2913.68, "currency": "USD", "type": "NORMAL"}
{"transaction_id": "b26891a0-fe9a-43fc-8d02-55118c527e4b", "timestamp": "2026-08-22T14:19:34.771851", "sender_account": "NRLN08377251537949", "receiver_account": "JQKJ34058795741041", "amount": 3883.64, "currency": "USD", "type": "NORMAL"}
{"transaction_id": "5d5b71d5-c21e-4fb0-8e30-78bc01536782", "timestamp": "2026-08-22T14:19:35.773084", "sender_account": "ZISS86727170516266", "receiver_account": "HKVV91020206250530", "amount": 2840.02, "currency": "USD", "type": "NORMAL"}
{"transaction_id": "aee66811-827a-4ddb-a5c3-0e5e7489ab23", "timestamp": "2026-08-22T14:19:36.773791", "sender_account": "WIYV91633626744584", "receiver_account": "YGUU62893874834917", "amount": 3521.44, "currency": "USD", "type": "NORMAL"}
{"transaction_id": "ad693065-b651-4be5-9c28-926893151b97", "timestamp": "2026-08-22T14:19:37.774521", "sender_account": "EUPF21042455172540", "receiver_account": "GIBZ40473797020174", "amount": 9900.0, "currency": "USD", "type": "FRAUD_PLACEMENT"}
{"transaction_id": "a53e7c3e-784a-43b4-aca3-cf30ba462c2d", "timestamp": "2026-08-22T14:19:37.774561", "sender_account": "GIBZ40473797020174", "receiver_account": "TKNE95981619733116", "amount": 9900.0, "currency": "USD", "type": "FRAUD_LAYERING"}
{"transaction_id": "f5f32aeb-1836-4473-a2cd-d675eb0c7c94", "timestamp": "2026-08-22T14:19:38.776273", "sender_account": "GOHX63551834343537", "receiver_account": "ZRSL02416594373530", "amount": 2931.51, "currency": "USD", "type": "NORMAL"}
{"transaction_id": "fde70dd3-565c-443c-aac6-7f940f9efebc", "timestamp": "2026-08-22T14:19:39.776979", "sender_account": "ITUW94328852809457", "receiver_account": "XMJK82504694562095", "amount": 1749.43, "currency": "USD", "type": "NORMAL"}
{"transaction_id": "3ac983af-f9a8-4e96-aa27-c6dbee9f9499", "timestamp": "2026-08-22T14:19:40.777964", "sender_account": "ZBAV57583531826293", "receiver_account": "VPQE19399427637466", "amount": 9900.0, "currency": "USD", "type": "FRAUD_PLACEMENT"}
{"transaction_id": "0151df29-e90e-4205-b651-1c265538cf4c", "timestamp": "2026-08-22T14:19:40.778005", "sender_account": "VPQE19399427637466", "receiver_account": "TKNE95981619733116", "amount": 9900.0, "currency": "USD", "type": "FRAUD_LAYERING"}
{"transaction_id": "7613142a-ce69-4f3a-a72d-f088e9cd5363", "timestamp": "2026-08-22T14:19:41.779148", "sender_account": "RZVP21155505850037", "receiver_account": "BMWQ07401602650724", "amount": 9900.0, "currency": "USD", "type": "FRAUD_PLACEMENT"}
{"transaction_id": "219579c3-f453-4bea-827f-1643d5fd6c00", "timestamp": "2026-08-22T14:19:41.779190", "sender_account": "BMWQ07401602650724", "receiver_account": "TKNE95981619733116", "amount": 9900.0, "currency": "USD", "type": "FRAUD_LAYERING"}
{"transaction_id": "8b29fa4f-0404-4b12-bd54-ba8ef1876080", "timestamp": "2026-08-22T14:19:42.780659", "sender_account": "ITUW94328852809457", "receiver_account": "UOIY52992373188750", "amount": 272.12, "currency": "USD", "type": "NORMAL"}
{"transaction_id": "6f055c28-a600-4639-968d-4120ae6d9985", "timestamp": "2026-08-22T14:19:43.781666", "sender_account": "DSOS96311899642368", "receiver_account": "ZRSL02416594373530", "amount": 34.68, "currency": "USD", "type": "NORMAL"}
{"transaction_id": "41828fae-f504-41bd-b458-fa1230505d97", "timestamp": "2026-08-22T14:19:44.782780", "sender_account": "WCLE91496399180753", "receiver_account": "GIBZ40473797020174", "amount": 4575.83, "currency": "USD", "type": "NORMAL"}
{"transaction_id": "a6166187-8cca-4e8f-a89e-28ef6da81059", "timestamp": "2026-08-22T14:19:45.783448", "sender_account": "ZBAV57583531826293", "receiver_account": "TYUO44513722171270", "amount": 3863.59, "currency": "USD", "type": "NORMAL"}
{"transaction_id": "32802db2-2068-41e5-a4c6-d1efaf141ea3", "timestamp": "2026-08-22T14:19:46.784207", "sender_account": "ZWCH93320854773187", "receiver_account": "CWAH81262579423819", "amount": 263.95, "currency": "USD", "type": "NORMAL"}
{"transaction_id": "a7889ae2-2db7-40d9-b581-9cb13b779378", "timestamp": "2026-08-22T14:19:47.785340", "sender_account": "OWJJ95183742153706", "receiver_account": "BOQG09638950855355", "amount": 940.71, "currency": "USD", "type": "NORMAL"}
{"transaction_id": "37509847-fde2-47eb-9ffa-4c25d869314f", "timestamp": "2026-08-22T14:19:48.786158", "sender_account": "ONTE15993666350518", "receiver_account": "BMWQ07401602650724", "amount": 9900.0, "currency": "USD", "type": "FRAUD_PLACEMENT"}
{"transaction_id": "891ef58a-a689-4efc-aa58-beb3e6539fe5", "timestamp": "2026-08-22T14:19:48.786216", "sender_account": "BMWQ07401602650724", "receiver_account": "TKNE95981619733116", "amount": 9900.0, "currency": "USD", "type": "FRAUD_LAYERING"}
{"transaction_id": "3e5a77ab-fcc7-4b3a-9dd4-714674c1801d", "timestamp": "2026-08-22T14:19:49.787326", "sender_account": "YGUU62893874834917", "receiver_account": "BOQG09638950855355", "amount": 3277.59, "currency": "USD", "type": "NORMAL"}
{"transaction_id": "e8d4f9c7-e88e-4a28-a70c-e3a947df4252", "timestamp": "2026-08-22T14:19:50.787913", "sender_account": "ZWCH93320854773187", "receiver_account": "BMWQ07401602650724", "amount": 9900.0, "currency": "USD", "type": "FRAUD_PLACEMENT"}
{"transaction_id": "6b9aa076-9b7a-429a-b48e-d0809f5a5970", "timestamp": "2026-08-22T14:19:50.787955", "sender_account": "BMWQ07401602650724", "receiver_account": "TKNE95981619733116", "amount": 9900.0, "currency": "USD", "type": "FRAUD_LAYERING"}
{"transaction_id": "785f7aec-492b-4770-b99e-a396c24ecbc2", "timestamp": "2026-08-22T14:19:51.792880", "sender_account": "MLNT98933143420708", "receiver_account": "CDPO86269475852321", "amount": 4728.22, "currency": "USD", "type": "NORMAL"}
{"transaction_id": "4fc11345-d59d-4ac0-9bd5-0ad6896071b0", "timestamp": "2026-08-22T14:19:52.793628", "sender_account": "FOKF83913028698195", "receiver_account": "ZGYE32529717670955", "amount": 3328.47, "currency": "USD", "type": "NORMAL"}
{"transaction_id": "41f0e793-6127-4a5c-8a7c-fa4ed6ad57ff", "timestamp": "2026-08-22T14:19:53.794993", "sender_account": "BLTT28136406266695", "receiver_account": "HKVV91020206250530", "amount": 1903.29, "currency": "USD", "type": "NORMAL"}
{"transaction_id": "7a0f2f22-9dea-4017-a6f4-4238ce31edfc", "timestamp": "2026-08-22T14:19:54.796076", "sender_account": "PCEW62562572220429", "receiver_account": "CDPO86269475852321", "amount": 33.69, "currency": "USD", "type": "NORMAL"}
{"transaction_id": "f3a1706a-3c77-46c7-af67-51df013e4589", "timestamp": "2026-08-22T14:19:55.797078", "sender_account": "DSOS96311899642368", "receiver_account": "WSCV53841899351261", "amount": 4636.44, "currency": "USD", "type": "NORMAL"}
{"transaction_id": "ba278ecf-154b-4c43-995d-bc6f37838e97", "timestamp": "2026-08-22T14:19:56.798056", "sender_account": "QOSV59129264416433", "receiver_account": "PCEW62562572220429", "amount": 208.95, "currency": "USD", "type": "NORMAL"}
{"transaction_id": "38c3c57c-c82c-4870-826e-6274c794bc4a", "timestamp": "2026-08-22T14:19:57.798936", "sender_account": "YXRF85957215814306", "receiver_account": "POPI60802500302561", "amount": 4626.27, "currency": "USD", "type": "NORMAL"}
{"transaction_id": "3e1d44a6-7ed0-4e18-a28d-75cafad01e93", "timestamp": "2026-08-22T14:19:58.799914", "sender_account": "BMWQ07401602650724", "receiver_account": "OCPV45827561184835", "amount": 1213.72, "currency": "USD", "type": "NORMAL"}
{"transaction_id": "b1921f07-8502-4684-a5de-fdb95c77617b", "timestamp": "2026-08-22T14:19:59.800723", "sender_account": "ZWCH93320854773187", "receiver_account": "RZVP21155505850037", "amount": 2738.03, "currency": "USD", "type": "NORMAL"}
{"transaction_id": "c878062d-d8ca-4b73-89d3-59d41cd2dbbb", "timestamp": "2026-08-22T14:20:00.802080", "sender_account": "ZGMR58754809663746", "receiver_account": "VPQE19399427637466", "amount": 3205.19, "currency": "USD", "type": "NORMAL"}
{"transaction_id": "a917d992-0f08-4fe5-bc26-5569e8dfe3e8", "timestamp": "2026-08-22T14:20:01.805234", "sender_account": "OBST45783212332050", "receiver_account": "REUU89703871611287", "amount": 2370.61, "currency": "USD", "type": "NORMAL"}
{"transaction_id": "5d7bb294-5666-4112-90f0-89bb20a1dc91", "timestamp": "2026-08-22T14:20:02.806660", "sender_account": "FOKF83913028698195", "receiver_account": "VPQE19399427637466", "amount": 9900.0, "currency": "USD", "type": "FRAUD_PLACEMENT"}
{"transaction_id": "4232ecfd-5ab2-4744-80f9-49af01cc00c1", "timestamp": "2026-08-22T14:20:02.806735", "sender_account": "VPQE19399427637466", "receiver_account": "TKNE95981619733116", "amount": 9900.0, "currency": "USD", "type": "FRAUD_LAYERING"}
{"transaction_id": "5e2dfa5d-e666-4b9d-825d-f120404c1adf", "timestamp": "2026-08-22T14:20:03.807681", "sender_account": "BMWQ07401602650724", "receiver_account": "IFXC26846099455699", "amount": 3845.06, "currency": "USD", "type": "NORMAL"}
{"transaction_id": "5a707f43-70fd-4e71-aaad-fd0a1a74aed7", "timestamp": "2026-08-22T14:20:04.808702", "sender_account": "HAZZ16939678914701", "receiver_account": "XMJK82504694562095", "amount": 1572.4, "currency": "USD", "type": "NORMAL"}
{"transaction_id": "302f2637-65b5-463e-9ac8-ef6873bf1dbf", "timestamp": "2026-08-22T14:20:05.809576", "sender_account": "MGQC27256683991625", "receiver_account": "YXRF85957215814306", "amount": 4251.37, "currency": "USD", "type": "NORMAL"}
{"transaction_id": "83c498ff-0928-4d73-9b76-8f3a408bec52", "timestamp": "2026-08-22T14:20:06.810234", "sender_account": "GKOO36379143283440", "receiver_account": "SOBM80491499457608", "amount": 2930.09, "currency": "USD", "type": "NORMAL"}
{"transaction_id": "01bd51d4-a986-48c4-bd03-64cf1d9e3316", "timestamp": "2026-08-22T14:20:07.811256", "sender_account": "UOIY52992373188750", "receiver_account": "BMWQ07401602650724", "amount": 9900.0, "currency": "USD", "type": "FRAUD_PLACEMENT"}
{"transaction_id": "e70888bd-83aa-446b-a536-92f7be02983c", "timestamp": "2026-08-22T14:20:07.811299", "sender_account": "BMWQ07401602650724", "receiver_account": "TKNE95981619733116", "amount": 9900.0, "currency": "USD", "type": "FRAUD_LAYERING"}
{"transaction_id": "411dd742-fdf5-4b10-9d1e-775e044fa991", "timestamp": "2026-08-22T14:20:08.812772", "sender_account": "ZMWS54714289381237", "receiver_account": "BMWQ07401602650724", "amount": 9900.0, "currency": "USD", "type": "FRAUD_PLACEMENT"}
{"transaction_id": "ecc40e67-e3b1-410d-8c3b-4755b436fd06", "timestamp": "2026-08-22T14:20:08.812815", "sender_account": "BMWQ07401602650724", "receiver_account": "TKNE95981619733116", "amount": 9900.0, "currency": "USD", "type": "FRAUD_LAYERING"}
{"transaction_id": "7c9a4ede-7ab6-47db-81ea-935d62be76a2", "timestamp": "2026-08-22T14:20:09.813834", "sender_account": "YGUU62893874834917", "receiver_account": "CDPO86269475852321", "amount": 1514.73, "currency": "USD", "type": "NORMAL"}
{"transaction_id": "5ef8ec4a-4abc-4176-9337-56ee490bc0d6", "timestamp": "2026-08-22T14:20:10.814781", "sender_account": "KSQR22887690863408", "receiver_account": "BMWQ07401602650724", "amount": 3542.98, "currency": "USD", "type": "NORMAL"}
{"transaction_id": "79c503f4-2e17-4d55-9166-51ddcda7c9ae", "timestamp": "2026-08-22T14:20:11.815636", "sender_account": "UOIY52992373188750", "receiver_account": "BMWQ07401602650724", "amount": 9900.0, "currency": "USD", "type": "FRAUD_PLACEMENT"}
{"transaction_id": "c92b414e-26bc-4a3f-8e2d-713ef701377f", "timestamp": "2026-08-22T14:20:11.815687", "sender_account": "BMWQ07401602650724", "receiver_account": "TKNE95981619733116", "amount": 9900.0, "currency": "USD", "type": "FRAUD_LAYERING"}
{"transaction_id": "43e2fcd2-e245-426d-ae09-6d38929623f4", "timestamp": "2026-08-22T14:20:12.817067", "sender_account": "NORJ47127315571079", "receiver_account": "WSCV53841899351261", "amount": 3442.35, "currency": "USD", "type": "NORMAL"}
{"transaction_id": "6283321c-e2e6-4e81-9baf-3d4cf102ab15", "timestamp": "2026-08-22T14:20:13.817716", "sender_account": "ITUW94328852809457", "receiver_account": "GIBZ40473797020174", "amount": 1517.67, "currency": "USD", "type": "NORMAL"}
{"transaction_id": "c0324f24-e06a-4188-a401-20dffeede532", "timestamp": "2026-08-22T14:20:14.819197", "sender_account": "QTXV40623378585875", "receiver_account": "ITUW94328852809457", "amount": 4859.69, "currency": "USD", "type": "NORMAL"}
{"transaction_id": "fcfaa113-e8f2-46ec-9228-d81314f980d2", "timestamp": "2026-08-22T14:20:15.820441", "sender_account": "DGWO81624487946464", "receiver_account": "BLTT28136406266695", "amount": 546.9, "currency": "USD", "type": "NORMAL"}
{"transaction_id": "a22855c1-9b6b-4495-a11c-c1bf46184d1d", "timestamp": "2026-08-22T14:20:16.821583", "sender_account": "BLTT28136406266695", "receiver_account": "IFXC26846099455699", "amount": 1723.05, "currency": "USD", "type": "NORMAL"}
{"transaction_id": "e57139b7-88be-47ec-a4f9-7eaf09a1db67", "timestamp": "2026-08-22T14:20:17.822733", "sender_account": "ZFKA83364609539681", "receiver_account": "MREZ94532505100354", "amount": 4921.43, "currency": "USD", "type": "NORMAL"}
{"transaction_id": "05a8f8d1-1cca-4d52-a743-bc10c63b7286", "timestamp": "2026-08-22T14:20:18.824146", "sender_account": "UQUO78118349294482", "receiver_account": "TYUO44513722171270", "amount": 4653.4, "currency": "USD", "type": "NORMAL"}
{"transaction_id": "940ed2f9-cd7c-45d8-aad4-d1a5a2ff17b4", "timestamp": "2026-08-22T14:20:19.824941", "sender_account": "ZQRY82107849082085", "receiver_account": "WIYV91633626744584", "amount": 826.7, "currency": "USD", "type": "NORMAL"}
{"transaction_id": "f5a28cb7-f1d4-4d65-83f4-735ade149b9f", "timestamp": "2026-08-22T14:20:20.825749", "sender_account": "ZWCH93320854773187", "receiver_account": "ITUW94328852809457", "amount": 2771.03, "currency": "USD", "type": "NORMAL"}
{"transaction_id": "242b79cf-2994-4ee4-9469-a250f5f2edce", "timestamp": "2026-08-22T14:20:21.826729", "sender_account": "WCLE91496399180753", "receiver_account": "FLWW48003862994101", "amount": 604.7, "currency": "USD", "type": "NORMAL"}
{"transaction_id": "a302ecca-6aa2-4a0b-a461-44a273cd9d0d", "timestamp": "2026-08-22T14:20:22.827838", "sender_account": "KNAU16349393570336", "receiver_account": "QTXV40623378585875", "amount": 715.39, "currency": "USD", "type": "NORMAL"}
{"transaction_id": "dac95792-b260-4b46-9756-a783a10d870f", "timestamp": "2026-08-22T14:20:23.828893", "sender_account": "WIYV91633626744584", "receiver_account": "BMWQ07401602650724", "amount": 741.74, "currency": "USD", "type": "NORMAL"}
{"transaction_id": "eb7cd229-aa28-4463-abf6-baf1ab30d305", "timestamp": "2026-08-22T14:20:24.829977", "sender_account": "UQUO78118349294482", "receiver_account": "EJZC41691668687807", "amount": 453.85, "currency": "USD", "type": "NORMAL"}
{"transaction_id": "5f8de7c7-b296-4ff4-95db-42617b6d064f", "timestamp": "2026-08-22T14:20:25.830747", "sender_account": "GKOO36379143283440", "receiver_account": "VPQE19399427637466", "amount": 9900.0, "currency": "USD", "type": "FRAUD_PLACEMENT"}
{"transaction_id": "7c22dda1-f2d3-43a3-b14a-acb2b1b71ba1", "timestamp": "2026-08-22T14:20:25.830788", "sender_account": "VPQE19399427637466", "receiver_account": "TKNE95981619733116", "amount": 9900.0, "currency": "USD", "type": "FRAUD_LAYERING"}
{"transaction_id": "52509a2d-99d1-4406-841d-49f6ce690d98", "timestamp": "2026-08-22T14:20:26.832054", "sender_account": "GKOO36379143283440", "receiver_account": "OBST45783212332050", "amount": 9900.0, "currency": "USD", "type": "FRAUD_PLACEMENT"}
{"transaction_id": "52f2c7e9-86b2-4929-9786-c98d7c3f825d", "timestamp": "2026-08-22T14:20:26.832112", "sender_account": "OBST45783212332050", "receiver_account": "TKNE95981619733116", "amount": 9900.0, "currency": "USD", "type": "FRAUD_LAYERING"}
{"transaction_id": "70b3dcc0-7241-467c-ba46-71f6635dd224", "timestamp": "2026-08-22T14:20:27.833380", "sender_account": "EUPF21042455172540", "receiver_account": "YFVA16193788759614", "amount": 189.44, "currency": "USD", "type": "NORMAL"}
{"transaction_id": "fd339d4c-4b25-418a-b0a0-6b9a8b52f9aa", "timestamp": "2026-08-22T14:20:28.834357", "sender_account": "OBST45783212332050", "receiver_account": "UQUO78118349294482", "amount": 4857.63, "currency": "USD", "type": "NORMAL"}
{"transaction_id": "8af55020-c551-48d7-9fb6-f68fd3223235", "timestamp": "2026-08-22T14:20:29.835233", "sender_account": "FLWW48003862994101", "receiver_account": "ONTE15993666350518", "amount": 3360.89, "currency": "USD", "type": "NORMAL"}
{"transaction_id": "af0e3780-57cf-439c-9f10-aeb526e48d83", "timestamp": "2026-08-22T14:20:30.836239", "sender_account": "EUPF21042455172540", "receiver_account": "ZGYE32529717670955", "amount": 2420.4, "currency": "USD", "type": "NORMAL"}
{"transaction_id": "a0becccc-20db-4883-b233-dd073ffd66e7", "timestamp": "2026-08-22T14:20:31.837074", "sender_account": "YRYY89437144222231", "receiver_account": "PALM16133745049607", "amount": 1530.83, "currency": "USD", "type": "NORMAL"}
{"transaction_id": "7f7e47cd-f02b-472c-bcb6-506620326c8b", "timestamp": "2026-08-22T14:20:32.837768", "sender_account": "YIRQ99574502470842", "receiver_account": "ZMWS54714289381237", "amount": 3577.19, "currency": "USD", "type": "NORMAL"}
{"transaction_id": "ecef1e3c-6333-400a-b3e8-e5d45b2a6906", "timestamp": "2026-08-22T14:20:33.838852", "sender_account": "UJCK66397862919111", "receiver_account": "BOQG09638950855355", "amount": 4207.19, "currency": "USD", "type": "NORMAL"}
{"transaction_id": "38edd1a7-fb29-4eeb-aff9-ac12684dbefd", "timestamp": "2026-08-22T14:20:34.839975", "sender_account": "QOSV59129264416433", "receiver_account": "OONT57623890878105", "amount": 580.69, "currency": "USD", "type": "NORMAL"}
{"transaction_id": "a5aeca6b-02e6-4aee-ae0f-65a7fc6ad732", "timestamp": "2026-08-22T14:20:35.840916", "sender_account": "YRYY89437144222231", "receiver_account": "FOBA45363711762614", "amount": 3149.89, "currency": "USD", "type": "NORMAL"}
{"transaction_id": "9e02475d-c9e9-40b5-b800-172f83b9c2a5", "timestamp": "2026-08-22T14:20:36.841844", "sender_account": "BLTT28136406266695", "receiver_account": "GIBZ40473797020174", "amount": 9900.0, "currency": "USD", "type": "FRAUD_PLACEMENT"}
{"transaction_id": "e6ca19ff-ff9c-4173-8eaf-f860ca922a10", "timestamp": "2026-08-22T14:20:36.841885", "sender_account": "GIBZ40473797020174", "receiver_account": "TKNE95981619733116", "amount": 9900.0, "currency": "USD", "type": "FRAUD_LAYERING"}
{"transaction_id": "55d1d6dd-d427-46eb-9e70-9990a3817c12", "timestamp": "2026-08-22T14:20:37.843107", "sender_account": "UOIY52992373188750", "receiver_account": "OBST45783212332050", "amount": 9900.0, "currency": "USD", "type": "FRAUD_PLACEMENT"}
{"transaction_id": "14d86ab6-93c5-4337-8bd7-d74f68e78c20", "timestamp": "2026-08-22T14:20:37.843143", "sender_account": "OBST45783212332050", "receiver_account": "TKNE95981619733116", "amount": 9900.0, "currency": "USD", "type": "FRAUD_LAYERING"}
{"transaction_id": "85d8cf4b-5f14-4df8-83a2-5c25d3cfb1c7", "timestamp": "2026-08-22T14:20:38.844016", "sender_account": "GIBZ40473797020174", "receiver_account": "IQWF66011720786197", "amount": 2752.66, "currency": "USD", "type": "NORMAL"}
{"transaction_id": "968cac48-076e-4f1f-ab98-db9a1151f824", "timestamp": "2026-08-22T14:20:39.845053", "sender_account": "ZBAV57583531826293", "receiver_account": "GIBZ40473797020174", "amount": 9900.0, "currency": "USD", "type": "FRAUD_PLACEMENT"}
{"transaction_id": "7f18f73f-9ddd-4774-b28d-327ee224ce95", "timestamp": "2026-08-22T14:20:39.845097", "sender_account": "GIBZ40473797020174", "receiver_account": "TKNE95981619733116", "amount": 9900.0, "currency": "USD", "type": "FRAUD_LAYERING"}
{"transaction_id": "165743fc-bc12-4deb-b6e5-07d7b2fa1692", "timestamp": "2026-08-22T14:20:40.846463", "sender_account": "OBST45783212332050", "receiver_account": "ZMWS54714289381237", "amount": 185.11, "currency": "USD", "type": "NORMAL"}
{"transaction_id": "89425e63-3216-46c7-9073-393eebfd8dd9", "timestamp": "2026-08-22T14:20:41.847451", "sender_account": "YHPD62845950258653", "receiver_account": "VNZI08329609359985", "amount": 2126.73, "currency": "USD", "type": "NORMAL"}
{"transaction_id": "44070e75-40ca-4b56-8add-bf2fbc98eca6", "timestamp": "2026-08-22T14:20:42.848847", "sender_account": "UIUQ30880043964264", "receiver_account": "ITUW94328852809457", "amount": 4771.58, "currency": "USD", "type": "NORMAL"}
{"transaction_id": "900efbe8-32e1-4425-a843-dd992fb46282", "timestamp": "2026-08-22T14:20:43.849552", "sender_account": "YHPD62845950258653", "receiver_account": "OXKV10606491971240", "amount": 4031.85, "currency": "USD", "type": "NORMAL"}
{"transaction_id": "8e35c9e3-1246-4188-a855-530ab85f81ce", "timestamp": "2026-08-22T14:20:44.850418", "sender_account": "ONTE15993666350518", "receiver_account": "GIBZ40473797020174", "amount": 9900.0, "currency": "USD", "type": "FRAUD_PLACEMENT"}
{"transaction_id": "bd52dcfd-bf83-454a-b455-d4766ef8035d", "timestamp": "2026-08-22T14:20:44.850461", "sender_account": "GIBZ40473797020174", "receiver_account": "TKNE95981619733116", "amount": 9900.0, "currency": "USD", "type": "FRAUD_LAYERING"}
{"transaction_id": "01a029a5-4505-4c99-810c-4382dfd9c2fe", "timestamp": "2026-08-22T14:20:45.851742", "sender_account": "MREZ94532505100354", "receiver_account": "HNVF64891754144366", "amount": 1531.73, "currency": "USD", "type": "NORMAL"}
{"transaction_id": "faf70a4e-37aa-4de3-b1fa-942f9c6dc141", "timestamp": "2026-08-22T14:20:46.852535", "sender_account": "ZMWS54714289381237", "receiver_account": "OCPV45827561184835", "amount": 3562.58, "currency": "USD", "type": "NORMAL"}
{"transaction_id": "a8a0b33e-7a0c-4361-b5b6-29064a980dc2", "timestamp": "2026-08-22T14:20:47.853568", "sender_account": "ZWCH93320854773187", "receiver_account": "HQYC61658237444874", "amount": 1186.69, "currency": "USD", "type": "NORMAL"}
{"transaction_id": "89d25e45-3e2d-4504-8bc6-55fae4370375", "timestamp": "2026-08-22T14:20:48.854288", "sender_account": "XMJK82504694562095", "receiver_account": "OBST45783212332050", "amount": 2886.19, "currency": "USD", "type": "NORMAL"}
{"transaction_id": "593732e7-c166-46e4-9253-7c4938872dce", "timestamp": "2026-08-22T14:20:49.855034", "sender_account": "ECDH75774390227986", "receiver_account": "CWAH81262579423819", "amount": 4003.3, "currency": "USD", "type": "NORMAL"}
{"transaction_id": "3986dd0d-6694-415a-964b-e2aa9a960d85", "timestamp": "2026-08-22T14:20:50.856117", "sender_account": "MPYG47417771988920", "receiver_account": "EMXL67993602576108", "amount": 480.75, "currency": "USD", "type": "NORMAL"}
{"transaction_id": "eccdc6ee-6c8e-44d9-b328-e31ff30cf0f5", "timestamp": "2026-08-22T14:20:51.857552", "sender_account": "REUU89703871611287", "receiver_account": "OBST45783212332050", "amount": 9900.0, "currency": "USD", "type": "FRAUD_PLACEMENT"}
{"transaction_id": "8431b45e-5a26-4497-92af-f658aa0bc144", "timestamp": "2026-08-22T14:20:51.857595", "sender_account": "OBST45783212332050", "receiver_account": "TKNE95981619733116", "amount": 9900.0, "currency": "USD", "type": "FRAUD_LAYERING"}
{"transaction_id": "a58efb4b-ed9e-4462-8626-8dad3533d495", "timestamp": "2026-08-22T14:20:53.858700", "sender_account": "ZADP42098975580841", "receiver_account": "GIBZ40473797020174", "amount": 9900.0, "currency": "USD", "type": "FRAUD_PLACEMENT"}
{"transaction_id": "05829d30-6da1-4f48-bf66-1298f08f0722", "timestamp": "2026-08-22T14:20:53.858745", "sender_account": "GIBZ40473797020174", "receiver_account": "TKNE95981619733116", "amount": 9900.0, "currency": "USD", "type": "FRAUD_LAYERING"}
{"transaction_id": "7f15a840-6b9d-402b-a8b2-e768782e46cc", "timestamp": "2026-08-22T14:20:54.859923", "sender_account": "OXKV10606491971240", "receiver_account": "ONTE15993666350518", "amount": 3691.86, "currency": "USD", "type": "NORMAL"}
{"transaction_id": "f2e2878c-4c31-45cc-9f86-e8b245a43c4a", "timestamp": "2026-08-22T14:20:55.860587", "sender_account": "MFRJ31603040538232", "receiver_account": "SNQR02825333527062", "amount": 1269.2, "currency": "USD", "type": "NORMAL"}
{"transaction_id": "a8d7e7c7-d0f1-4ca4-9c8f-0e5bf0fd0ce0", "timestamp": "2026-08-22T14:20:56.861844", "sender_account": "JRIS76694227569281", "receiver_account": "XMJK82504694562095", "amount": 4464.56, "currency": "USD", "type": "NORMAL"}
{"transaction_id": "e3525632-4e53-43ab-9da1-65d74f5c583c", "timestamp": "2026-08-22T14:20:57.863427", "sender_account": "BMWQ07401602650724", "receiver_account": "KNAU16349393570336", "amount": 712.76, "currency": "USD", "type": "NORMAL"}
{"transaction_id": "3df59bc1-1e8e-4d10-aee1-55baa4660daf", "timestamp": "2026-08-22T14:20:58.864424", "sender_account": "MGQC27256683991625", "receiver_account": "YRYY89437144222231", "amount": 638.28, "currency": "USD", "type": "NORMAL"}
{"transaction_id": "31114385-4793-44dc-a41e-274b47da2ab6", "timestamp": "2026-08-22T14:20:59.865374", "sender_account": "VALP74928055025578", "receiver_account": "TKCO15830034158606", "amount": 3644.64, "currency": "USD", "type": "NORMAL"}
{"transaction_id": "46bd94fe-11d5-4c30-9588-0ae736c74e4c", "timestamp": "2026-08-22T14:21:00.866084", "sender_account": "QTXV40623378585875", "receiver_account": "EJZC41691668687807", "amount": 1587.46, "currency": "USD", "type": "NORMAL"}
{"transaction_id": "d7bc76c4-9cca-4160-8bd2-f2c326290a58", "timestamp": "2026-08-22T14:21:01.867423", "sender_account": "RZVP21155505850037", "receiver_account": "GIBZ40473797020174", "amount": 9900.0, "currency": "USD", "type": "FRAUD_PLACEMENT"}
{"transaction_id": "e74c9112-b1ed-48f3-8b6e-5a4a9fb2f09a", "timestamp": "2026-08-22T14:21:01.867463", "sender_account": "GIBZ40473797020174", "receiver_account": "TKNE95981619733116", "amount": 9900.0, "currency": "USD", "type": "FRAUD_LAYERING"}
{"transaction_id": "317a3751-bec4-4447-a3a7-d67c10284e56", "timestamp": "2026-08-22T14:21:02.868390", "sender_account": "ECDH75774390227986", "receiver_account": "OBST45783212332050", "amount": 9900.0, "currency": "USD", "type": "FRAUD_PLACEMENT"}
{"transaction_id": "d92f6d8c-f2b8-45a5-ac77-be689490a226", "timestamp": "2026-08-22T14:21:02.868428", "sender_account": "OBST45783212332050", "receiver_account": "TKNE95981619733116", "amount": 9900.0, "currency": "USD", "type": "FRAUD_LAYERING"}
{"transaction_id": "8bb20502-3545-4b1c-9457-30c8d138460f", "timestamp": "2026-08-22T14:21:03.869073", "sender_account": "FOKF83913028698195", "receiver_account": "OBST45783212332050", "amount": 9900.0, "currency": "USD", "type": "FRAUD_PLACEMENT"}
{"transaction_id": "ca231819-99fb-4c04-9ca7-cc03cc02eae0", "timestamp": "2026-08-22T14:21:03.869116", "sender_account": "OBST45783212332050", "receiver_account": "TKNE95981619733116", "amount": 9900.0, "currency": "USD", "type": "FRAUD_LAYERING"}
{"transaction_id": "6f1b9fbf-96c9-4e0d-bfde-6433fa1d735e", "timestamp": "2026-08-22T14:21:04.870321", "sender_account": "ZFKA83364609539681", "receiver_account": "HBOW30753169678897", "amount": 861.99, "currency": "USD", "type": "NORMAL"}
{"transaction_id": "89aedd02-0713-4980-accb-3c460a7113d5", "timestamp": "2026-08-22T14:21:05.871206", "sender_account": "UOIY52992373188750", "receiver_account": "BMWQ07401602650724", "amount": 9900.0, "currency": "USD", "type": "FRAUD_PLACEMENT"}
{"transaction_id": "683e94b2-8e0f-4d5e-bee9-45e11a1bfaff", "timestamp": "2026-08-22T14:21:05.871242", "sender_account": "BMWQ07401602650724", "receiver_account": "TKNE95981619733116", "amount": 9900.0, "currency": "USD", "type": "FRAUD_LAYERING"}
{"transaction_id": "6c48168f-0d00-45a1-a233-64570937b1f9", "timestamp": "2026-08-22T14:21:06.872105", "sender_account": "ITUW94328852809457", "receiver_account": "GLIT62311059003233", "amount": 4598.89, "currency": "USD", "type": "NORMAL"}
{"transaction_id": "4e318bef-3f42-4576-bd4b-041776b00a84", "timestamp": "2026-08-22T14:21:07.872785", "sender_account": "MGQC27256683991625", "receiver_account": "XMJK82504694562095", "amount": 3265.1, "currency": "USD", "type": "NORMAL"}
{"transaction_id": "fb410b27-37d0-4587-ac47-c93668b6de7d", "timestamp": "2026-08-22T14:21:08.873492", "sender_account": "REUU89703871611287", "receiver_account": "TYZA12395659119598", "amount": 9900.0, "currency": "USD", "type": "FRAUD_PLACEMENT"}
{"transaction_id": "64b277f5-8ade-42d4-a0c3-5496ea7d36cf", "timestamp": "2026-08-22T14:21:08.873532", "sender_account": "TYZA12395659119598", "receiver_account": "TKNE95981619733116", "amount": 9900.0, "currency": "USD", "type": "FRAUD_LAYERING"}
{"transaction_id": "dceadc58-0dd0-45b2-8420-4b249e5ccd85", "timestamp": "2026-08-22T14:21:09.874434", "sender_account": "GKOO36379143283440", "receiver_account": "GIBZ40473797020174", "amount": 9900.0, "currency": "USD", "type": "FRAUD_PLACEMENT"}
{"transaction_id": "6efceab6-0ebd-4b4f-a576-9d65fe51d04e", "timestamp": "2026-08-22T14:21:09.874476", "sender_account": "GIBZ40473797020174", "receiver_account": "TKNE95981619733116", "amount": 9900.0, "currency": "USD", "type": "FRAUD_LAYERING"}
{"transaction_id": "03fde978-dd53-4756-bf7e-da319b2d985f", "timestamp": "2026-08-22T14:21:10.875779", "sender_account": "TYUO44513722171270", "receiver_account": "BARZ06398633576495", "amount": 761.16, "currency": "USD", "type": "NORMAL"}
{"transaction_id": "4a4f912a-dd8a-4502-a97a-d36ab0e91717", "timestamp": "2026-08-22T14:21:11.876530", "sender_account": "GLIT62311059003233", "receiver_account": "XMJK82504694562095", "amount": 4846.22, "currency": "USD", "type": "NORMAL"}
{"transaction_id": "ccbe3e2d-d0cd-4c09-8163-45a0478f963b", "timestamp": "2026-08-22T14:21:12.877287", "sender_account": "EJZC41691668687807", "receiver_account": "EUPF21042455172540", "amount": 1742.95, "currency": "USD", "type": "NORMAL"}
{"transaction_id": "736106de-49ef-4c69-896c-10b9cec93d0d", "timestamp": "2026-08-22T14:21:13.878319", "sender_account": "ZWCH93320854773187", "receiver_account": "VPQE19399427637466", "amount": 9900.0, "currency": "USD", "type": "FRAUD_PLACEMENT"}
{"transaction_id": "15e798dd-da11-4ffd-a161-dec8c519fec5", "timestamp": "2026-08-22T14:21:13.878354", "sender_account": "VPQE19399427637466", "receiver_account": "TKNE95981619733116", "amount": 9900.0, "currency": "USD", "type": "FRAUD_LAYERING"}
{"transaction_id": "4c7aad85-7a3e-4069-ad61-8d1e524b4dd5", "timestamp": "2026-08-22T14:21:14.879203", "sender_account": "JRIS76694227569281", "receiver_account": "HQYC61658237444874", "amount": 3105.23, "currency": "USD", "type": "NORMAL"}
{"transaction_id": "cdc37634-db24-42c9-bb48-d8ec474e9f49", "timestamp": "2026-08-22T14:21:15.880041", "sender_account": "BWKA78710027600682", "receiver_account": "EUPF21042455172540", "amount": 1464.04, "currency": "USD", "type": "NORMAL"}
{"transaction_id": "01f7cc35-616f-4ab9-b533-9ab56315d361", "timestamp": "2026-08-22T14:21:16.880738", "sender_account": "ZBAV57583531826293", "receiver_account": "OBST45783212332050", "amount": 9900.0, "currency": "USD", "type": "FRAUD_PLACEMENT"}
{"transaction_id": "f7f8a3fb-77a5-4b3f-9aeb-07808b1be0f2", "timestamp": "2026-08-22T14:21:16.880778", "sender_account": "OBST45783212332050", "receiver_account": "TKNE95981619733116", "amount": 9900.0, "currency": "USD", "type": "FRAUD_LAYERING"}
{"transaction_id": "957fbf19-c820-4931-ba0a-36a9f89cb509", "timestamp": "2026-08-22T14:21:17.882079", "sender_account": "DRXV24124034784149", "receiver_account": "OCPV45827561184835", "amount": 4726.12, "currency": "USD", "type": "NORMAL"}
{"transaction_id": "289ac28e-b3c2-4c46-878f-2909cf60840f", "timestamp": "2026-08-22T14:21:18.882780", "sender_account": "EMXL67993602576108", "receiver_account": "JRIS76694227569281", "amount": 4188.39, "currency": "USD", "type": "NORMAL"}
{"transaction_id": "df41f3cf-fecc-4cfd-9e37-c2c7b491eca4", "timestamp": "2026-08-22T14:21:19.883855", "sender_account": "GLIT62311059003233", "receiver_account": "VNZI08329609359985", "amount": 4762.27, "currency": "USD", "type": "NORMAL"}
{"transaction_id": "3d92dccc-bfd8-471b-b2b7-8e85fe29433c", "timestamp": "2026-08-22T14:21:20.884626", "sender_account": "ONTE15993666350518", "receiver_account": "OBST45783212332050", "amount": 9900.0, "currency": "USD", "type": "FRAUD_PLACEMENT"}
{"transaction_id": "07ebb834-9218-47cf-86de-04082d70a4e2", "timestamp": "2026-08-22T14:21:20.884670", "sender_account": "OBST45783212332050", "receiver_account": "TKNE95981619733116", "amount": 9900.0, "currency": "USD", "type": "FRAUD_LAYERING"}
{"transaction_id": "5f573513-d068-467b-9eaa-a38fdedf9f36", "timestamp": "2026-08-22T14:21:21.885938", "sender_account": "POPI60802500302561", "receiver_account": "TYZA12395659119598", "amount": 9900.0, "currency": "USD", "type": "FRAUD_PLACEMENT"}
{"transaction_id": "0a6f9582-c76a-4d72-a4c7-de3cb28878d0", "timestamp": "2026-08-22T14:21:21.885976", "sender_account": "TYZA12395659119598", "receiver_account": "TKNE95981619733116", "amount": 9900.0, "currency": "USD", "type": "FRAUD_LAYERING"}
{"transaction_id": "cc139b4f-98a1-466d-ac03-69535d543579", "timestamp": "2026-08-22T14:21:22.887282", "sender_account": "HQYC61658237444874", "receiver_account": "NRLN08377251537949", "amount": 661.93, "currency": "USD", "type": "NORMAL"}
{"transaction_id": "39c383ad-6e3c-4db3-ad15-b87891252c21", "timestamp": "2026-08-22T14:21:23.888293", "sender_account": "OBST45783212332050", "receiver_account": "ZRSL02416594373530", "amount": 2391.5, "currency": "USD", "type": "NORMAL"}
{"transaction_id": "9cfe03ad-9218-40f3-8b81-105f45067aa4", "timestamp": "2026-08-22T14:21:24.889195", "sender_account": "BLTT28136406266695", "receiver_account": "VPQE19399427637466", "amount": 2412.96, "currency": "USD", "type": "NORMAL"}
{"transaction_id": "09b16a37-1601-40e6-8d6f-8c62e05663c1", "timestamp": "2026-08-22T14:21:25.890027", "sender_account": "GLIT62311059003233", "receiver_account": "NORJ47127315571079", "amount": 4314.9, "currency": "USD", "type": "NORMAL"}
{"transaction_id": "72eac49b-96f3-48cd-8962-d6e88351577a", "timestamp": "2026-08-22T14:21:26.891162", "sender_account": "TYZA12395659119598", "receiver_account": "UQUO78118349294482", "amount": 4805.38, "currency": "USD", "type": "NORMAL"}
{"transaction_id": "82e61413-2d91-4d09-81b4-65a0dae9d2b4", "timestamp": "2026-08-22T14:21:27.892338", "sender_account": "ZGYE32529717670955", "receiver_account": "MGQC27256683991625", "amount": 2998.44, "currency": "USD", "type": "NORMAL"}
{"transaction_id": "a2a912c4-3f5b-4f88-b896-2a1ca5f81258", "timestamp": "2026-08-22T14:21:28.893468", "sender_account": "ZVIU98542550975060", "receiver_account": "MFRJ31603040538232", "amount": 393.6, "currency": "USD", "type": "NORMAL"}
{"transaction_id": "277bc5f4-e18c-4e24-a59d-93ae4f18ca20", "timestamp": "2026-08-22T14:21:29.894289", "sender_account": "WCLE91496399180753", "receiver_account": "ZBAV57583531826293", "amount": 3004.16, "currency": "USD", "type": "NORMAL"}
{"transaction_id": "5c80faad-09fc-447e-a984-4333629f91fa", "timestamp": "2026-08-22T14:21:30.895425", "sender_account": "BATQ26066122589537", "receiver_account": "JQKJ34058795741041", "amount": 2366.36, "currency": "USD", "type": "NORMAL"}
{"transaction_id": "c4715213-2d5f-42c2-aed5-c4fc8162943d", "timestamp": "2026-08-22T14:21:31.896690", "sender_account": "VNZI08329609359985", "receiver_account": "DGWO81624487946464", "amount": 3703.76, "currency": "USD", "type": "NORMAL"}
{"transaction_id": "20725b95-936b-4519-8081-566dd0eeec89", "timestamp": "2026-08-22T14:21:32.897347", "sender_account": "POPI60802500302561", "receiver_account": "GIBZ40473797020174", "amount": 9900.0, "currency": "USD", "type": "FRAUD_PLACEMENT"}
{"transaction_id": "38b33998-0006-4045-ad36-07584db17c06", "timestamp": "2026-08-22T14:21:32.897389", "sender_account": "GIBZ40473797020174", "receiver_account": "TKNE95981619733116", "amount": 9900.0, "currency": "USD", "type": "FRAUD_LAYERING"}
{"transaction_id": "0d827eb3-1354-4d21-9ea1-fe5413d49d09", "timestamp": "2026-08-22T14:21:33.922837", "sender_account": "IFXC26846099455699", "receiver_account": "FLWW48003862994101", "amount": 634.42, "currency": "USD", "type": "NORMAL"}
{"transaction_id": "5dbb5a52-e846-4b20-aa6a-56e905adf323", "timestamp": "2026-08-22T14:21:34.924707", "sender_account": "JHOE55271525311673", "receiver_account": "IFXC26846099455699", "amount": 4178.46, "currency": "USD", "type": "NORMAL"}
{"transaction_id": "46ae6d1c-4050-4358-9f6f-9b966d327117", "timestamp": "2026-08-22T14:21:35.926759", "sender_account": "YIRQ99574502470842", "receiver_account": "BMWQ07401602650724", "amount": 9900.0, "currency": "USD", "type": "FRAUD_PLACEMENT"}
{"transaction_id": "54c8cf44-286e-4273-b596-c825d8eaeebc", "timestamp": "2026-08-22T14:21:35.926800", "sender_account": "BMWQ07401602650724", "receiver_account": "TKNE95981619733116", "amount": 9900.0, "currency": "USD", "type": "FRAUD_LAYERING"}
{"transaction_id": "1020d7ea-d27c-4a7d-936c-9d9fa00ffa7f", "timestamp": "2026-08-22T14:21:36.927987", "sender_account": "ECDH75774390227986", "receiver_account": "TYZA12395659119598", "amount": 9900.0, "currency": "USD", "type": "FRAUD_PLACEMENT"}
{"transaction_id": "31599d4b-8837-48bf-a66b-7925acac713f", "timestamp": "2026-08-22T14:21:36.928031", "sender_account": "TYZA12395659119598", "receiver_account": "TKNE95981619733116", "amount": 9900.0, "currency": "USD", "type": "FRAUD_LAYERING"}
{"transaction_id": "ac231024-a7bc-4f80-8cf8-9953264024d3", "timestamp": "2026-08-22T14:21:37.929111", "sender_account": "KNAU16349393570336", "receiver_account": "FOBA45363711762614", "amount": 3624.94, "currency": "USD", "type": "NORMAL"}
{"transaction_id": "8b470915-a0b4-494e-bae0-b0cdb7b818d4", "timestamp": "2026-08-22T14:21:38.931108", "sender_account": "VALP74928055025578", "receiver_account": "ZBAV57583531826293", "amount": 3276.16, "currency": "USD", "type": "NORMAL"}
{"transaction_id": "7b8a7c60-2de4-47f5-b063-e43c57ff3c64", "timestamp": "2026-08-22T14:21:39.931937", "sender_account": "MLNT98933143420708", "receiver_account": "OBST45783212332050", "amount": 9900.0, "currency": "USD", "type": "FRAUD_PLACEMENT"}
{"transaction_id": "1b2dc306-ee61-4f4c-b588-0b1bce16e9db", "timestamp": "2026-08-22T14:21:39.931972", "sender_account": "OBST45783212332050", "receiver_account": "TKNE95981619733116", "amount": 9900.0, "currency": "USD", "type": "FRAUD_LAYERING"}
{"transaction_id": "1622e755-c200-4c7b-975f-120cd3339452", "timestamp": "2026-08-22T14:21:40.933750", "sender_account": "EMXL67993602576108", "receiver_account": "ZFKA83364609539681", "amount": 4443.41, "currency": "USD", "type": "NORMAL"}
{"transaction_id": "4b310785-b737-4fb9-9f7e-3f376870f0cf", "timestamp": "2026-08-22T14:21:41.934610", "sender_account": "MREZ94532505100354", "receiver_account": "WQIV41315931568868", "amount": 1349.46, "currency": "USD", "type": "NORMAL"}
{"transaction_id": "e59c64fa-50c2-4225-818a-3ff13ba13ffa", "timestamp": "2026-08-22T14:21:42.935909", "sender_account": "KNAU16349393570336", "receiver_account": "HKVV91020206250530", "amount": 746.33, "currency": "USD", "type": "NORMAL"}
{"transaction_id": "fbb71161-1ac9-46f5-80f1-8f0157fc304b", "timestamp": "2026-08-22T14:21:43.936525", "sender_account": "WKTH11946849130998", "receiver_account": "MIJN31964293863181", "amount": 4963.38, "currency": "USD", "type": "NORMAL"}
{"transaction_id": "89ee36af-0238-4014-b1a3-68200e3705b6", "timestamp": "2026-08-22T14:21:44.937425", "sender_account": "GOHX63551834343537", "receiver_account": "ONTE15993666350518", "amount": 1442.67, "currency": "USD", "type": "NORMAL"}
{"transaction_id": "a4096933-87cf-4270-ab2b-cafd38d45d0e", "timestamp": "2026-08-22T14:21:45.938205", "sender_account": "REUU89703871611287", "receiver_account": "OBST45783212332050", "amount": 9900.0, "currency": "USD", "type": "FRAUD_PLACEMENT"}
{"transaction_id": "72a7d4fd-c779-4b04-833d-f665754d9814", "timestamp": "2026-08-22T14:21:45.938255", "sender_account": "OBST45783212332050", "receiver_account": "TKNE95981619733116", "amount": 9900.0, "currency": "USD", "type": "FRAUD_LAYERING"}
{"transaction_id": "1441cf99-8ee3-4ef8-adee-3247550d97d6", "timestamp": "2026-08-22T14:21:46.939248", "sender_account": "EJZC41691668687807", "receiver_account": "CDPO86269475852321", "amount": 1755.18, "currency": "USD", "type": "NORMAL"}
{"transaction_id": "94f20c54-1baa-46b3-a7a6-f74e8303f944", "timestamp": "2026-08-22T14:21:47.940078", "sender_account": "VNZI08329609359985", "receiver_account": "ONTE15993666350518", "amount": 2760.52, "currency": "USD", "type": "NORMAL"}
{"transaction_id": "873b6821-03d1-4732-9152-953777537a9f", "timestamp": "2026-08-22T14:21:48.941233", "sender_account": "ZFKA83364609539681", "receiver_account": "HQYC61658237444874", "amount": 2772.79, "currency": "USD", "type": "NORMAL"}
{"transaction_id": "c49f4317-2c2f-4b68-af15-f6851654c83f", "timestamp": "2026-08-22T14:21:49.942075", "sender_account": "JHOE55271525311673", "receiver_account": "WQIV41315931568868", "amount": 288.09, "currency": "USD", "type": "NORMAL"}
{"transaction_id": "a9d7dfca-77b6-4acf-9577-14d08ab2f6bc", "timestamp": "2026-08-22T14:21:50.943096", "sender_account": "VPQE19399427637466", "receiver_account": "WQIV41315931568868", "amount": 2898.03, "currency": "USD", "type": "NORMAL"}
{"transaction_id": "99f02880-3584-4868-898e-0a6b50d7f4ef", "timestamp": "2026-08-22T14:21:51.943903", "sender_account": "KOVQ87848311751921", "receiver_account": "MIJN31964293863181", "amount": 3487.76, "currency": "USD", "type": "NORMAL"}
{"transaction_id": "673267bd-b252-4f6e-b4a5-78b62eb1b8bc", "timestamp": "2026-08-22T14:21:52.944768", "sender_account": "RZVP21155505850037", "receiver_account": "TYZA12395659119598", "amount": 9900.0, "currency": "USD", "type": "FRAUD_PLACEMENT"}
{"transaction_id": "de7db0fc-f777-4476-9ba8-47d2052bee22", "timestamp": "2026-08-22T14:21:52.944807", "sender_account": "TYZA12395659119598", "receiver_account": "TKNE95981619733116", "amount": 9900.0, "currency": "USD", "type": "FRAUD_LAYERING"}
{"transaction_id": "9345af13-0c45-42ef-919b-452a117c7ade", "timestamp": "2026-08-22T14:21:53.945938", "sender_account": "EUPF21042455172540", "receiver_account": "BMWQ07401602650724", "amount": 9900.0, "currency": "USD", "type": "FRAUD_PLACEMENT"}
{"transaction_id": "8e753f65-9f5e-408e-a4b2-1195e007d00f", "timestamp": "2026-08-22T14:21:53.946059", "sender_account": "BMWQ07401602650724", "receiver_account": "TKNE95981619733116", "amount": 9900.0, "currency": "USD", "type": "FRAUD_LAYERING"}
{"transaction_id": "5dcc17d1-5991-4646-bacf-30fc15233649", "timestamp": "2026-08-22T14:21:54.947512", "sender_account": "QNGB06866193861206", "receiver_account": "MLNT98933143420708", "amount": 4046.54, "currency": "USD", "type": "NORMAL"}
{"transaction_id": "6fe1d7f3-c6ea-4a15-ae84-6d6e266bdef0", "timestamp": "2026-08-22T14:21:55.948233", "sender_account": "ONTE15993666350518", "receiver_account": "TKCO15830034158606", "amount": 2417.67, "currency": "USD", "type": "NORMAL"}
{"transaction_id": "9e28297c-2ac0-4720-a7d8-8b315cd8ed01", "timestamp": "2026-08-22T14:21:56.948897", "sender_account": "WQIV41315931568868", "receiver_account": "MGQC27256683991625", "amount": 1095.85, "currency": "USD", "type": "NORMAL"}
{"transaction_id": "ad566f17-4361-4e18-8192-97881919778e", "timestamp": "2026-08-22T14:21:57.949616", "sender_account": "ZBAV57583531826293", "receiver_account": "BTCE30031727194183", "amount": 4677.49, "currency": "USD", "type": "NORMAL"}
{"transaction_id": "73d7ceeb-e6e5-4df3-bd6e-410a216196f8", "timestamp": "2026-08-22T14:21:58.950443", "sender_account": "ECDH75774390227986", "receiver_account": "VPQE19399427637466", "amount": 9900.0, "currency": "USD", "type": "FRAUD_PLACEMENT"}
{"transaction_id": "f881a057-a32d-4939-90a6-ac2637b2f8ff", "timestamp": "2026-08-22T14:21:58.950505", "sender_account": "VPQE19399427637466", "receiver_account": "TKNE95981619733116", "amount": 9900.0, "currency": "USD", "type": "FRAUD_LAYERING"}
{"transaction_id": "6c08e66f-c8b5-47da-aa1b-58a5ee468e99", "timestamp": "2026-08-22T14:21:59.952006", "sender_account": "TYZA12395659119598", "receiver_account": "JRIS76694227569281", "amount": 1092.7, "currency": "USD", "type": "NORMAL"}
{"transaction_id": "81f78896-e74c-4036-a9bf-6d8a7a41c0fe", "timestamp": "2026-08-22T14:22:00.952670", "sender_account": "YIRQ99574502470842", "receiver_account": "OBST45783212332050", "amount": 9900.0, "currency": "USD", "type": "FRAUD_PLACEMENT"}
{"transaction_id": "32f44133-cb64-470d-b450-a3e2dc09a5be", "timestamp": "2026-08-22T14:22:00.952705", "sender_account": "OBST45783212332050", "receiver_account": "TKNE95981619733116", "amount": 9900.0, "currency": "USD", "type": "FRAUD_LAYERING"}
{"transaction_id": "c2b89ba8-7d4d-45da-a21d-ff41ec53006e", "timestamp": "2026-08-22T14:22:01.953767", "sender_account": "SNQR02825333527062", "receiver_account": "TYZA12395659119598", "amount": 9900.0, "currency": "USD", "type": "FRAUD_PLACEMENT"}
{"transaction_id": "968a74d2-6f0a-4464-b629-3edd256bc17c", "timestamp": "2026-08-22T14:22:01.953803", "sender_account": "TYZA12395659119598", "receiver_account": "TKNE95981619733116", "amount": 9900.0, "currency": "USD", "type": "FRAUD_LAYERING"}
{"transaction_id": "ec51b510-e1ad-468b-b170-36981d53d281", "timestamp": "2026-08-22T14:22:02.954683", "sender_account": "RZVP21155505850037", "receiver_account": "VPQE19399427637466", "amount": 9900.0, "currency": "USD", "type": "FRAUD_PLACEMENT"}
{"transaction_id": "a1e49e03-879e-449f-bf83-a680cbcbe4ec", "timestamp": "2026-08-22T14:22:02.954723", "sender_account": "VPQE19399427637466", "receiver_account": "TKNE95981619733116", "amount": 9900.0, "currency": "USD", "type": "FRAUD_LAYERING"}
{"transaction_id": "62930b95-d9cf-4654-b46b-31ff9419bbab", "timestamp": "2026-08-22T14:22:03.955420", "sender_account": "JHOE55271525311673", "receiver_account": "JRIS76694227569281", "amount": 4315.21, "currency": "USD", "type": "NORMAL"}
{"transaction_id": "26c01f21-81fa-450f-96b8-2eeadf6b9d6b", "timestamp": "2026-08-22T14:22:04.964258", "sender_account": "ECDH75774390227986", "receiver_account": "FXIM87758079103884", "amount": 1487.36, "currency": "USD", "type": "NORMAL"}
{"transaction_id": "0d934df9-72bd-494a-9ac7-f22b98c8fbf4", "timestamp": "2026-08-22T14:22:05.965077", "sender_account": "JQKJ34058795741041", "receiver_account": "ZGYE32529717670955", "amount": 49.47, "currency": "USD", "type": "NORMAL"}
{"transaction_id": "f51a45ed-5232-442f-9b1c-fb6abb91adc2", "timestamp": "2026-08-22T14:22:06.966118", "sender_account": "KNAU16349393570336", "receiver_account": "MIJN31964293863181", "amount": 1754.73, "currency": "USD", "type": "NORMAL"}
{"transaction_id": "4cded034-fcd8-4a57-af3c-7adad98d21e6", "timestamp": "2026-08-22T14:22:07.966789", "sender_account": "HNVF64891754144366", "receiver_account": "BMWQ07401602650724", "amount": 9900.0, "currency": "USD", "type": "FRAUD_PLACEMENT"}
{"transaction_id": "0d754f90-034a-4bf2-9a94-3bab00e73a38", "timestamp": "2026-08-22T14:22:07.966827", "sender_account": "BMWQ07401602650724", "receiver_account": "TKNE95981619733116", "amount": 9900.0, "currency": "USD", "type": "FRAUD_LAYERING"}
{"transaction_id": "555daa1a-6684-4553-b49c-76f5575b157b", "timestamp": "2026-08-22T14:22:08.967842", "sender_account": "JGKZ81762083124666", "receiver_account": "TKCO15830034158606", "amount": 1222.1, "currency": "USD", "type": "NORMAL"}
{"transaction_id": "6b3a766b-71f9-45bb-8694-f6b9ee34c416", "timestamp": "2026-08-22T14:22:09.969618", "sender_account": "ZGMR58754809663746", "receiver_account": "BARZ06398633576495", "amount": 3887.95, "currency": "USD", "type": "NORMAL"}
{"transaction_id": "329d8838-1730-4010-b483-039a041fab0d", "timestamp": "2026-08-22T14:22:10.970806", "sender_account": "HQYC61658237444874", "receiver_account": "FLWW48003862994101", "amount": 1119.68, "currency": "USD", "type": "NORMAL"}
{"transaction_id": "04e206a1-5248-48ae-81a9-35094987c79f", "timestamp": "2026-08-22T14:22:11.971545", "sender_account": "OXKV10606491971240", "receiver_account": "ZGMR58754809663746", "amount": 3625.74, "currency": "USD", "type": "NORMAL"}
{"transaction_id": "d79a2f48-2a88-4e3e-bee4-4bd482f16c2c", "timestamp": "2026-08-22T14:22:12.972188", "sender_account": "SOBM80491499457608", "receiver_account": "BOQG09638950855355", "amount": 3111.73, "currency": "USD", "type": "NORMAL"}
{"transaction_id": "39744a37-0f91-4e01-8b88-19ca1e02eabc", "timestamp": "2026-08-22T14:22:13.973155", "sender_account": "HKVV91020206250530", "receiver_account": "BMWQ07401602650724", "amount": 1566.13, "currency": "USD", "type": "NORMAL"}
{"transaction_id": "4c438c0b-9acb-40fa-8bf9-c54088d3eb59", "timestamp": "2026-08-22T14:22:14.973907", "sender_account": "JHOE55271525311673", "receiver_account": "EUPF21042455172540", "amount": 2785.21, "currency": "USD", "type": "NORMAL"}
{"transaction_id": "59f5bb1b-35f6-4145-a8f7-b84e75886c63", "timestamp": "2026-08-22T14:22:15.974575", "sender_account": "QNGB06866193861206", "receiver_account": "SNQR02825333527062", "amount": 2255.35, "currency": "USD", "type": "NORMAL"}
{"transaction_id": "4a71f3c4-649d-4f9b-b005-6038e611ba55", "timestamp": "2026-08-22T14:22:16.975527", "sender_account": "TKCO15830034158606", "receiver_account": "MFRJ31603040538232", "amount": 4467.41, "currency": "USD", "type": "NORMAL"}
{"transaction_id": "9cc1158c-3eb3-43a7-b57b-cebc919b21e9", "timestamp": "2026-08-22T14:22:17.976361", "sender_account": "GOHX63551834343537", "receiver_account": "NRLN08377251537949", "amount": 652.36, "currency": "USD", "type": "NORMAL"}
{"transaction_id": "4b9429b8-20b7-471b-88c3-12f5891da248", "timestamp": "2026-08-22T14:22:18.977453", "sender_account": "UIUQ30880043964264", "receiver_account": "MIJN31964293863181", "amount": 2913.87, "currency": "USD", "type": "NORMAL"}
{"transaction_id": "6f06022a-a289-4be4-9bde-6a347c568c7d", "timestamp": "2026-08-22T14:22:19.978591", "sender_account": "ECDH75774390227986", "receiver_account": "ZADP42098975580841", "amount": 3922.73, "currency": "USD", "type": "NORMAL"}
{"transaction_id": "875ea688-f44d-4871-b106-ff2567c144d9", "timestamp": "2026-08-22T14:22:20.979557", "sender_account": "BLTT28136406266695", "receiver_account": "OBST45783212332050", "amount": 9900.0, "currency": "USD", "type": "FRAUD_PLACEMENT"}
{"transaction_id": "fb8f5d93-a0b2-4646-bf14-e989459f994c", "timestamp": "2026-08-22T14:22:20.979591", "sender_account": "OBST45783212332050", "receiver_account": "TKNE95981619733116", "amount": 9900.0, "currency": "USD", "type": "FRAUD_LAYERING"}
{"transaction_id": "7fe23240-0291-49cd-b10e-730a62034a85", "timestamp": "2026-08-22T14:22:21.980603", "sender_account": "UJCK66397862919111", "receiver_account": "UOIY52992373188750", "amount": 921.27, "currency": "USD", "type": "NORMAL"}
{"transaction_id": "1a1fd1d4-3576-40da-8210-7681a8ec8b83", "timestamp": "2026-08-22T14:22:22.981368", "sender_account": "KNAU16349393570336", "receiver_account": "ZWCH93320854773187", "amount": 2302.28, "currency": "USD", "type": "NORMAL"}
{"transaction_id": "32c5c076-b61e-4166-bfa0-777bb4b44753", "timestamp": "2026-08-22T14:22:23.982311", "sender_account": "SOBM80491499457608", "receiver_account": "SNQR02825333527062", "amount": 2681.71, "currency": "USD", "type": "NORMAL"}
{"transaction_id": "e5822656-7836-4075-ae63-48c775c91dff", "timestamp": "2026-08-22T14:22:24.983552", "sender_account": "MREZ94532505100354", "receiver_account": "EMXL67993602576108", "amount": 1232.04, "currency": "USD", "type": "NORMAL"}
{"transaction_id": "cd0c9d1c-5f13-4e34-abec-7c52a5b4a690", "timestamp": "2026-08-22T14:22:25.984309", "sender_account": "HAZZ16939678914701", "receiver_account": "ZRSL02416594373530", "amount": 3764.09, "currency": "USD", "type": "NORMAL"}
{"transaction_id": "6623870f-7096-4388-868d-04eef27761e3", "timestamp": "2026-08-22T14:22:26.985020", "sender_account": "HNVF64891754144366", "receiver_account": "VPQE19399427637466", "amount": 9900.0, "currency": "USD", "type": "FRAUD_PLACEMENT"}
{"transaction_id": "c4802cc1-0981-4e8f-ad83-e5b4b64b4d87", "timestamp": "2026-08-22T14:22:26.985059", "sender_account": "VPQE19399427637466", "receiver_account": "TKNE95981619733116", "amount": 9900.0, "currency": "USD", "type": "FRAUD_LAYERING"}
{"transaction_id": "a54a906e-d653-45cc-ab99-068c6d9e1ba8", "timestamp": "2026-08-22T14:22:27.986272", "sender_account": "ONTE15993666350518", "receiver_account": "ECDH75774390227986", "amount": 4540.98, "currency": "USD", "type": "NORMAL"}
{"transaction_id": "72b4d452-30d2-44a4-916a-a0417da7a663", "timestamp": "2026-08-22T14:22:28.987799", "sender_account": "ZBAV57583531826293", "receiver_account": "VPQE19399427637466", "amount": 9900.0, "currency": "USD", "type": "FRAUD_PLACEMENT"}
{"transaction_id": "96ea7c0d-3cf2-4e13-b15b-983eb447aecd", "timestamp": "2026-08-22T14:22:28.987843", "sender_account": "VPQE19399427637466", "receiver_account": "TKNE95981619733116", "amount": 9900.0, "currency": "USD", "type": "FRAUD_LAYERING"}
{"transaction_id": "5eca2e26-cb48-4c4c-8491-19c2ead963c0", "timestamp": "2026-08-22T14:22:29.989154", "sender_account": "YHPD62845950258653", "receiver_account": "UOIY52992373188750", "amount": 3408.99, "currency": "USD", "type": "NORMAL"}
{"transaction_id": "42a2dc12-7467-40d9-be39-9816439e34df", "timestamp": "2026-08-22T14:22:30.990176", "sender_account": "GIBZ40473797020174", "receiver_account": "NORJ47127315571079", "amount": 1084.34, "currency": "USD", "type": "NORMAL"}
{"transaction_id": "9b2beced-8d2f-4866-b9e4-d50a378488a7", "timestamp": "2026-08-22T14:22:31.990929", "sender_account": "BATQ26066122589537", "receiver_account": "KSQR22887690863408", "amount": 2770.06, "currency": "USD", "type": "NORMAL"}
{"transaction_id": "faf54591-b37b-4860-b30c-56526dd267a1", "timestamp": "2026-08-22T14:22:32.991785", "sender_account": "BLTT28136406266695", "receiver_account": "GIBZ40473797020174", "amount": 9900.0, "currency": "USD", "type": "FRAUD_PLACEMENT"}
{"transaction_id": "685df3ac-dd0e-41f5-9577-792248918022", "timestamp": "2026-08-22T14:22:32.991841", "sender_account": "GIBZ40473797020174", "receiver_account": "TKNE95981619733116", "amount": 9900.0, "currency": "USD", "type": "FRAUD_LAYERING"}
{"transaction_id": "036779ac-22c3-40d8-b1c7-2800ed0d7ff4", "timestamp": "2026-08-22T14:22:33.993122", "sender_account": "ZGYE32529717670955", "receiver_account": "YRYY89437144222231", "amount": 4292.54, "currency": "USD", "type": "NORMAL"}
{"transaction_id": "efd56d8b-60e3-4890-8833-51cb0179b90c", "timestamp": "2026-08-22T14:22:34.994188", "sender_account": "ZMWS54714289381237", "receiver_account": "TYZA12395659119598", "amount": 9900.0, "currency": "USD", "type": "FRAUD_PLACEMENT"}
{"transaction_id": "385a2a8a-1bca-4a23-9d31-65d8efabe652", "timestamp": "2026-08-22T14:22:34.994231", "sender_account": "TYZA12395659119598", "receiver_account": "TKNE95981619733116", "amount": 9900.0, "currency": "USD", "type": "FRAUD_LAYERING"}
{"transaction_id": "c837e154-f858-4118-8bf1-8d8d2fbea267", "timestamp": "2026-08-22T14:22:35.995505", "sender_account": "MFRJ31603040538232", "receiver_account": "IQWF66011720786197", "amount": 1758.15, "currency": "USD", "type": "NORMAL"}
{"transaction_id": "238ff515-e091-4e51-80dd-64642c175c68", "timestamp": "2026-08-22T14:22:36.996632", "sender_account": "GIBZ40473797020174", "receiver_account": "ZBAV57583531826293", "amount": 4223.43, "currency": "USD", "type": "NORMAL"}
{"transaction_id": "755419ca-aa9c-4795-8428-bf132f2a5b42", "timestamp": "2026-08-22T14:22:37.997330", "sender_account": "QJTE47754309425360", "receiver_account": "KNAU16349393570336", "amount": 3991.06, "currency": "USD", "type": "NORMAL"}
{"transaction_id": "e7fb3b6b-0f9b-4b02-ae54-57274b4dd11d", "timestamp": "2026-08-22T14:22:38.998070", "sender_account": "ONTE15993666350518", "receiver_account": "TYZA12395659119598", "amount": 9900.0, "currency": "USD", "type": "FRAUD_PLACEMENT"}
{"transaction_id": "cc24cfab-7e22-45ca-b546-e90d469003b3", "timestamp": "2026-08-22T14:22:38.998114", "sender_account": "TYZA12395659119598", "receiver_account": "TKNE95981619733116", "amount": 9900.0, "currency": "USD", "type": "FRAUD_LAYERING"}
{"transaction_id": "e7dd2bac-42c9-4964-9844-3ca676e94854", "timestamp": "2026-08-22T14:22:39.999238", "sender_account": "OBST45783212332050", "receiver_account": "WCLE91496399180753", "amount": 4995.92, "currency": "USD", "type": "NORMAL"}
{"transaction_id": "c758a50c-f938-4f8a-a678-0bf60cd56d16", "timestamp": "2026-08-22T14:22:41.000167", "sender_account": "ZADP42098975580841", "receiver_account": "GIBZ40473797020174", "amount": 9900.0, "currency": "USD", "type": "FRAUD_PLACEMENT"}
{"transaction_id": "781f0b7c-c886-42f7-b786-e276159715ac", "timestamp": "2026-08-22T14:22:41.000206", "sender_account": "GIBZ40473797020174", "receiver_account": "TKNE95981619733116", "amount": 9900.0, "currency": "USD", "type": "FRAUD_LAYERING"}
{"transaction_id": "f9cc1568-91f9-4801-8853-f5e714f721a7", "timestamp": "2026-08-22T14:22:42.001484", "sender_account": "JQKJ34058795741041", "receiver_account": "OONT57623890878105", "amount": 159.09, "currency": "USD", "type": "NORMAL"}
{"transaction_id": "eef74725-1b0a-4d97-b7cc-d36d5a67431a", "timestamp": "2026-08-22T14:22:43.002557", "sender_account": "ZMWS54714289381237", "receiver_account": "GIBZ40473797020174", "amount": 9900.0, "currency": "USD", "type": "FRAUD_PLACEMENT"}
{"transaction_id": "de9dbcba-3f4c-44b1-8346-ffb077977e0a", "timestamp": "2026-08-22T14:22:43.002600", "sender_account": "GIBZ40473797020174", "receiver_account": "TKNE95981619733116", "amount": 9900.0, "currency": "USD", "type": "FRAUD_LAYERING"}
{"transaction_id": "2db8aa70-ff84-4ce3-aa8b-db910a58fdfe", "timestamp": "2026-08-22T14:22:44.003609", "sender_account": "PCEW62562572220429", "receiver_account": "VPQE19399427637466", "amount": 9900.0, "currency": "USD", "type": "FRAUD_PLACEMENT"}
{"transaction_id": "0e419aa4-adab-4d73-996d-8b1b4422c79c", "timestamp": "2026-08-22T14:22:44.003652", "sender_account": "VPQE19399427637466", "receiver_account": "TKNE95981619733116", "amount": 9900.0, "currency": "USD", "type": "FRAUD_LAYERING"}
{"transaction_id": "5ada5083-7007-437a-8412-8809d444a4e5", "timestamp": "2026-08-22T14:22:45.004485", "sender_account": "GOHX63551834343537", "receiver_account": "ZQRY82107849082085", "amount": 2021.45, "currency": "USD", "type": "NORMAL"}
{"transaction_id": "ccc2453d-44ef-4b46-8492-c042c2bfe9dc", "timestamp": "2026-08-22T14:22:46.005519", "sender_account": "HNVF64891754144366", "receiver_account": "IQWF66011720786197", "amount": 1725.71, "currency": "USD", "type": "NORMAL"}
{"transaction_id": "1cc24cba-1ff2-4e86-ac12-d883d133b547", "timestamp": "2026-08-22T14:22:47.006173", "sender_account": "FOKF83913028698195", "receiver_account": "UOIY52992373188750", "amount": 4927.0, "currency": "USD", "type": "NORMAL"}
{"transaction_id": "a54de837-7c74-4793-9abd-17c55fd320a5", "timestamp": "2026-08-22T14:22:48.007912", "sender_account": "BLTT28136406266695", "receiver_account": "OBST45783212332050", "amount": 9900.0, "currency": "USD", "type": "FRAUD_PLACEMENT"}
{"transaction_id": "7780a433-f5ff-47a6-bc86-8c1453a74715", "timestamp": "2026-08-22T14:22:48.008077", "sender_account": "OBST45783212332050", "receiver_account": "TKNE95981619733116", "amount": 9900.0, "currency": "USD", "type": "FRAUD_LAYERING"}
{"transaction_id": "a0cc847a-ef88-4d77-8a32-d518fe3ddf4f", "timestamp": "2026-08-22T14:22:49.009824", "sender_account": "IQWF66011720786197", "receiver_account": "FLWW48003862994101", "amount": 4146.22, "currency": "USD", "type": "NORMAL"}
{"transaction_id": "efbb12a4-629b-4867-ab25-ffe3a3bf812b", "timestamp": "2026-08-22T14:22:50.010682", "sender_account": "FOKF83913028698195", "receiver_account": "ZQRY82107849082085", "amount": 4789.36, "currency": "USD", "type": "NORMAL"}
{"transaction_id": "93caad41-6d60-418b-96b6-c6ad9a2cfa73", "timestamp": "2026-08-22T14:22:51.011587", "sender_account": "VNZI08329609359985", "receiver_account": "IFXC26846099455699", "amount": 2939.37, "currency": "USD", "type": "NORMAL"}
{"transaction_id": "95336e5d-b863-4794-8a57-7ebe9bec9124", "timestamp": "2026-08-22T14:22:52.012740", "sender_account": "ZGYE32529717670955", "receiver_account": "ZADP42098975580841", "amount": 400.9, "currency": "USD", "type": "NORMAL"}
{"transaction_id": "44db8e6a-39ee-494c-928b-375646826523", "timestamp": "2026-08-22T14:22:54.013923", "sender_account": "ZADP42098975580841", "receiver_account": "VPQE19399427637466", "amount": 9900.0, "currency": "USD", "type": "FRAUD_PLACEMENT"}
{"transaction_id": "558991b1-28a4-499c-a042-41877932158c", "timestamp": "2026-08-22T14:22:54.013975", "sender_account": "VPQE19399427637466", "receiver_account": "TKNE95981619733116", "amount": 9900.0, "currency": "USD", "type": "FRAUD_LAYERING"}
{"transaction_id": "e195bcab-4c04-4462-92e3-64e5b288de4f", "timestamp": "2026-08-22T14:22:56.015376", "sender_account": "YIRQ99574502470842", "receiver_account": "GIBZ40473797020174", "amount": 9900.0, "currency": "USD", "type": "FRAUD_PLACEMENT"}
{"transaction_id": "e6a4abd7-fb29-4fae-914a-fc2f5a1790ee", "timestamp": "2026-08-22T14:22:56.015419", "sender_account": "GIBZ40473797020174", "receiver_account": "TKNE95981619733116", "amount": 9900.0, "currency": "USD", "type": "FRAUD_LAYERING"}
{"transaction_id": "d4c262fa-ab45-4760-ad8d-7464d7bb50a9", "timestamp": "2026-08-22T14:22:57.016881", "sender_account": "OCPV45827561184835", "receiver_account": "NRLN08377251537949", "amount": 1723.72, "currency": "USD", "type": "NORMAL"}
{"transaction_id": "83f41de9-c76d-4a25-b3f8-b332c135ad5e", "timestamp": "2026-08-22T14:22:58.017525", "sender_account": "HKVV91020206250530", "receiver_account": "ZQRY82107849082085", "amount": 2256.31, "currency": "USD", "type": "NORMAL"}
{"transaction_id": "0a71305d-c061-4d03-b89d-d67dd6dcc23f", "timestamp": "2026-08-22T14:22:59.019000", "sender_account": "KNAU16349393570336", "receiver_account": "HBOW30753169678897", "amount": 3838.38, "currency": "USD", "type": "NORMAL"}
{"transaction_id": "1e8eb279-5144-4e65-ae3f-b93a21c97776", "timestamp": "2026-08-22T14:23:00.020301", "sender_account": "MFRJ31603040538232", "receiver_account": "KOVQ87848311751921", "amount": 2463.68, "currency": "USD", "type": "NORMAL"}
{"transaction_id": "5607a1d9-ab46-418b-9948-36b250d602e8", "timestamp": "2026-08-22T14:23:01.021184", "sender_account": "HAZZ16939678914701", "receiver_account": "ZGMR58754809663746", "amount": 4951.29, "currency": "USD", "type": "NORMAL"}
{"transaction_id": "aa46644b-d496-4184-b607-9e166a5449b4", "timestamp": "2026-08-22T14:23:02.022085", "sender_account": "QNGB06866193861206", "receiver_account": "OXKV10606491971240", "amount": 3100.45, "currency": "USD", "type": "NORMAL"}
{"transaction_id": "b476e36c-0512-4b7c-92c0-84581add1345", "timestamp": "2026-08-22T14:23:03.022795", "sender_account": "GKOO36379143283440", "receiver_account": "PCEW62562572220429", "amount": 3229.85, "currency": "USD", "type": "NORMAL"}
{"transaction_id": "ccd21f4c-055c-42e6-bae8-369adf16b893", "timestamp": "2026-08-22T14:23:05.024166", "sender_account": "KOVQ87848311751921", "receiver_account": "CDPO86269475852321", "amount": 901.73, "currency": "USD", "type": "NORMAL"}
{"transaction_id": "d8e29617-683c-4b12-94d5-f91558037e29", "timestamp": "2026-08-22T14:23:06.025037", "sender_account": "CWAH81262579423819", "receiver_account": "EJZC41691668687807", "amount": 1682.57, "currency": "USD", "type": "NORMAL"}
{"transaction_id": "0d7aa60d-6a9d-4de6-82a9-757ce5cf646d", "timestamp": "2026-08-22T14:23:07.026126", "sender_account": "YIRQ99574502470842", "receiver_account": "VPQE19399427637466", "amount": 9900.0, "currency": "USD", "type": "FRAUD_PLACEMENT"}
{"transaction_id": "0955ba1b-9aa2-4b63-ae77-d29fc8d756fe", "timestamp": "2026-08-22T14:23:07.026267", "sender_account": "VPQE19399427637466", "receiver_account": "TKNE95981619733116", "amount": 9900.0, "currency": "USD", "type": "FRAUD_LAYERING"}
{"transaction_id": "efb7b0c7-1da7-4938-bbcf-4ea378ddea10", "timestamp": "2026-08-22T14:23:08.027101", "sender_account": "BATQ26066122589537", "receiver_account": "KOVQ87848311751921", "amount": 2118.38, "currency": "USD", "type": "NORMAL"}
{"transaction_id": "a008a62e-0574-4b47-b394-f6cada9a7710", "timestamp": "2026-08-22T14:23:09.027828", "sender_account": "KNAU16349393570336", "receiver_account": "QTXV40623378585875", "amount": 4214.11, "currency": "USD", "type": "NORMAL"}
{"transaction_id": "6767ac91-b75d-4f51-9c32-ec03871f7c69", "timestamp": "2026-08-22T14:23:10.028835", "sender_account": "EJZC41691668687807", "receiver_account": "VALP74928055025578", "amount": 1118.56, "currency": "USD", "type": "NORMAL"}
{"transaction_id": "1e1b4a1d-de3f-449d-a165-74636f2e1d92", "timestamp": "2026-08-22T14:23:11.030168", "sender_account": "ZISS86727170516266", "receiver_account": "YGUU62893874834917", "amount": 3051.89, "currency": "USD", "type": "NORMAL"}
{"transaction_id": "cbe1ca91-3063-4bea-8b0d-063dce73f2a4", "timestamp": "2026-08-22T14:23:12.030928", "sender_account": "UIUQ30880043964264", "receiver_account": "ZVIU98542550975060", "amount": 3316.86, "currency": "USD", "type": "NORMAL"}
{"transaction_id": "7c175284-d6ff-4d7d-98b3-b83f58145ea9", "timestamp": "2026-08-22T14:23:13.031549", "sender_account": "ZWCH93320854773187", "receiver_account": "BMWQ07401602650724", "amount": 9900.0, "currency": "USD", "type": "FRAUD_PLACEMENT"}
{"transaction_id": "37e63114-d003-4508-a314-f6524249329f", "timestamp": "2026-08-22T14:23:13.031603", "sender_account": "BMWQ07401602650724", "receiver_account": "TKNE95981619733116", "amount": 9900.0, "currency": "USD", "type": "FRAUD_LAYERING"}
{"transaction_id": "e8131985-7428-4003-b626-6114c1f57ad4", "timestamp": "2026-08-22T14:23:15.033663", "sender_account": "KSQR22887690863408", "receiver_account": "PALM16133745049607", "amount": 2695.02, "currency": "USD", "type": "NORMAL"}
{"transaction_id": "0271767b-2ae2-43a8-b354-a9a09422f277", "timestamp": "2026-08-22T14:23:16.034281", "sender_account": "GKOO36379143283440", "receiver_account": "ZQRY82107849082085", "amount": 2894.62, "currency": "USD", "type": "NORMAL"}
{"transaction_id": "109f2f05-c418-4a48-ac7a-5ef6b253d82d", "timestamp": "2026-08-22T14:23:17.035039", "sender_account": "DSOS96311899642368", "receiver_account": "NRLN08377251537949", "amount": 710.5, "currency": "USD", "type": "NORMAL"}
{"transaction_id": "3317fe90-bcc4-41ab-ba5d-66f62277ee1c", "timestamp": "2026-08-22T14:23:18.035924", "sender_account": "BWKA78710027600682", "receiver_account": "OBST45783212332050", "amount": 2187.44, "currency": "USD", "type": "NORMAL"}
{"transaction_id": "19280918-5d65-43df-b463-f6d49bcf7bc4", "timestamp": "2026-08-22T14:23:19.036695", "sender_account": "SNQR02825333527062", "receiver_account": "BARZ06398633576495", "amount": 2454.33, "currency": "USD", "type": "NORMAL"}
{"transaction_id": "901ffa75-8594-4035-8a1c-08693611b637", "timestamp": "2026-08-22T14:23:20.037373", "sender_account": "ZQRY82107849082085", "receiver_account": "HAZZ16939678914701", "amount": 1780.65, "currency": "USD", "type": "NORMAL"}
{"transaction_id": "6b74be04-3d0f-46fa-ac81-0328b14780be", "timestamp": "2026-08-22T14:23:21.038581", "sender_account": "JGKZ81762083124666", "receiver_account": "PCEW62562572220429", "amount": 3912.06, "currency": "USD", "type": "NORMAL"}
{"transaction_id": "0c1e1d77-2217-4a77-b17a-36430ce6f9d0", "timestamp": "2026-08-22T14:23:22.039394", "sender_account": "IFXC26846099455699", "receiver_account": "BMWQ07401602650724", "amount": 604.92, "currency": "USD", "type": "NORMAL"}
{"transaction_id": "a99232fd-00ff-485b-8e7b-27bd861185e9", "timestamp": "2026-08-22T14:23:23.040419", "sender_account": "ZVIU98542550975060", "receiver_account": "MIJN31964293863181", "amount": 4545.29, "currency": "USD", "type": "NORMAL"}
{"transaction_id": "d244026e-02ae-4593-bd27-5a7652b15922", "timestamp": "2026-08-22T14:23:24.041792", "sender_account": "FXIM87758079103884", "receiver_account": "JHOE55271525311673", "amount": 321.93, "currency": "USD", "type": "NORMAL"}
{"transaction_id": "3b00bfb8-1390-4f0a-afdd-3b63b57bd667", "timestamp": "2026-08-22T14:23:25.042979", "sender_account": "ZBAV57583531826293", "receiver_account": "DRXV24124034784149", "amount": 1726.46, "currency": "USD", "type": "NORMAL"}
{"transaction_id": "b74546ed-872e-4c38-830f-1698d27d78b2", "timestamp": "2026-08-22T14:23:26.043857", "sender_account": "HAZZ16939678914701", "receiver_account": "YIRQ99574502470842", "amount": 3791.65, "currency": "USD", "type": "NORMAL"}
{"transaction_id": "3c3f2a55-0cb5-415a-ad60-3d897777cc9f", "timestamp": "2026-08-22T14:23:27.044953", "sender_account": "ITUW94328852809457", "receiver_account": "BARZ06398633576495", "amount": 462.01, "currency": "USD", "type": "NORMAL"}
{"transaction_id": "bb2795be-8576-4420-873f-6f308cec03f6", "timestamp": "2026-08-22T14:23:28.045891", "sender_account": "TKCO15830034158606", "receiver_account": "YFVA16193788759614", "amount": 1723.03, "currency": "USD", "type": "NORMAL"}
{"transaction_id": "4c989af0-77d7-4b08-acb1-56fb04fb5c39", "timestamp": "2026-08-22T14:23:29.046565", "sender_account": "POPI60802500302561", "receiver_account": "XMJK82504694562095", "amount": 4453.59, "currency": "USD", "type": "NORMAL"}
{"transaction_id": "32271425-2708-41fe-ac92-d7ca57f79f31", "timestamp": "2026-08-22T14:23:30.047336", "sender_account": "MFRJ31603040538232", "receiver_account": "MREZ94532505100354", "amount": 4903.58, "currency": "USD", "type": "NORMAL"}
{"transaction_id": "8647660f-733c-420e-82bf-b590b061fc5f", "timestamp": "2026-08-22T14:23:31.048490", "sender_account": "QNGB06866193861206", "receiver_account": "IVEN85122238604633", "amount": 601.32, "currency": "USD", "type": "NORMAL"}
{"transaction_id": "809ae613-64e9-4257-89b2-4d4082ad66d2", "timestamp": "2026-08-22T14:23:32.049402", "sender_account": "GKOO36379143283440", "receiver_account": "OBST45783212332050", "amount": 2387.17, "currency": "USD", "type": "NORMAL"}
{"transaction_id": "88a5a31c-e203-4e46-972e-792ba9bfe1cc", "timestamp": "2026-08-22T14:23:33.050186", "sender_account": "IVEN85122238604633", "receiver_account": "ZMWS54714289381237", "amount": 1529.1, "currency": "USD", "type": "NORMAL"}
{"transaction_id": "747ad9d7-dae1-4a4c-b18b-d90b576da5e5", "timestamp": "2026-08-22T14:23:34.050912", "sender_account": "BLTT28136406266695", "receiver_account": "BMWQ07401602650724", "amount": 9900.0, "currency": "USD", "type": "FRAUD_PLACEMENT"}
{"transaction_id": "51e7065a-9245-4109-a2b2-990a60f571b1", "timestamp": "2026-08-22T14:23:34.050954", "sender_account": "BMWQ07401602650724", "receiver_account": "TKNE95981619733116", "amount": 9900.0, "currency": "USD", "type": "FRAUD_LAYERING"}
{"transaction_id": "54538dc8-4e4f-4744-8a49-1df012994193", "timestamp": "2026-08-22T14:23:35.052017", "sender_account": "MPYG47417771988920", "receiver_account": "ITUW94328852809457", "amount": 86.64, "currency": "USD", "type": "NORMAL"}
{"transaction_id": "8e900936-4804-4a7c-bfec-d88501968e5b", "timestamp": "2026-08-22T14:23:36.052810", "sender_account": "REUU89703871611287", "receiver_account": "VPQE19399427637466", "amount": 9900.0, "currency": "USD", "type": "FRAUD_PLACEMENT"}
{"transaction_id": "f0f77aae-28fb-428d-865f-24eb416e8ead", "timestamp": "2026-08-22T14:23:36.052853", "sender_account": "VPQE19399427637466", "receiver_account": "TKNE95981619733116", "amount": 9900.0, "currency": "USD", "type": "FRAUD_LAYERING"}
{"transaction_id": "b23977b9-2a3b-4d59-8202-f9b1962e5827", "timestamp": "2026-08-22T14:23:37.053912", "sender_account": "CWAH81262579423819", "receiver_account": "VVRM26534773504180", "amount": 3301.84, "currency": "USD", "type": "NORMAL"}
{"transaction_id": "2c8d4880-58d7-4fec-9cf2-9a165afbc56b", "timestamp": "2026-08-22T14:23:38.054730", "sender_account": "REUU89703871611287", "receiver_account": "FOKF83913028698195", "amount": 3467.3, "currency": "USD", "type": "NORMAL"}
{"transaction_id": "9a25d934-da9a-418a-a267-70533c2fc85e", "timestamp": "2026-08-22T14:23:39.055519", "sender_account": "ONTE15993666350518", "receiver_account": "BMWQ07401602650724", "amount": 9900.0, "currency": "USD", "type": "FRAUD_PLACEMENT"}
{"transaction_id": "7c84ca39-4149-448a-b9b9-232ce079bade", "timestamp": "2026-08-22T14:23:39.055562", "sender_account": "BMWQ07401602650724", "receiver_account": "TKNE95981619733116", "amount": 9900.0, "currency": "USD", "type": "FRAUD_LAYERING"}
{"transaction_id": "571c37e5-b54a-4726-b335-7551e45a0984", "timestamp": "2026-08-22T14:23:40.056469", "sender_account": "ZBAV57583531826293", "receiver_account": "GKOO36379143283440", "amount": 242.06, "currency": "USD", "type": "NORMAL"}
{"transaction_id": "cb5fd0c5-760a-4273-af4c-dcf76bee33fc", "timestamp": "2026-08-22T14:23:41.057367", "sender_account": "FXIM87758079103884", "receiver_account": "XMJK82504694562095", "amount": 3877.71, "currency": "USD", "type": "NORMAL"}
{"transaction_id": "2e3d883d-8b44-49cd-ae11-521d2c850d74", "timestamp": "2026-08-22T14:23:42.058150", "sender_account": "WIYV91633626744584", "receiver_account": "WKTH11946849130998", "amount": 4776.09, "currency": "USD", "type": "NORMAL"}
{"transaction_id": "e1990432-6bbd-46e1-8990-e57b8aedb782", "timestamp": "2026-08-22T14:23:43.059248", "sender_account": "PCEW62562572220429", "receiver_account": "IFXC26846099455699", "amount": 661.52, "currency": "USD", "type": "NORMAL"}
{"transaction_id": "b031ca88-b2a5-492e-a369-1d73cafb98bb", "timestamp": "2026-08-22T14:23:44.060156", "sender_account": "PALM16133745049607", "receiver_account": "UOIY52992373188750", "amount": 1226.62, "currency": "USD", "type": "NORMAL"}
{"transaction_id": "43864389-8fb9-49ce-b6d2-ae450ebac3e4", "timestamp": "2026-08-22T14:23:45.060968", "sender_account": "UIUQ30880043964264", "receiver_account": "OONT57623890878105", "amount": 3614.63, "currency": "USD", "type": "NORMAL"}
{"transaction_id": "106499be-4c9b-4757-ad69-3665ef08f617", "timestamp": "2026-08-22T14:23:46.061918", "sender_account": "ZWCH93320854773187", "receiver_account": "GIBZ40473797020174", "amount": 9900.0, "currency": "USD", "type": "FRAUD_PLACEMENT"}
{"transaction_id": "d96d3c76-6206-490a-ae41-687f74eff97f", "timestamp": "2026-08-22T14:23:46.061957", "sender_account": "GIBZ40473797020174", "receiver_account": "TKNE95981619733116", "amount": 9900.0, "currency": "USD", "type": "FRAUD_LAYERING"}
{"transaction_id": "75a1770f-84b6-432c-9502-5b1accd9508e", "timestamp": "2026-08-22T14:23:47.062863", "sender_account": "ZRSL02416594373530", "receiver_account": "NORJ47127315571079", "amount": 977.13, "currency": "USD", "type": "NORMAL"}
{"transaction_id": "12ad76fe-028e-44d6-9781-b6b779905c99", "timestamp": "2026-08-22T14:23:48.063495", "sender_account": "BLTT28136406266695", "receiver_account": "GIBZ40473797020174", "amount": 9900.0, "currency": "USD", "type": "FRAUD_PLACEMENT"}
{"transaction_id": "ed6da35f-386b-485c-b6ca-be6ee8d7efea", "timestamp": "2026-08-22T14:23:48.063524", "sender_account": "GIBZ40473797020174", "receiver_account": "TKNE95981619733116", "amount": 9900.0, "currency": "USD", "type": "FRAUD_LAYERING"}
{"transaction_id": "59d0384f-3b53-44d0-a9b8-9606f3d21b25", "timestamp": "2026-08-22T14:23:49.064666", "sender_account": "OONT57623890878105", "receiver_account": "QOSV59129264416433", "amount": 2133.72, "currency": "USD", "type": "NORMAL"}
{"transaction_id": "a4448884-03f1-4c37-aa75-ceddd92018bb", "timestamp": "2026-08-22T14:23:50.065273", "sender_account": "GKOO36379143283440", "receiver_account": "YGUU62893874834917", "amount": 2329.39, "currency": "USD", "type": "NORMAL"}
{"transaction_id": "67d0b6fd-55f6-4617-87d4-79d60c457c78", "timestamp": "2026-08-22T14:23:51.066041", "sender_account": "JGKZ81762083124666", "receiver_account": "QNGB06866193861206", "amount": 692.0, "currency": "USD", "type": "NORMAL"}
{"transaction_id": "54b5ae16-d33c-459d-bc3a-87355bb5414a", "timestamp": "2026-08-22T14:23:52.067026", "sender_account": "SOBM80491499457608", "receiver_account": "QTXV40623378585875", "amount": 3349.05, "currency": "USD", "type": "NORMAL"}
{"transaction_id": "26877a06-f180-4b9e-8c7b-c72edc0fd5d6", "timestamp": "2026-08-22T14:23:53.067948", "sender_account": "ZADP42098975580841", "receiver_account": "TYZA12395659119598", "amount": 9900.0, "currency": "USD", "type": "FRAUD_PLACEMENT"}
{"transaction_id": "7dbb6b35-62ca-4246-8977-b1082dd38287", "timestamp": "2026-08-22T14:23:53.067982", "sender_account": "TYZA12395659119598", "receiver_account": "TKNE95981619733116", "amount": 9900.0, "currency": "USD", "type": "FRAUD_LAYERING"}
{"transaction_id": "2a8a59fd-0469-40c6-8934-9c4f425a5943", "timestamp": "2026-08-22T14:23:54.069315", "sender_account": "UQUO78118349294482", "receiver_account": "WCLE91496399180753", "amount": 4044.56, "currency": "USD", "type": "NORMAL"}
{"transaction_id": "98c831c1-63bc-4a50-bba0-cb13155c9b37", "timestamp": "2026-08-22T14:23:55.070942", "sender_account": "YHPD62845950258653", "receiver_account": "VPQE19399427637466", "amount": 2400.95, "currency": "USD", "type": "NORMAL"}
{"transaction_id": "dc9f10ad-9c82-41c9-b129-a4b4b805a5b6", "timestamp": "2026-08-22T14:23:56.072055", "sender_account": "BLTT28136406266695", "receiver_account": "OBST45783212332050", "amount": 9900.0, "currency": "USD", "type": "FRAUD_PLACEMENT"}
{"transaction_id": "f6f11c2a-8238-4ab7-9452-33d1a5e0c68a", "timestamp": "2026-08-22T14:23:56.072091", "sender_account": "OBST45783212332050", "receiver_account": "TKNE95981619733116", "amount": 9900.0, "currency": "USD", "type": "FRAUD_LAYERING"}
{"transaction_id": "3d024804-f7ca-4cad-8e1a-02053998c7f6", "timestamp": "2026-08-22T14:23:57.073237", "sender_account": "YRYY89437144222231", "receiver_account": "SNQR02825333527062", "amount": 4300.22, "currency": "USD", "type": "NORMAL"}
{"transaction_id": "65119cf8-f6cc-42fa-88da-08c3868e676f", "timestamp": "2026-08-22T14:23:58.073871", "sender_account": "GKOO36379143283440", "receiver_account": "ECDH75774390227986", "amount": 856.63, "currency": "USD", "type": "NORMAL"}
{"transaction_id": "6115c829-be32-44a4-b787-b15b72e4bf08", "timestamp": "2026-08-22T14:23:59.074719", "sender_account": "JQKJ34058795741041", "receiver_account": "OONT57623890878105", "amount": 531.63, "currency": "USD", "type": "NORMAL"}
{"transaction_id": "b54fe86f-db94-4f19-919b-47c597a5753c", "timestamp": "2026-08-22T14:24:00.075585", "sender_account": "UJCK66397862919111", "receiver_account": "ONTE15993666350518", "amount": 792.15, "currency": "USD", "type": "NORMAL"}
{"transaction_id": "48840805-0bea-471f-a796-0894773c6984", "timestamp": "2026-08-22T14:24:01.076266", "sender_account": "HNVF64891754144366", "receiver_account": "OBST45783212332050", "amount": 9900.0, "currency": "USD", "type": "FRAUD_PLACEMENT"}
{"transaction_id": "cdf915da-3432-407d-9513-cf0e722a5b9d", "timestamp": "2026-08-22T14:24:01.076305", "sender_account": "OBST45783212332050", "receiver_account": "TKNE95981619733116", "amount": 9900.0, "currency": "USD", "type": "FRAUD_LAYERING"}
{"transaction_id": "fce6d9d9-28b6-45fa-9edc-2464ac3e81d3", "timestamp": "2026-08-22T14:24:02.077529", "sender_account": "ECDH75774390227986", "receiver_account": "TYZA12395659119598", "amount": 9900.0, "currency": "USD", "type": "FRAUD_PLACEMENT"}
{"transaction_id": "3e81d881-8db6-40b7-8a56-9c109ac6396b", "timestamp": "2026-08-22T14:24:02.077572", "sender_account": "TYZA12395659119598", "receiver_account": "TKNE95981619733116", "amount": 9900.0, "currency": "USD", "type": "FRAUD_LAYERING"}
{"transaction_id": "5892bba6-0c04-43f8-8ef5-abc9c4098290", "timestamp": "2026-08-22T14:24:03.078740", "sender_account": "ZWCH93320854773187", "receiver_account": "TYZA12395659119598", "amount": 9900.0, "currency": "USD", "type": "FRAUD_PLACEMENT"}
{"transaction_id": "66dfd20e-5437-489b-aea3-0ead819cf98e", "timestamp": "2026-08-22T14:24:03.078780", "sender_account": "TYZA12395659119598", "receiver_account": "TKNE95981619733116", "amount": 9900.0, "currency": "USD", "type": "FRAUD_LAYERING"}
{"transaction_id": "b518eb09-0ff8-48f4-b25f-7aa6b126a007", "timestamp": "2026-08-22T14:24:04.079820", "sender_account": "YRYY89437144222231", "receiver_account": "ZRSL02416594373530", "amount": 4244.98, "currency": "USD", "type": "NORMAL"}
{"transaction_id": "855150ea-858c-4403-91e7-750f6a3dbfbb", "timestamp": "2026-08-22T14:24:05.080547", "sender_account": "RTKW81167619321392", "receiver_account": "OXKV10606491971240", "amount": 3533.73, "currency": "USD", "type": "NORMAL"}
{"transaction_id": "7443c0df-36b6-4a2e-b9ed-fa6ca848b270", "timestamp": "2026-08-22T14:24:06.081617", "sender_account": "OWJJ95183742153706", "receiver_account": "ZGYE32529717670955", "amount": 790.99, "currency": "USD", "type": "NORMAL"}
{"transaction_id": "ecd31249-191a-4bb8-963a-18c9b72f0d82", "timestamp": "2026-08-22T14:24:07.082553", "sender_account": "FXIM87758079103884", "receiver_account": "ZMWS54714289381237", "amount": 4878.92, "currency": "USD", "type": "NORMAL"}
{"transaction_id": "dbddd1b3-ff1f-41e5-bdc6-e14983b3ad0e", "timestamp": "2026-08-22T14:24:08.083514", "sender_account": "HNVF64891754144366", "receiver_account": "OBST45783212332050", "amount": 9900.0, "currency": "USD", "type": "FRAUD_PLACEMENT"}
{"transaction_id": "ed24ad3d-adf2-42e4-b622-85531cb5d28f", "timestamp": "2026-08-22T14:24:08.083551", "sender_account": "OBST45783212332050", "receiver_account": "TKNE95981619733116", "amount": 9900.0, "currency": "USD", "type": "FRAUD_LAYERING"}
{"transaction_id": "4b1b9448-aa13-4bdb-8b4a-a55a44ddcb35", "timestamp": "2026-08-22T14:24:09.084936", "sender_account": "OBST45783212332050", "receiver_account": "OWJJ95183742153706", "amount": 3919.44, "currency": "USD", "type": "NORMAL"}
{"transaction_id": "c667056d-e57b-4d5a-8ecb-7fbade8f2f5b", "timestamp": "2026-08-22T14:24:10.085605", "sender_account": "VALP74928055025578", "receiver_account": "JQKJ34058795741041", "amount": 2146.45, "currency": "USD", "type": "NORMAL"}
{"transaction_id": "632ea251-7b2f-4845-9a9f-b272168f41af", "timestamp": "2026-08-22T14:24:11.086366", "sender_account": "VPQE19399427637466", "receiver_account": "GIBZ40473797020174", "amount": 1410.77, "currency": "USD", "type": "NORMAL"}
{"transaction_id": "72f1fce9-347c-4a96-8cb3-536d9c69c3f3", "timestamp": "2026-08-22T14:24:12.087211", "sender_account": "CWAH81262579423819", "receiver_account": "OBST45783212332050", "amount": 4933.97, "currency": "USD", "type": "NORMAL"}
{"transaction_id": "0803e3f0-2ab1-4df8-841a-1c9bee80bac3", "timestamp": "2026-08-22T14:24:13.088512", "sender_account": "IQWF66011720786197", "receiver_account": "FOKF83913028698195", "amount": 143.65, "currency": "USD", "type": "NORMAL"}
{"transaction_id": "17b5b579-0f87-49dc-a8e2-aa412fe7322c", "timestamp": "2026-08-22T14:24:14.089639", "sender_account": "HQYC61658237444874", "receiver_account": "OWJJ95183742153706", "amount": 4371.32, "currency": "USD", "type": "NORMAL"}
{"transaction_id": "5f5cf7f8-7b49-43bc-a3b9-08404d674fac", "timestamp": "2026-08-22T14:24:15.090458", "sender_account": "GKOO36379143283440", "receiver_account": "OBST45783212332050", "amount": 9900.0, "currency": "USD", "type": "FRAUD_PLACEMENT"}
{"transaction_id": "28e6e1b8-552c-4be5-83e4-47b5a38e2526", "timestamp": "2026-08-22T14:24:15.090505", "sender_account": "OBST45783212332050", "receiver_account": "TKNE95981619733116", "amount": 9900.0, "currency": "USD", "type": "FRAUD_LAYERING"}
{"transaction_id": "643d4c29-be4e-4af9-9a7f-26e20c4bdfd4", "timestamp": "2026-08-22T14:24:16.091815", "sender_account": "FOKF83913028698195", "receiver_account": "ZBAV57583531826293", "amount": 770.9, "currency": "USD", "type": "NORMAL"}
{"transaction_id": "898430da-69d0-4cd0-83cf-aa4d5c24ef17", "timestamp": "2026-08-22T14:24:17.092625", "sender_account": "UQUO78118349294482", "receiver_account": "POPI60802500302561", "amount": 2667.35, "currency": "USD", "type": "NORMAL"}
{"transaction_id": "d8d54c21-2576-4229-805a-f828e7e6ccf2", "timestamp": "2026-08-22T14:24:18.093560", "sender_account": "HAZZ16939678914701", "receiver_account": "ONTE15993666350518", "amount": 1951.48, "currency": "USD", "type": "NORMAL"}
{"transaction_id": "5b5cf748-4a9b-4128-9c9e-3861242432ad", "timestamp": "2026-08-22T14:24:19.094599", "sender_account": "PALM16133745049607", "receiver_account": "HKVV91020206250530", "amount": 2625.52, "currency": "USD", "type": "NORMAL"}
{"transaction_id": "0f7e8c68-5b07-453e-ad9c-c66eb6b86ed7", "timestamp": "2026-08-22T14:24:21.097353", "sender_account": "POPI60802500302561", "receiver_account": "OBST45783212332050", "amount": 9900.0, "currency": "USD", "type": "FRAUD_PLACEMENT"}
{"transaction_id": "21e0ee4f-95d4-4ce8-9a0b-a0a51c45b0f0", "timestamp": "2026-08-22T14:24:21.097459", "sender_account": "OBST45783212332050", "receiver_account": "TKNE95981619733116", "amount": 9900.0, "currency": "USD", "type": "FRAUD_LAYERING"}
{"transaction_id": "15fdc7d6-9119-49f2-b023-d9e52b7a47ee", "timestamp": "2026-08-22T14:24:22.098615", "sender_account": "OBST45783212332050", "receiver_account": "MFRJ31603040538232", "amount": 4815.75, "currency": "USD", "type": "NORMAL"}
{"transaction_id": "76fd8e57-55f5-4841-9bff-44b598776208", "timestamp": "2026-08-22T14:24:23.099316", "sender_account": "HAZZ16939678914701", "receiver_account": "IQWF66011720786197", "amount": 3883.4, "currency": "USD", "type": "NORMAL"}
{"transaction_id": "2d89d87b-3488-4c4e-a5f4-4b085b75e962", "timestamp": "2026-08-22T14:24:24.100185", "sender_account": "BTCE30031727194183", "receiver_account": "EUPF21042455172540", "amount": 4936.45, "currency": "USD", "type": "NORMAL"}
{"transaction_id": "08be874c-e586-4d4d-9ce5-a4471e452166", "timestamp": "2026-08-22T14:24:25.100812", "sender_account": "ONTE15993666350518", "receiver_account": "TYZA12395659119598", "amount": 9900.0, "currency": "USD", "type": "FRAUD_PLACEMENT"}
{"transaction_id": "4cb0c6ed-016f-4d23-afb1-cfde367c526d", "timestamp": "2026-08-22T14:24:25.100855", "sender_account": "TYZA12395659119598", "receiver_account": "TKNE95981619733116", "amount": 9900.0, "currency": "USD", "type": "FRAUD_LAYERING"}
{"transaction_id": "6d7bc51b-81ba-41a1-af97-dd3a42c20e84", "timestamp": "2026-08-22T14:24:26.102296", "sender_account": "GIBZ40473797020174", "receiver_account": "NORJ47127315571079", "amount": 3113.34, "currency": "USD", "type": "NORMAL"}
{"transaction_id": "bbbb4f56-7b61-4306-af26-0b462e64f2d8", "timestamp": "2026-08-22T14:24:27.103112", "sender_account": "EUPF21042455172540", "receiver_account": "BMWQ07401602650724", "amount": 9900.0, "currency": "USD", "type": "FRAUD_PLACEMENT"}
{"transaction_id": "90deafeb-6717-45d3-8860-438411f57d06", "timestamp": "2026-08-22T14:24:27.103151", "sender_account": "BMWQ07401602650724", "receiver_account": "TKNE95981619733116", "amount": 9900.0, "currency": "USD", "type": "FRAUD_LAYERING"}
{"transaction_id": "03e10069-70a4-40a8-9829-570aad969705", "timestamp": "2026-08-22T14:24:28.104521", "sender_account": "PCEW62562572220429", "receiver_account": "TYZA12395659119598", "amount": 9900.0, "currency": "USD", "type": "FRAUD_PLACEMENT"}
{"transaction_id": "71d77577-990a-4bf3-bf71-60c5229c4de4", "timestamp": "2026-08-22T14:24:28.104563", "sender_account": "TYZA12395659119598", "receiver_account": "TKNE95981619733116", "amount": 9900.0, "currency": "USD", "type": "FRAUD_LAYERING"}
{"transaction_id": "36d2f970-716c-4e81-ab06-71830d1cbf9f", "timestamp": "2026-08-22T14:24:29.105442", "sender_account": "OONT57623890878105", "receiver_account": "GLIT62311059003233", "amount": 3091.36, "currency": "USD", "type": "NORMAL"}
{"transaction_id": "d71c3cef-435b-4b50-918a-e110e08dcfb9", "timestamp": "2026-08-22T14:24:30.106463", "sender_account": "FOKF83913028698195", "receiver_account": "BMWQ07401602650724", "amount": 9900.0, "currency": "USD", "type": "FRAUD_PLACEMENT"}
{"transaction_id": "dd9ac0bf-e492-45ff-b396-38b7be7c2401", "timestamp": "2026-08-22T14:24:30.106508", "sender_account": "BMWQ07401602650724", "receiver_account": "TKNE95981619733116", "amount": 9900.0, "currency": "USD", "type": "FRAUD_LAYERING"}
{"transaction_id": "6be49594-e63f-45cd-85c7-d782ed7b5003", "timestamp": "2026-08-22T14:24:31.107730", "sender_account": "WQIV41315931568868", "receiver_account": "DSOS96311899642368", "amount": 1819.84, "currency": "USD", "type": "NORMAL"}
{"transaction_id": "208f17d5-7ffa-4821-b68a-cd5f9ab10ad0", "timestamp": "2026-08-22T14:24:32.108687", "sender_account": "ZMWS54714289381237", "receiver_account": "OBST45783212332050", "amount": 9900.0, "currency": "USD", "type": "FRAUD_PLACEMENT"}
{"transaction_id": "d6b5dcae-3b7d-431f-b1c4-04f09484e192", "timestamp": "2026-08-22T14:24:32.108821", "sender_account": "OBST45783212332050", "receiver_account": "TKNE95981619733116", "amount": 9900.0, "currency": "USD", "type": "FRAUD_LAYERING"}
{"transaction_id": "c240eab7-a511-4b60-841b-784375547982", "timestamp": "2026-08-22T14:24:33.110066", "sender_account": "GLIT62311059003233", "receiver_account": "HAZZ16939678914701", "amount": 1305.08, "currency": "USD", "type": "NORMAL"}
{"transaction_id": "da7a4c22-98e1-4fa0-9059-4d6b4d8162c8", "timestamp": "2026-08-22T14:24:34.110830", "sender_account": "CDPO86269475852321", "receiver_account": "VALP74928055025578", "amount": 3542.95, "currency": "USD", "type": "NORMAL"}
{"transaction_id": "990796df-cbdd-4430-9ecb-ad0c5289348d", "timestamp": "2026-08-22T14:24:35.111913", "sender_account": "SOBM80491499457608", "receiver_account": "MIJN31964293863181", "amount": 1104.68, "currency": "USD", "type": "NORMAL"}
{"transaction_id": "0d59a7ce-0421-4cee-99f9-85ecd08da25d", "timestamp": "2026-08-22T14:24:36.112615", "sender_account": "TKCO15830034158606", "receiver_account": "HBOW30753169678897", "amount": 433.93, "currency": "USD", "type": "NORMAL"}
{"transaction_id": "0fa77476-8ef8-434f-ba5b-e41be7fab76a", "timestamp": "2026-08-22T14:24:37.114298", "sender_account": "KOVQ87848311751921", "receiver_account": "FOBA45363711762614", "amount": 1877.8, "currency": "USD", "type": "NORMAL"}
{"transaction_id": "41fd882b-0772-4182-8dac-7e6bff3d3195", "timestamp": "2026-08-22T14:24:38.115381", "sender_account": "YGUU62893874834917", "receiver_account": "FXIM87758079103884", "amount": 2047.56, "currency": "USD", "type": "NORMAL"}
{"transaction_id": "6dfc1be6-17b9-402b-acd0-00a5e666d130", "timestamp": "2026-08-22T14:24:39.116306", "sender_account": "ZISS86727170516266", "receiver_account": "QOSV59129264416433", "amount": 4251.52, "currency": "USD", "type": "NORMAL"}
{"transaction_id": "25ea23f4-a010-47ad-af21-17159c75ffd2", "timestamp": "2026-08-22T14:24:40.117409", "sender_account": "BOQG09638950855355", "receiver_account": "EMXL67993602576108", "amount": 4141.35, "currency": "USD", "type": "NORMAL"}
{"transaction_id": "a03e5283-2242-4e78-9a24-8d616c3ae188", "timestamp": "2026-08-22T14:24:41.118448", "sender_account": "ZADP42098975580841", "receiver_account": "BMWQ07401602650724", "amount": 9900.0, "currency": "USD", "type": "FRAUD_PLACEMENT"}
{"transaction_id": "0aa3f346-a6d2-42bd-91fe-ed10e61a248b", "timestamp": "2026-08-22T14:24:41.118484", "sender_account": "BMWQ07401602650724", "receiver_account": "TKNE95981619733116", "amount": 9900.0, "currency": "USD", "type": "FRAUD_LAYERING"}
{"transaction_id": "cf33e97f-576e-4e90-b03e-9d9fa8cd7e73", "timestamp": "2026-08-22T14:24:42.119456", "sender_account": "DSOS96311899642368", "receiver_account": "BWKA78710027600682", "amount": 834.53, "currency": "USD", "type": "NORMAL"}
{"transaction_id": "25d06492-e574-42ca-94ce-28ba8219f535", "timestamp": "2026-08-22T14:24:43.120460", "sender_account": "HQYC61658237444874", "receiver_account": "VNZI08329609359985", "amount": 2918.24, "currency": "USD", "type": "NORMAL"}
{"transaction_id": "90c54f03-7178-4d74-bab4-563b07f5ef49", "timestamp": "2026-08-22T14:24:44.121181", "sender_account": "ZWCH93320854773187", "receiver_account": "OBST45783212332050", "amount": 9900.0, "currency": "USD", "type": "FRAUD_PLACEMENT"}
{"transaction_id": "a25ed7d9-6a65-42e8-adef-cbc1a26cfa97", "timestamp": "2026-08-22T14:24:44.121219", "sender_account": "OBST45783212332050", "receiver_account": "TKNE95981619733116", "amount": 9900.0, "currency": "USD", "type": "FRAUD_LAYERING"}
{"transaction_id": "04eefd59-ace4-4ab6-8a47-2f597aecfb60", "timestamp": "2026-08-22T14:24:45.122532", "sender_account": "GIBZ40473797020174", "receiver_account": "YFVA16193788759614", "amount": 2577.02, "currency": "USD", "type": "NORMAL"}
{"transaction_id": "e571fc97-4ba4-4b3b-b423-e0b9497eeb0d", "timestamp": "2026-08-22T14:24:46.123529", "sender_account": "TKCO15830034158606", "receiver_account": "IFXC26846099455699", "amount": 1650.18, "currency": "USD", "type": "NORMAL"}
{"transaction_id": "807bbe06-5869-47f0-a061-57410d318005", "timestamp": "2026-08-22T14:24:47.124409", "sender_account": "POPI60802500302561", "receiver_account": "TYZA12395659119598", "amount": 9900.0, "currency": "USD", "type": "FRAUD_PLACEMENT"}
{"transaction_id": "8edb3bd3-9ac6-48f4-a0f1-29ecf28d79c1", "timestamp": "2026-08-22T14:24:47.124453", "sender_account": "TYZA12395659119598", "receiver_account": "TKNE95981619733116", "amount": 9900.0, "currency": "USD", "type": "FRAUD_LAYERING"}
{"transaction_id": "2cab65b5-4b89-46b8-8774-a934437c38b3", "timestamp": "2026-08-22T14:24:48.125394", "sender_account": "BLTT28136406266695", "receiver_account": "OBST45783212332050", "amount": 9900.0, "currency": "USD", "type": "FRAUD_PLACEMENT"}
{"transaction_id": "de7b7e10-dac2-49f4-81bb-dfc7c2d7f38d", "timestamp": "2026-08-22T14:24:48.125432", "sender_account": "OBST45783212332050", "receiver_account": "TKNE95981619733116", "amount": 9900.0, "currency": "USD", "type": "FRAUD_LAYERING"}
{"transaction_id": "6cac6ee7-6b10-403e-9871-2ef8bf78f54b", "timestamp": "2026-08-22T14:24:49.126388", "sender_account": "QOSV59129264416433", "receiver_account": "OWJJ95183742153706", "amount": 4635.3, "currency": "USD", "type": "NORMAL"}
{"transaction_id": "ea204ccb-1b48-464c-899c-f18532ded0e1", "timestamp": "2026-08-22T14:24:50.127506", "sender_account": "ECDH75774390227986", "receiver_account": "TYZA12395659119598", "amount": 9900.0, "currency": "USD", "type": "FRAUD_PLACEMENT"}
{"transaction_id": "9efff545-6ceb-4769-bd08-b6009faa5607", "timestamp": "2026-08-22T14:24:50.127549", "sender_account": "TYZA12395659119598", "receiver_account": "TKNE95981619733116", "amount": 9900.0, "currency": "USD", "type": "FRAUD_LAYERING"}
{"transaction_id": "634ca0be-18b3-450e-828c-838b234e38b9", "timestamp": "2026-08-22T14:24:51.129056", "sender_account": "YRYY89437144222231", "receiver_account": "ZISS86727170516266", "amount": 3206.71, "currency": "USD", "type": "NORMAL"}
{"transaction_id": "c3340be2-0697-4bec-9213-51d8f3b9ceeb", "timestamp": "2026-08-22T14:24:52.130322", "sender_account": "EJZC41691668687807", "receiver_account": "JQKJ34058795741041", "amount": 2639.59, "currency": "USD", "type": "NORMAL"}
{"transaction_id": "78e9f4d0-24fa-4a7e-9703-a55479aca223", "timestamp": "2026-08-22T14:24:53.131444", "sender_account": "ZWCH93320854773187", "receiver_account": "BMWQ07401602650724", "amount": 9900.0, "currency": "USD", "type": "FRAUD_PLACEMENT"}
{"transaction_id": "d9ef044e-f96e-472a-9dd8-fe04a61c06da", "timestamp": "2026-08-22T14:24:53.131491", "sender_account": "BMWQ07401602650724", "receiver_account": "TKNE95981619733116", "amount": 9900.0, "currency": "USD", "type": "FRAUD_LAYERING"}
{"transaction_id": "f9910128-0562-4718-8fff-6791d0d47104", "timestamp": "2026-08-22T14:24:54.132746", "sender_account": "RTKW81167619321392", "receiver_account": "HNVF64891754144366", "amount": 1607.18, "currency": "USD", "type": "NORMAL"}
{"transaction_id": "4e84ccae-3dde-4e8c-b3f1-99f9fbf50be5", "timestamp": "2026-08-22T14:24:55.133620", "sender_account": "OONT57623890878105", "receiver_account": "BLTT28136406266695", "amount": 3776.31, "currency": "USD", "type": "NORMAL"}
{"transaction_id": "195ed744-5721-4ec8-8ae1-d63386031bf5", "timestamp": "2026-08-22T14:24:56.134746", "sender_account": "JHOE55271525311673", "receiver_account": "ZGYE32529717670955", "amount": 3910.6, "currency": "USD", "type": "NORMAL"}
{"transaction_id": "f3392dd4-1919-4849-bdb9-739a8c097e85", "timestamp": "2026-08-22T14:24:57.135622", "sender_account": "HNVF64891754144366", "receiver_account": "TYZA12395659119598", "amount": 9900.0, "currency": "USD", "type": "FRAUD_PLACEMENT"}
{"transaction_id": "18194adf-a5eb-42cc-bdde-c514f0aa2884", "timestamp": "2026-08-22T14:24:57.135667", "sender_account": "TYZA12395659119598", "receiver_account": "TKNE95981619733116", "amount": 9900.0, "currency": "USD", "type": "FRAUD_LAYERING"}
{"transaction_id": "92129799-57a1-4570-a8a0-182898328e76", "timestamp": "2026-08-22T14:24:58.136907", "sender_account": "UOIY52992373188750", "receiver_account": "MGQC27256683991625", "amount": 3570.16, "currency": "USD", "type": "NORMAL"}
{"transaction_id": "9e672beb-1a54-4a41-a687-3441eaaff230", "timestamp": "2026-08-22T14:24:59.137957", "sender_account": "TKCO15830034158606", "receiver_account": "VNZI08329609359985", "amount": 3555.68, "currency": "USD", "type": "NORMAL"}
{"transaction_id": "4ac2db5f-1cff-41de-ba65-511b4a858c7e", "timestamp": "2026-08-22T14:25:00.138550", "sender_account": "FOBA45363711762614", "receiver_account": "WQIV41315931568868", "amount": 4521.36, "currency": "USD", "type": "NORMAL"}
{"transaction_id": "ff606224-1dfe-4174-95af-d60b057ccaa1", "timestamp": "2026-08-22T14:25:01.139785", "sender_account": "MLNT98933143420708", "receiver_account": "BMWQ07401602650724", "amount": 9900.0, "currency": "USD", "type": "FRAUD_PLACEMENT"}
{"transaction_id": "e3fe9f88-2204-4b56-922d-420f0c2d13a0", "timestamp": "2026-08-22T14:25:01.139835", "sender_account": "BMWQ07401602650724", "receiver_account": "TKNE95981619733116", "amount": 9900.0, "currency": "USD", "type": "FRAUD_LAYERING"}
{"transaction_id": "3100ec82-f2fe-4eb2-8c98-39fb90b9d590", "timestamp": "2026-08-22T14:25:03.141875", "sender_account": "FOKF83913028698195", "receiver_account": "TYZA12395659119598", "amount": 9900.0, "currency": "USD", "type": "FRAUD_PLACEMENT"}
{"transaction_id": "5f016e38-a64b-49c5-8ca6-e02826e86560", "timestamp": "2026-08-22T14:25:03.141926", "sender_account": "TYZA12395659119598", "receiver_account": "TKNE95981619733116", "amount": 9900.0, "currency": "USD", "type": "FRAUD_LAYERING"}
{"transaction_id": "9d66e558-d7b4-40f4-b225-a92d88fbe684", "timestamp": "2026-08-22T14:25:04.143103", "sender_account": "GOHX63551834343537", "receiver_account": "ZMWS54714289381237", "amount": 3637.17, "currency": "USD", "type": "NORMAL"}
{"transaction_id": "312f214d-d360-4446-ae9b-a6a1bdd5d859", "timestamp": "2026-08-22T14:25:05.151402", "sender_account": "FOKF83913028698195", "receiver_account": "MREZ94532505100354", "amount": 2802.06, "currency": "USD", "type": "NORMAL"}
{"transaction_id": "81134aed-c7f9-45f9-bee4-6c35fadf7e34", "timestamp": "2026-08-22T14:25:06.152783", "sender_account": "ZBAV57583531826293", "receiver_account": "YXRF85957215814306", "amount": 679.49, "currency": "USD", "type": "NORMAL"}
{"transaction_id": "bcf6c6a8-4fc2-44a7-8c68-f794e562ef25", "timestamp": "2026-08-22T14:25:07.153745", "sender_account": "ZADP42098975580841", "receiver_account": "ZGYE32529717670955", "amount": 4285.5, "currency": "USD", "type": "NORMAL"}
{"transaction_id": "9ea9ab14-7c08-477e-850c-7ab7c3718cea", "timestamp": "2026-08-22T14:25:08.154830", "sender_account": "RZVP21155505850037", "receiver_account": "TYZA12395659119598", "amount": 9900.0, "currency": "USD", "type": "FRAUD_PLACEMENT"}
{"transaction_id": "61125c72-f14b-42bb-93d8-bdec17954d34", "timestamp": "2026-08-22T14:25:08.154872", "sender_account": "TYZA12395659119598", "receiver_account": "TKNE95981619733116", "amount": 9900.0, "currency": "USD", "type": "FRAUD_LAYERING"}
{"transaction_id": "3b3dee79-7537-44e5-abb6-0891b016cdd3", "timestamp": "2026-08-22T14:25:09.155957", "sender_account": "ECDH75774390227986", "receiver_account": "OBST45783212332050", "amount": 49.96, "currency": "USD", "type": "NORMAL"}
{"transaction_id": "303d3e29-6e77-4efc-b917-f790c7053b04", "timestamp": "2026-08-22T14:25:10.156962", "sender_account": "NRLN08377251537949", "receiver_account": "OBST45783212332050", "amount": 2266.25, "currency": "USD", "type": "NORMAL"}
{"transaction_id": "85d719de-5014-4b91-9504-89b2e9ba2a91", "timestamp": "2026-08-22T14:25:11.158002", "sender_account": "MIJN31964293863181", "receiver_account": "BMWQ07401602650724", "amount": 2018.21, "currency": "USD", "type": "NORMAL"}
{"transaction_id": "8d8c697a-e484-4459-8aec-a4bd84aee4bc", "timestamp": "2026-08-22T14:25:12.158892", "sender_account": "WIYV91633626744584", "receiver_account": "TKCO15830034158606", "amount": 1250.87, "currency": "USD", "type": "NORMAL"}
{"transaction_id": "9967a478-abeb-445a-982c-e6df34510c60", "timestamp": "2026-08-22T14:25:13.159608", "sender_account": "MLNT98933143420708", "receiver_account": "OBST45783212332050", "amount": 9900.0, "currency": "USD", "type": "FRAUD_PLACEMENT"}
{"transaction_id": "ff971f69-4330-43f2-962f-b0eb170756c8", "timestamp": "2026-08-22T14:25:13.159664", "sender_account": "OBST45783212332050", "receiver_account": "TKNE95981619733116", "amount": 9900.0, "currency": "USD", "type": "FRAUD_LAYERING"}
{"transaction_id": "71bd00fa-455a-4c45-89e0-d825e95eb705", "timestamp": "2026-08-22T14:25:14.160704", "sender_account": "EJZC41691668687807", "receiver_account": "PCEW62562572220429", "amount": 2005.89, "currency": "USD", "type": "NORMAL"}
{"transaction_id": "3070706e-e15d-4716-afb2-66c3842cfe5b", "timestamp": "2026-08-22T14:25:15.161712", "sender_account": "REUU89703871611287", "receiver_account": "OBST45783212332050", "amount": 9900.0, "currency": "USD", "type": "FRAUD_PLACEMENT"}
{"transaction_id": "da748e13-0e53-49ea-bda6-98de60579846", "timestamp": "2026-08-22T14:25:15.161750", "sender_account": "OBST45783212332050", "receiver_account": "TKNE95981619733116", "amount": 9900.0, "currency": "USD", "type": "FRAUD_LAYERING"}
{"transaction_id": "af8e9f8d-c142-4761-ae7a-a4b4892b9dd8", "timestamp": "2026-08-22T14:25:16.162587", "sender_account": "TKCO15830034158606", "receiver_account": "HKVV91020206250530", "amount": 556.26, "currency": "USD", "type": "NORMAL"}
{"transaction_id": "b0e82fde-ce37-4724-ba1e-a8d5502b8820", "timestamp": "2026-08-22T14:25:17.163404", "sender_account": "MPYG47417771988920", "receiver_account": "VNZI08329609359985", "amount": 3448.47, "currency": "USD", "type": "NORMAL"}
{"transaction_id": "74c09bc2-a939-4ca0-a182-3d6387360d0b", "timestamp": "2026-08-22T14:25:18.164212", "sender_account": "ZBAV57583531826293", "receiver_account": "BMWQ07401602650724", "amount": 9900.0, "currency": "USD", "type": "FRAUD_PLACEMENT"}
{"transaction_id": "f5933519-d32c-49a8-ade2-745531ffffa7", "timestamp": "2026-08-22T14:25:18.164243", "sender_account": "BMWQ07401602650724", "receiver_account": "TKNE95981619733116", "amount": 9900.0, "currency": "USD", "type": "FRAUD_LAYERING"}
{"transaction_id": "b9a00311-8537-4acc-b014-6ae41b3d2d04", "timestamp": "2026-08-22T14:25:19.164965", "sender_account": "YRYY89437144222231", "receiver_account": "UQUO78118349294482", "amount": 1082.78, "currency": "USD", "type": "NORMAL"}
{"transaction_id": "aeb80d96-7d21-4c1f-96c7-5adedb6c57ac", "timestamp": "2026-08-22T14:25:20.165658", "sender_account": "MFRJ31603040538232", "receiver_account": "VVRM26534773504180", "amount": 2472.36, "currency": "USD", "type": "NORMAL"}
{"transaction_id": "d43a168e-5301-476e-83a0-258a10bb307e", "timestamp": "2026-08-22T14:25:21.166617", "sender_account": "TYZA12395659119598", "receiver_account": "ZGYE32529717670955", "amount": 1350.18, "currency": "USD", "type": "NORMAL"}
{"transaction_id": "b45ee07b-c306-46de-80c6-be0418602ad2", "timestamp": "2026-08-22T14:25:22.181567", "sender_account": "FOKF83913028698195", "receiver_account": "BTCE30031727194183", "amount": 849.39, "currency": "USD", "type": "NORMAL"}
{"transaction_id": "9e44ec6d-2a2b-4524-bdb5-cfbba13b7ab4", "timestamp": "2026-08-22T14:25:23.227497", "sender_account": "JRIS76694227569281", "receiver_account": "YFVA16193788759614", "amount": 3148.38, "currency": "USD", "type": "NORMAL"}
{"transaction_id": "ea41c416-37ee-453a-ad41-affbeb4d5bb6", "timestamp": "2026-08-22T14:25:24.228540", "sender_account": "QNGB06866193861206", "receiver_account": "EMXL67993602576108", "amount": 2202.48, "currency": "USD", "type": "NORMAL"}
{"transaction_id": "bb8dc277-1753-4679-8d93-3249089257c0", "timestamp": "2026-08-22T14:25:25.229400", "sender_account": "HBOW30753169678897", "receiver_account": "KNAU16349393570336", "amount": 2750.18, "currency": "USD", "type": "NORMAL"}
{"transaction_id": "fccb666f-bf73-4330-9391-f9cf8801e047", "timestamp": "2026-08-22T14:25:26.230086", "sender_account": "BMWQ07401602650724", "receiver_account": "MIJN31964293863181", "amount": 4499.99, "currency": "USD", "type": "NORMAL"}
{"transaction_id": "73ad871c-a0cd-4f2d-8714-ee64ab83d778", "timestamp": "2026-08-22T14:25:27.231096", "sender_account": "OWJJ95183742153706", "receiver_account": "VNZI08329609359985", "amount": 4399.23, "currency": "USD", "type": "NORMAL"}
{"transaction_id": "55f8a5f9-4612-4852-9ac0-482ebaebf667", "timestamp": "2026-08-22T14:25:28.231949", "sender_account": "ECDH75774390227986", "receiver_account": "KOVQ87848311751921", "amount": 452.11, "currency": "USD", "type": "NORMAL"}
{"transaction_id": "395bdedd-95c6-4ee6-9134-bf6a4a7bfa10", "timestamp": "2026-08-22T14:25:29.232843", "sender_account": "GIBZ40473797020174", "receiver_account": "BLTT28136406266695", "amount": 1251.17, "currency": "USD", "type": "NORMAL"}
{"transaction_id": "2f5f1e9c-aa3d-4cf8-b5bc-81774b59d891", "timestamp": "2026-08-22T14:25:30.233611", "sender_account": "JHOE55271525311673", "receiver_account": "YRYY89437144222231", "amount": 4028.24, "currency": "USD", "type": "NORMAL"}
{"transaction_id": "3268add4-b386-4059-95ae-3386d52ecfe7", "timestamp": "2026-08-22T14:25:31.238685", "sender_account": "QNGB06866193861206", "receiver_account": "ZVIU98542550975060", "amount": 1050.6, "currency": "USD", "type": "NORMAL"}
{"transaction_id": "1bd4a5b8-fe42-474e-9f57-8a2dda948627", "timestamp": "2026-08-22T14:25:32.242183", "sender_account": "YIRQ99574502470842", "receiver_account": "BMWQ07401602650724", "amount": 9900.0, "currency": "USD", "type": "FRAUD_PLACEMENT"}
{"transaction_id": "e3edd6da-d3cc-49a6-8c4a-f5b085ef966e", "timestamp": "2026-08-22T14:25:32.242222", "sender_account": "BMWQ07401602650724", "receiver_account": "TKNE95981619733116", "amount": 9900.0, "currency": "USD", "type": "FRAUD_LAYERING"}
{"transaction_id": "8845b31c-baa0-469d-a9f9-62268c628620", "timestamp": "2026-08-22T14:25:33.243107", "sender_account": "KSQR22887690863408", "receiver_account": "UJCK66397862919111", "amount": 4094.41, "currency": "USD", "type": "NORMAL"}
{"transaction_id": "5a5d24f1-75b7-4573-a8e8-db819e0e79a5", "timestamp": "2026-08-22T14:25:34.244029", "sender_account": "TYUO44513722171270", "receiver_account": "XMJK82504694562095", "amount": 462.94, "currency": "USD", "type": "NORMAL"}
{"transaction_id": "9e28c59d-f3b0-4318-9240-1bbdecc4a5ba", "timestamp": "2026-08-22T14:25:35.245150", "sender_account": "SNQR02825333527062", "receiver_account": "ZQRY82107849082085", "amount": 3353.86, "currency": "USD", "type": "NORMAL"}
{"transaction_id": "2d29083c-16d3-496c-a7ee-d2e87139ac10", "timestamp": "2026-08-22T14:25:36.246037", "sender_account": "HQYC61658237444874", "receiver_account": "FOBA45363711762614", "amount": 4845.16, "currency": "USD", "type": "NORMAL"}
{"transaction_id": "d31ba2a5-1962-45db-a62b-511907446b23", "timestamp": "2026-08-22T14:25:37.247664", "sender_account": "ZBAV57583531826293", "receiver_account": "QJTE47754309425360", "amount": 3839.29, "currency": "USD", "type": "NORMAL"}
{"transaction_id": "95382cfb-c657-4cc5-a1b0-b94d8d495b6f", "timestamp": "2026-08-22T14:25:38.248336", "sender_account": "YFVA16193788759614", "receiver_account": "JGKZ81762083124666", "amount": 1974.64, "currency": "USD", "type": "NORMAL"}
{"transaction_id": "ea020a3c-c10f-4a2a-afb4-f014963d82bd", "timestamp": "2026-08-22T14:25:39.249224", "sender_account": "BLTT28136406266695", "receiver_account": "WCLE91496399180753", "amount": 1888.35, "currency": "USD", "type": "NORMAL"}
{"transaction_id": "8077d297-fc76-401d-9a53-bb85b57ee1ca", "timestamp": "2026-08-22T14:25:40.250209", "sender_account": "ZRSL02416594373530", "receiver_account": "EUPF21042455172540", "amount": 3182.88, "currency": "USD", "type": "NORMAL"}
{"transaction_id": "7872b8c7-3e17-457b-a3a1-bc6dc50ca005", "timestamp": "2026-08-22T14:25:41.250858", "sender_account": "HKVV91020206250530", "receiver_account": "VVRM26534773504180", "amount": 3138.89, "currency": "USD", "type": "NORMAL"}
{"transaction_id": "99af96e0-a4c0-4ffd-b48f-7c8121657ffc", "timestamp": "2026-08-22T14:25:42.251791", "sender_account": "EUPF21042455172540", "receiver_account": "VPQE19399427637466", "amount": 1953.69, "currency": "USD", "type": "NORMAL"}
{"transaction_id": "8223c20b-01d1-4388-925b-ac9914c40f35", "timestamp": "2026-08-22T14:25:43.255091", "sender_account": "YGUU62893874834917", "receiver_account": "GKOO36379143283440", "amount": 3741.09, "currency": "USD", "type": "NORMAL"}
{"transaction_id": "db41541e-6c89-46ae-94f9-93e7ccc24da9", "timestamp": "2026-08-22T14:25:44.257167", "sender_account": "WKTH11946849130998", "receiver_account": "IFXC26846099455699", "amount": 4411.63, "currency": "USD", "type": "NORMAL"}
{"transaction_id": "af7c7849-22df-47e3-9206-ab51635e850a", "timestamp": "2026-08-22T14:25:45.258225", "sender_account": "ZISS86727170516266", "receiver_account": "TYUO44513722171270", "amount": 1392.69, "currency": "USD", "type": "NORMAL"}
{"transaction_id": "952c3b6f-6a68-4298-96e4-d615b472df82", "timestamp": "2026-08-22T14:25:46.259257", "sender_account": "PALM16133745049607", "receiver_account": "JGKZ81762083124666", "amount": 4423.73, "currency": "USD", "type": "NORMAL"}
{"transaction_id": "8e8ec66d-efa3-4d25-83e5-cc60c1f70525", "timestamp": "2026-08-22T14:25:47.259990", "sender_account": "MIJN31964293863181", "receiver_account": "YFVA16193788759614", "amount": 2862.31, "currency": "USD", "type": "NORMAL"}
{"transaction_id": "20e39c8b-966f-47ce-9863-6bc296d7d4be", "timestamp": "2026-08-22T14:25:48.260692", "sender_account": "ZGMR58754809663746", "receiver_account": "JHOE55271525311673", "amount": 1020.56, "currency": "USD", "type": "NORMAL"}
{"transaction_id": "9f1c4f56-70dc-46bb-9083-34823e1ddc49", "timestamp": "2026-08-22T14:25:49.261473", "sender_account": "KOVQ87848311751921", "receiver_account": "TYZA12395659119598", "amount": 1419.66, "currency": "USD", "type": "NORMAL"}
{"transaction_id": "a945d7ad-08ab-4e98-a868-083f0687d39a", "timestamp": "2026-08-22T14:25:50.262586", "sender_account": "KOVQ87848311751921", "receiver_account": "QJTE47754309425360", "amount": 4826.96, "currency": "USD", "type": "NORMAL"}
{"transaction_id": "743e702d-541f-44f8-bc42-417ff3cc7eb4", "timestamp": "2026-08-22T14:25:51.263668", "sender_account": "DSOS96311899642368", "receiver_account": "RTKW81167619321392", "amount": 2375.98, "currency": "USD", "type": "NORMAL"}
{"transaction_id": "087433bd-363c-4e10-8be4-8e3c9c953743", "timestamp": "2026-08-22T14:25:52.264411", "sender_account": "VALP74928055025578", "receiver_account": "MGQC27256683991625", "amount": 3112.01, "currency": "USD", "type": "NORMAL"}
{"transaction_id": "881ca31c-0970-4220-8817-aad1d22675d0", "timestamp": "2026-08-22T14:25:53.265440", "sender_account": "VPQE19399427637466", "receiver_account": "WQIV41315931568868", "amount": 650.14, "currency": "USD", "type": "NORMAL"}
{"transaction_id": "06ec8b82-285b-4b60-869f-4bf3ebe2c0d4", "timestamp": "2026-08-22T14:25:54.266427", "sender_account": "POPI60802500302561", "receiver_account": "BMWQ07401602650724", "amount": 9900.0, "currency": "USD", "type": "FRAUD_PLACEMENT"}
{"transaction_id": "cfa2c139-7778-4335-ae35-28eb58daf321", "timestamp": "2026-08-22T14:25:54.266464", "sender_account": "BMWQ07401602650724", "receiver_account": "TKNE95981619733116", "amount": 9900.0, "currency": "USD", "type": "FRAUD_LAYERING"}
{"transaction_id": "a49503d5-da54-4d8b-9a77-338102ebb060", "timestamp": "2026-08-22T14:25:55.267287", "sender_account": "MREZ94532505100354", "receiver_account": "EUPF21042455172540", "amount": 4679.32, "currency": "USD", "type": "NORMAL"}
{"transaction_id": "4f2a6f77-98bc-47da-b624-c91ea05b63f5", "timestamp": "2026-08-22T14:25:56.268283", "sender_account": "REUU89703871611287", "receiver_account": "TYZA12395659119598", "amount": 9900.0, "currency": "USD", "type": "FRAUD_PLACEMENT"}
{"transaction_id": "934398cb-21d7-4bff-a98c-6c5763c6325f", "timestamp": "2026-08-22T14:25:56.268317", "sender_account": "TYZA12395659119598", "receiver_account": "TKNE95981619733116", "amount": 9900.0, "currency": "USD", "type": "FRAUD_LAYERING"}
{"transaction_id": "a6a3077f-5a63-420f-a1b9-a0d39298f4c6", "timestamp": "2026-08-22T14:25:57.268999", "sender_account": "UOIY52992373188750", "receiver_account": "GIBZ40473797020174", "amount": 9900.0, "currency": "USD", "type": "FRAUD_PLACEMENT"}
{"transaction_id": "54f4831c-9480-470a-aa1a-4ef8476de152", "timestamp": "2026-08-22T14:25:57.269035", "sender_account": "GIBZ40473797020174", "receiver_account": "TKNE95981619733116", "amount": 9900.0, "currency": "USD", "type": "FRAUD_LAYERING"}
{"transaction_id": "ada9d801-26aa-4d5f-b2d9-7cfa9f45b1a2", "timestamp": "2026-08-22T14:25:58.270298", "sender_account": "ONTE15993666350518", "receiver_account": "VPQE19399427637466", "amount": 9900.0, "currency": "USD", "type": "FRAUD_PLACEMENT"}
{"transaction_id": "0faeeb3d-8a70-40a7-9f9b-12321e89d446", "timestamp": "2026-08-22T14:25:58.270333", "sender_account": "VPQE19399427637466", "receiver_account": "TKNE95981619733116", "amount": 9900.0, "currency": "USD", "type": "FRAUD_LAYERING"}
{"transaction_id": "8228d45f-7519-4e3d-b4b5-74658bf4abf5", "timestamp": "2026-08-22T14:25:59.271235", "sender_account": "VVRM26534773504180", "receiver_account": "UJCK66397862919111", "amount": 3966.79, "currency": "USD", "type": "NORMAL"}
{"transaction_id": "7b89434c-7b6d-4663-ab36-2e6faf128c66", "timestamp": "2026-08-22T14:26:00.271853", "sender_account": "FOBA45363711762614", "receiver_account": "ECDH75774390227986", "amount": 634.12, "currency": "USD", "type": "NORMAL"}
{"transaction_id": "e8c34aee-5e0a-463f-acc9-8b797fea0516", "timestamp": "2026-08-22T14:26:01.272489", "sender_account": "RZVP21155505850037", "receiver_account": "BARZ06398633576495", "amount": 598.39, "currency": "USD", "type": "NORMAL"}
{"transaction_id": "c78335d9-cd78-4859-9cda-0c780e43718c", "timestamp": "2026-08-22T14:26:02.273109", "sender_account": "ZRSL02416594373530", "receiver_account": "EMXL67993602576108", "amount": 4872.67, "currency": "USD", "type": "NORMAL"}
{"transaction_id": "ff8cefe3-e508-4bbe-a2a3-3f092ea390f5", "timestamp": "2026-08-22T14:26:03.273701", "sender_account": "MLNT98933143420708", "receiver_account": "GIBZ40473797020174", "amount": 9900.0, "currency": "USD", "type": "FRAUD_PLACEMENT"}
{"transaction_id": "d90d3723-9f95-4d7c-86ab-bf8da12303ea", "timestamp": "2026-08-22T14:26:03.273744", "sender_account": "GIBZ40473797020174", "receiver_account": "TKNE95981619733116", "amount": 9900.0, "currency": "USD", "type": "FRAUD_LAYERING"}
{"transaction_id": "1d9d87fc-657d-4066-a07f-460299a5b42d", "timestamp": "2026-08-22T14:26:04.275425", "sender_account": "ONTE15993666350518", "receiver_account": "VPQE19399427637466", "amount": 9900.0, "currency": "USD", "type": "FRAUD_PLACEMENT"}
{"transaction_id": "7e5a672b-7c64-4535-9053-0b05ea4bc524", "timestamp": "2026-08-22T14:26:04.275486", "sender_account": "VPQE19399427637466", "receiver_account": "TKNE95981619733116", "amount": 9900.0, "currency": "USD", "type": "FRAUD_LAYERING"}
{"transaction_id": "7ac24a4b-128c-4a5a-b381-397ce1b8bf7e", "timestamp": "2026-08-22T14:26:05.276386", "sender_account": "RTKW81167619321392", "receiver_account": "OXKV10606491971240", "amount": 4614.26, "currency": "USD", "type": "NORMAL"}
{"transaction_id": "81d9b19a-1c53-45c6-952b-293e9003688f", "timestamp": "2026-08-22T14:26:06.277018", "sender_account": "ONTE15993666350518", "receiver_account": "MPYG47417771988920", "amount": 786.44, "currency": "USD", "type": "NORMAL"}
{"transaction_id": "a4be055b-3645-41b4-a7f4-9eedcdbfef7d", "timestamp": "2026-08-22T14:26:07.278085", "sender_account": "POPI60802500302561", "receiver_account": "MFRJ31603040538232", "amount": 2710.76, "currency": "USD", "type": "NORMAL"}
{"transaction_id": "e87282d5-ef4d-42f5-98ff-55a72922fcd4", "timestamp": "2026-08-22T14:26:08.278752", "sender_account": "MREZ94532505100354", "receiver_account": "ZRSL02416594373530", "amount": 3553.8, "currency": "USD", "type": "NORMAL"}
{"transaction_id": "98e42720-9365-43f2-a6a0-18d198f05031", "timestamp": "2026-08-22T14:26:09.279806", "sender_account": "MLNT98933143420708", "receiver_account": "ZWCH93320854773187", "amount": 4152.21, "currency": "USD", "type": "NORMAL"}
{"transaction_id": "0ab998da-c743-4c98-a502-0d75605adf19", "timestamp": "2026-08-22T14:26:10.280512", "sender_account": "ZISS86727170516266", "receiver_account": "HQYC61658237444874", "amount": 2419.99, "currency": "USD", "type": "NORMAL"}
{"transaction_id": "baa76a63-41cd-456a-8389-6b6888086962", "timestamp": "2026-08-22T14:26:11.281637", "sender_account": "HQYC61658237444874", "receiver_account": "BARZ06398633576495", "amount": 3117.68, "currency": "USD", "type": "NORMAL"}
{"transaction_id": "3478be19-a5c5-425c-9128-9e69759b7269", "timestamp": "2026-08-22T14:26:12.282615", "sender_account": "WIYV91633626744584", "receiver_account": "OXKV10606491971240", "amount": 2994.22, "currency": "USD", "type": "NORMAL"}
{"transaction_id": "c0a2d3a3-9abd-44cf-a2f7-445892eadae7", "timestamp": "2026-08-22T14:26:13.283684", "sender_account": "BATQ26066122589537", "receiver_account": "CWAH81262579423819", "amount": 538.29, "currency": "USD", "type": "NORMAL"}
{"transaction_id": "d2a1fed6-153b-4c66-9648-58569fea0c09", "timestamp": "2026-08-22T14:26:14.284412", "sender_account": "BLTT28136406266695", "receiver_account": "HKVV91020206250530", "amount": 159.63, "currency": "USD", "type": "NORMAL"}
{"transaction_id": "874fb725-4648-4859-bab5-0fb01c2a2655", "timestamp": "2026-08-22T14:26:15.285189", "sender_account": "OCPV45827561184835", "receiver_account": "NORJ47127315571079", "amount": 4895.81, "currency": "USD", "type": "NORMAL"}
{"transaction_id": "48139ab1-3831-4876-99c8-b99f660a2362", "timestamp": "2026-08-22T14:26:16.286140", "sender_account": "MGQC27256683991625", "receiver_account": "VALP74928055025578", "amount": 94.97, "currency": "USD", "type": "NORMAL"}
{"transaction_id": "44e07794-8bc4-45b1-868f-cdc287da9934", "timestamp": "2026-08-22T14:26:17.286850", "sender_account": "WQIV41315931568868", "receiver_account": "ZVIU98542550975060", "amount": 771.84, "currency": "USD", "type": "NORMAL"}
{"transaction_id": "1ff6b86b-25b8-4e02-85e0-4a7623952567", "timestamp": "2026-08-22T14:26:18.287561", "sender_account": "XMJK82504694562095", "receiver_account": "HKVV91020206250530", "amount": 1171.13, "currency": "USD", "type": "NORMAL"}
{"transaction_id": "29452d97-44e4-4788-812e-5659c07406de", "timestamp": "2026-08-22T14:26:19.288728", "sender_account": "JQKJ34058795741041", "receiver_account": "CDPO86269475852321", "amount": 4959.54, "currency": "USD", "type": "NORMAL"}
{"transaction_id": "e7df7327-a39c-4a22-a27e-aecef1898bbe", "timestamp": "2026-08-22T14:26:20.289341", "sender_account": "ZGMR58754809663746", "receiver_account": "HKVV91020206250530", "amount": 4288.13, "currency": "USD", "type": "NORMAL"}
{"transaction_id": "874a3256-12ee-428f-b915-34b61e59af7f", "timestamp": "2026-08-22T14:26:21.290140", "sender_account": "OONT57623890878105", "receiver_account": "OWJJ95183742153706", "amount": 4804.45, "currency": "USD", "type": "NORMAL"}
{"transaction_id": "e45cb17f-719d-46e7-a59b-de36819542b7", "timestamp": "2026-08-22T14:26:22.290946", "sender_account": "QJTE47754309425360", "receiver_account": "SNQR02825333527062", "amount": 3245.28, "currency": "USD", "type": "NORMAL"}
{"transaction_id": "efcd73f3-dcb0-4c67-9d6d-ccc32204a30a", "timestamp": "2026-08-22T14:26:23.292047", "sender_account": "SOBM80491499457608", "receiver_account": "DSOS96311899642368", "amount": 4007.28, "currency": "USD", "type": "NORMAL"}
{"transaction_id": "69528dd8-d257-4c29-8fd5-d56a6fcced6c", "timestamp": "2026-08-22T14:26:24.292771", "sender_account": "YRYY89437144222231", "receiver_account": "MFRJ31603040538232", "amount": 4065.51, "currency": "USD", "type": "NORMAL"}
{"transaction_id": "50c83983-b60d-47e6-a9f3-023ce12d858c", "timestamp": "2026-08-22T14:26:25.293501", "sender_account": "KOVQ87848311751921", "receiver_account": "UJCK66397862919111", "amount": 4710.19, "currency": "USD", "type": "NORMAL"}
{"transaction_id": "a4ca1b87-f9e7-45b9-a86f-e2d82c7248af", "timestamp": "2026-08-22T14:26:26.294543", "sender_account": "BOQG09638950855355", "receiver_account": "ONTE15993666350518", "amount": 2637.64, "currency": "USD", "type": "NORMAL"}
{"transaction_id": "223d68d7-c5c8-4784-bf0e-a5cc1a927258", "timestamp": "2026-08-22T14:26:27.295576", "sender_account": "ZADP42098975580841", "receiver_account": "OBST45783212332050", "amount": 9900.0, "currency": "USD", "type": "FRAUD_PLACEMENT"}
{"transaction_id": "c0bbe4d5-9654-40e5-9622-41771389c90f", "timestamp": "2026-08-22T14:26:27.295629", "sender_account": "OBST45783212332050", "receiver_account": "TKNE95981619733116", "amount": 9900.0, "currency": "USD", "type": "FRAUD_LAYERING"}
{"transaction_id": "4f26aebe-c79e-4dcf-aeb6-94af111f88f0", "timestamp": "2026-08-22T14:26:28.296807", "sender_account": "PCEW62562572220429", "receiver_account": "VPQE19399427637466", "amount": 9900.0, "currency": "USD", "type": "FRAUD_PLACEMENT"}
{"transaction_id": "1b57be92-0e77-4b2b-b92b-f499896e803d", "timestamp": "2026-08-22T14:26:28.296853", "sender_account": "VPQE19399427637466", "receiver_account": "TKNE95981619733116", "amount": 9900.0, "currency": "USD", "type": "FRAUD_LAYERING"}
{"transaction_id": "9fc33e03-6b13-4808-9a7d-54914e4835e9", "timestamp": "2026-08-22T14:26:29.299432", "sender_account": "EJZC41691668687807", "receiver_account": "ITUW94328852809457", "amount": 313.13, "currency": "USD", "type": "NORMAL"}
{"transaction_id": "34d82c6a-1d02-4b80-b141-0291ac458150", "timestamp": "2026-08-22T14:26:30.300448", "sender_account": "HKVV91020206250530", "receiver_account": "ONTE15993666350518", "amount": 3178.33, "currency": "USD", "type": "NORMAL"}
{"transaction_id": "e2e75825-c532-4f1c-8f2d-dc8865e46f41", "timestamp": "2026-08-22T14:26:31.301555", "sender_account": "CDPO86269475852321", "receiver_account": "SNQR02825333527062", "amount": 2842.85, "currency": "USD", "type": "NORMAL"}
{"transaction_id": "4774e80e-2652-474a-b842-ae36c1d323cd", "timestamp": "2026-08-22T14:26:32.302637", "sender_account": "YIRQ99574502470842", "receiver_account": "NORJ47127315571079", "amount": 1598.13, "currency": "USD", "type": "NORMAL"}
{"transaction_id": "b1bb03ac-4a27-41b3-bd74-914f4f41d9e5", "timestamp": "2026-08-22T14:26:33.303472", "sender_account": "QJTE47754309425360", "receiver_account": "ZRSL02416594373530", "amount": 1361.28, "currency": "USD", "type": "NORMAL"}
{"transaction_id": "c0aa9946-740b-4611-9bba-380ce7f18256", "timestamp": "2026-08-22T14:26:34.304721", "sender_account": "HQYC61658237444874", "receiver_account": "ZADP42098975580841", "amount": 2053.09, "currency": "USD", "type": "NORMAL"}
{"transaction_id": "5838a566-461c-409b-9a02-5594926c9e41", "timestamp": "2026-08-22T14:26:35.305364", "sender_account": "UIUQ30880043964264", "receiver_account": "YFVA16193788759614", "amount": 1151.95, "currency": "USD", "type": "NORMAL"}
{"transaction_id": "a439da1f-46ce-4edd-8c82-bf5104412310", "timestamp": "2026-08-22T14:26:36.306280", "sender_account": "ECDH75774390227986", "receiver_account": "JHOE55271525311673", "amount": 472.79, "currency": "USD", "type": "NORMAL"}
{"transaction_id": "319a0601-2562-46c0-b363-77aa077d92aa", "timestamp": "2026-08-22T14:26:37.306910", "sender_account": "OBST45783212332050", "receiver_account": "BARZ06398633576495", "amount": 1054.86, "currency": "USD", "type": "NORMAL"}
{"transaction_id": "97a4e2e6-57f2-44f8-8db4-ffc79ff906db", "timestamp": "2026-08-22T14:26:38.308073", "sender_account": "ZFKA83364609539681", "receiver_account": "HQYC61658237444874", "amount": 2777.16, "currency": "USD", "type": "NORMAL"}
{"transaction_id": "1b32d7f2-762a-45d1-8158-0226db756136", "timestamp": "2026-08-22T14:26:39.308814", "sender_account": "ZADP42098975580841", "receiver_account": "GIBZ40473797020174", "amount": 9900.0, "currency": "USD", "type": "FRAUD_PLACEMENT"}
{"transaction_id": "480c854d-497d-4e3c-82f8-62086e46b57e", "timestamp": "2026-08-22T14:26:39.308853", "sender_account": "GIBZ40473797020174", "receiver_account": "TKNE95981619733116", "amount": 9900.0, "currency": "USD", "type": "FRAUD_LAYERING"}
{"transaction_id": "07b62ad8-9845-43b0-a790-85aaaacdb8f3", "timestamp": "2026-08-22T14:26:40.310025", "sender_account": "NORJ47127315571079", "receiver_account": "JHOE55271525311673", "amount": 2461.1, "currency": "USD", "type": "NORMAL"}
{"transaction_id": "cb7782f5-81fc-4a06-afaa-a67b11d934ca", "timestamp": "2026-08-22T14:26:41.310686", "sender_account": "HNVF64891754144366", "receiver_account": "RTKW81167619321392", "amount": 1536.29, "currency": "USD", "type": "NORMAL"}
{"transaction_id": "9c0c7712-32ff-4f5b-9e9a-afda92ae68c6", "timestamp": "2026-08-22T14:26:42.311558", "sender_account": "BMWQ07401602650724", "receiver_account": "VVRM26534773504180", "amount": 450.5, "currency": "USD", "type": "NORMAL"}
{"transaction_id": "aa4e8fee-c2f3-4dc1-a340-99df903a11c1", "timestamp": "2026-08-22T14:26:43.312725", "sender_account": "FOKF83913028698195", "receiver_account": "ZWCH93320854773187", "amount": 1850.92, "currency": "USD", "type": "NORMAL"}
{"transaction_id": "d79b2072-90c3-457f-931e-d43179d73999", "timestamp": "2026-08-22T14:26:44.313677", "sender_account": "VVRM26534773504180", "receiver_account": "ZBAV57583531826293", "amount": 1839.51, "currency": "USD", "type": "NORMAL"}
{"transaction_id": "e8d87e01-a39a-4620-b013-7e9726fc8016", "timestamp": "2026-08-22T14:26:45.314572", "sender_account": "UQUO78118349294482", "receiver_account": "HKVV91020206250530", "amount": 1550.53, "currency": "USD", "type": "NORMAL"}
{"transaction_id": "45d833f4-4073-4846-bafc-569c1f4c6de7", "timestamp": "2026-08-22T14:26:46.315419", "sender_account": "KOVQ87848311751921", "receiver_account": "JRIS76694227569281", "amount": 2416.52, "currency": "USD", "type": "NORMAL"}
{"transaction_id": "b61ad892-3c77-4050-98d2-e2b15a3763d2", "timestamp": "2026-08-22T14:26:47.316606", "sender_account": "XMJK82504694562095", "receiver_account": "TYZA12395659119598", "amount": 9900.0, "currency": "USD", "type": "FRAUD_PLACEMENT"}
{"transaction_id": "05cffb9e-1bf1-45ca-9661-3a37d0a644e0", "timestamp": "2026-08-22T14:26:47.316652", "sender_account": "TYZA12395659119598", "receiver_account": "TKNE95981619733116", "amount": 9900.0, "currency": "USD", "type": "FRAUD_LAYERING"}
{"transaction_id": "3ea20af3-4760-4a35-bcba-c431a3f44d27", "timestamp": "2026-08-22T14:26:48.317892", "sender_account": "YFVA16193788759614", "receiver_account": "GLIT62311059003233", "amount": 801.3, "currency": "USD", "type": "NORMAL"}
{"transaction_id": "43012ecb-c01e-4e9d-a32b-b582373bad53", "timestamp": "2026-08-22T14:26:49.318726", "sender_account": "ZWCH93320854773187", "receiver_account": "OBST45783212332050", "amount": 9900.0, "currency": "USD", "type": "FRAUD_PLACEMENT"}
{"transaction_id": "6355f993-ad06-419b-8afe-08b5590bb30c", "timestamp": "2026-08-22T14:26:49.318756", "sender_account": "OBST45783212332050", "receiver_account": "TKNE95981619733116", "amount": 9900.0, "currency": "USD", "type": "FRAUD_LAYERING"}
{"transaction_id": "174b632a-c150-44d0-87be-61b1ef6594b2", "timestamp": "2026-08-22T14:26:50.324974", "sender_account": "DSOS96311899642368", "receiver_account": "QNGB06866193861206", "amount": 3601.1, "currency": "USD", "type": "NORMAL"}
{"transaction_id": "9b2aa971-608e-49b8-b3e7-dee6d18fd5a0", "timestamp": "2026-08-22T14:26:51.326139", "sender_account": "BWKA78710027600682", "receiver_account": "JHOE55271525311673", "amount": 2907.63, "currency": "USD", "type": "NORMAL"}
{"transaction_id": "157dc2c1-211a-4df1-8bf5-db274ffa5ed7", "timestamp": "2026-08-22T14:26:52.327136", "sender_account": "JGKZ81762083124666", "receiver_account": "OXKV10606491971240", "amount": 2139.76, "currency": "USD", "type": "NORMAL"}
{"transaction_id": "b6b569c9-e638-45c8-a589-a8eab2a33efd", "timestamp": "2026-08-22T14:26:53.332305", "sender_account": "REUU89703871611287", "receiver_account": "VPQE19399427637466", "amount": 9900.0, "currency": "USD", "type": "FRAUD_PLACEMENT"}
{"transaction_id": "fe4cc2be-8702-449e-86d1-dba099285053", "timestamp": "2026-08-22T14:26:53.332421", "sender_account": "VPQE19399427637466", "receiver_account": "TKNE95981619733116", "amount": 9900.0, "currency": "USD", "type": "FRAUD_LAYERING"}
{"transaction_id": "cb1b6b69-c345-449a-9397-2df0536bab46", "timestamp": "2026-08-22T14:26:54.333536", "sender_account": "MLNT98933143420708", "receiver_account": "HQYC61658237444874", "amount": 2896.76, "currency": "USD", "type": "NORMAL"}
{"transaction_id": "c0dab835-a54e-4bd4-ac99-f101f99647f0", "timestamp": "2026-08-22T14:26:55.334749", "sender_account": "FOKF83913028698195", "receiver_account": "SNQR02825333527062", "amount": 4062.77, "currency": "USD", "type": "NORMAL"}
{"transaction_id": "3f93fe24-5efe-4a5d-bff7-545844b4257a", "timestamp": "2026-08-22T14:26:56.335856", "sender_account": "BATQ26066122589537", "receiver_account": "ZBAV57583531826293", "amount": 2050.69, "currency": "USD", "type": "NORMAL"}
{"transaction_id": "3e0220f6-f505-428a-97f0-aa1fbb18d66f", "timestamp": "2026-08-22T14:26:57.336797", "sender_account": "ZGMR58754809663746", "receiver_account": "CWAH81262579423819", "amount": 3586.22, "currency": "USD", "type": "NORMAL"}
{"transaction_id": "eb6be46f-a43b-43cb-a8f9-0a5593fab843", "timestamp": "2026-08-22T14:26:58.337542", "sender_account": "MGQC27256683991625", "receiver_account": "BOQG09638950855355", "amount": 1296.21, "currency": "USD", "type": "NORMAL"}
{"transaction_id": "49cf00d3-9d0d-48e6-aaf1-9bf3bfe70bb0", "timestamp": "2026-08-22T14:26:59.338238", "sender_account": "HAZZ16939678914701", "receiver_account": "UQUO78118349294482", "amount": 4200.72, "currency": "USD", "type": "NORMAL"}
{"transaction_id": "244c342d-8e77-4988-9021-4356e80915de", "timestamp": "2026-08-22T14:27:00.339270", "sender_account": "UOIY52992373188750", "receiver_account": "ECDH75774390227986", "amount": 1552.74, "currency": "USD", "type": "NORMAL"}
{"transaction_id": "bcbd6979-2cd0-417b-a004-c662134ef40e", "timestamp": "2026-08-22T14:27:01.340258", "sender_account": "YRYY89437144222231", "receiver_account": "YXRF85957215814306", "amount": 4854.07, "currency": "USD", "type": "NORMAL"}
{"transaction_id": "ced3246e-9a9a-45aa-bb55-d56183310772", "timestamp": "2026-08-22T14:27:02.341114", "sender_account": "GKOO36379143283440", "receiver_account": "GIBZ40473797020174", "amount": 9900.0, "currency": "USD", "type": "FRAUD_PLACEMENT"}
{"transaction_id": "9e41b1c7-1731-46c5-af37-ae4245f0d982", "timestamp": "2026-08-22T14:27:02.341174", "sender_account": "GIBZ40473797020174", "receiver_account": "TKNE95981619733116", "amount": 9900.0, "currency": "USD", "type": "FRAUD_LAYERING"}
{"transaction_id": "c87a6246-2c42-4634-b56b-0ec7b9632286", "timestamp": "2026-08-22T14:27:03.342280", "sender_account": "FXIM87758079103884", "receiver_account": "ZBAV57583531826293", "amount": 2857.22, "currency": "USD", "type": "NORMAL"}
{"transaction_id": "b4466df8-0b6e-460d-9fc2-03170759a82a", "timestamp": "2026-08-22T14:27:04.343009", "sender_account": "NRLN08377251537949", "receiver_account": "UJCK66397862919111", "amount": 3717.22, "currency": "USD", "type": "NORMAL"}
{"transaction_id": "9ff2c8e0-d4f4-4636-8344-1eba5dc4e704", "timestamp": "2026-08-22T14:27:05.343687", "sender_account": "REUU89703871611287", "receiver_account": "VPQE19399427637466", "amount": 9900.0, "currency": "USD", "type": "FRAUD_PLACEMENT"}
{"transaction_id": "1cb0b2e5-d411-4d8e-9a80-59cbdaa698d0", "timestamp": "2026-08-22T14:27:05.343728", "sender_account": "VPQE19399427637466", "receiver_account": "TKNE95981619733116", "amount": 9900.0, "currency": "USD", "type": "FRAUD_LAYERING"}
{"transaction_id": "64f6afd2-0c29-41f1-8515-23613a132d4b", "timestamp": "2026-08-22T14:27:06.344995", "sender_account": "UOIY52992373188750", "receiver_account": "VPQE19399427637466", "amount": 9900.0, "currency": "USD", "type": "FRAUD_PLACEMENT"}
{"transaction_id": "766d49b6-895f-457d-a3c2-7b750c637015", "timestamp": "2026-08-22T14:27:06.345054", "sender_account": "VPQE19399427637466", "receiver_account": "TKNE95981619733116", "amount": 9900.0, "currency": "USD", "type": "FRAUD_LAYERING"}
{"transaction_id": "78efe73f-1c27-4495-aa62-599888bc6c04", "timestamp": "2026-08-22T14:27:07.346281", "sender_account": "MGQC27256683991625", "receiver_account": "ZADP42098975580841", "amount": 2550.28, "currency": "USD", "type": "NORMAL"}
{"transaction_id": "e5389a62-078b-40dd-8b3a-e66279c7eede", "timestamp": "2026-08-22T14:27:08.347338", "sender_account": "HAZZ16939678914701", "receiver_account": "MLNT98933143420708", "amount": 865.08, "currency": "USD", "type": "NORMAL"}
{"transaction_id": "4103d2e8-136b-4919-9072-9b5c12dcb586", "timestamp": "2026-08-22T14:27:09.348199", "sender_account": "BLTT28136406266695", "receiver_account": "BMWQ07401602650724", "amount": 9900.0, "currency": "USD", "type": "FRAUD_PLACEMENT"}
{"transaction_id": "bfecbe3a-0f1f-47e6-8b98-c0afc12cc8d7", "timestamp": "2026-08-22T14:27:09.348242", "sender_account": "BMWQ07401602650724", "receiver_account": "TKNE95981619733116", "amount": 9900.0, "currency": "USD", "type": "FRAUD_LAYERING"}
{"transaction_id": "7eff1fbe-311d-484a-8e5f-ce1be49e49c5", "timestamp": "2026-08-22T14:27:10.349296", "sender_account": "CDPO86269475852321", "receiver_account": "FXIM87758079103884", "amount": 4745.46, "currency": "USD", "type": "NORMAL"}
{"transaction_id": "d34514e2-57f7-4514-83fa-9d500d4f4574", "timestamp": "2026-08-22T14:27:11.349999", "sender_account": "RZVP21155505850037", "receiver_account": "GIBZ40473797020174", "amount": 9900.0, "currency": "USD", "type": "FRAUD_PLACEMENT"}
{"transaction_id": "a26c5eec-0eeb-478c-bc7e-447f99ab0f2a", "timestamp": "2026-08-22T14:27:11.350042", "sender_account": "GIBZ40473797020174", "receiver_account": "TKNE95981619733116", "amount": 9900.0, "currency": "USD", "type": "FRAUD_LAYERING"}
{"transaction_id": "58006d1a-373f-45c3-8445-3cf2cb9e2cd4", "timestamp": "2026-08-22T14:27:12.351001", "sender_account": "NRLN08377251537949", "receiver_account": "ZMWS54714289381237", "amount": 3723.06, "currency": "USD", "type": "NORMAL"}
{"transaction_id": "54ef15e0-fd87-420e-b288-6c2de6c199b7", "timestamp": "2026-08-22T14:27:13.351710", "sender_account": "TYUO44513722171270", "receiver_account": "JHOE55271525311673", "amount": 2744.95, "currency": "USD", "type": "NORMAL"}
{"transaction_id": "01690c78-ffbb-4da2-964b-0327c54ddc1c", "timestamp": "2026-08-22T14:27:14.352669", "sender_account": "ZMWS54714289381237", "receiver_account": "OBST45783212332050", "amount": 9900.0, "currency": "USD", "type": "FRAUD_PLACEMENT"}
{"transaction_id": "d2e8d6ca-4d2c-4047-a9f1-727fda16de8c", "timestamp": "2026-08-22T14:27:14.352712", "sender_account": "OBST45783212332050", "receiver_account": "TKNE95981619733116", "amount": 9900.0, "currency": "USD", "type": "FRAUD_LAYERING"}
{"transaction_id": "f7cdcc2c-f900-43af-bf81-bf10b5d722c1", "timestamp": "2026-08-22T14:27:15.354268", "sender_account": "MIJN31964293863181", "receiver_account": "ONTE15993666350518", "amount": 1494.74, "currency": "USD", "type": "NORMAL"}
{"transaction_id": "fbf45a61-566d-4c94-ace3-8c1fd7119343", "timestamp": "2026-08-22T14:27:16.354959", "sender_account": "NORJ47127315571079", "receiver_account": "EUPF21042455172540", "amount": 2659.32, "currency": "USD", "type": "NORMAL"}
{"transaction_id": "eda82a8d-bbcb-4eee-ac53-3c5183d568af", "timestamp": "2026-08-22T14:27:17.355613", "sender_account": "YXRF85957215814306", "receiver_account": "TKCO15830034158606", "amount": 3319.65, "currency": "USD", "type": "NORMAL"}
{"transaction_id": "55d37305-aa24-485f-a5ff-fae0739b64e6", "timestamp": "2026-08-22T14:27:18.356653", "sender_account": "RZVP21155505850037", "receiver_account": "OBST45783212332050", "amount": 9900.0, "currency": "USD", "type": "FRAUD_PLACEMENT"}
{"transaction_id": "b255b0de-73d8-4d78-8bcf-2fee5711f524", "timestamp": "2026-08-22T14:27:18.356687", "sender_account": "OBST45783212332050", "receiver_account": "TKNE95981619733116", "amount": 9900.0, "currency": "USD", "type": "FRAUD_LAYERING"}
{"transaction_id": "5d2e7f7a-9157-4a1d-832b-c59b6209dd57", "timestamp": "2026-08-22T14:27:19.357369", "sender_account": "YIRQ99574502470842", "receiver_account": "BWKA78710027600682", "amount": 4191.62, "currency": "USD", "type": "NORMAL"}
{"transaction_id": "e90fe5f8-59a9-44d9-babf-99cb391b505e", "timestamp": "2026-08-22T14:27:20.358201", "sender_account": "ZISS86727170516266", "receiver_account": "FOKF83913028698195", "amount": 1095.16, "currency": "USD", "type": "NORMAL"}
{"transaction_id": "8110d266-bc64-43ea-a02b-1e220f8860fb", "timestamp": "2026-08-22T14:27:21.359607", "sender_account": "CDPO86269475852321", "receiver_account": "JRIS76694227569281", "amount": 3281.14, "currency": "USD", "type": "NORMAL"}
{"transaction_id": "c24be28c-487d-499c-8fcf-504973d494ba", "timestamp": "2026-08-22T14:27:22.360566", "sender_account": "POPI60802500302561", "receiver_account": "TYZA12395659119598", "amount": 9900.0, "currency": "USD", "type": "FRAUD_PLACEMENT"}
{"transaction_id": "f2c90828-e2c5-4245-a5c1-4c1835e83aeb", "timestamp": "2026-08-22T14:27:22.360608", "sender_account": "TYZA12395659119598", "receiver_account": "TKNE95981619733116", "amount": 9900.0, "currency": "USD", "type": "FRAUD_LAYERING"}
{"transaction_id": "7cff6fdf-58a5-45b3-81ef-53b503ef6ba1", "timestamp": "2026-08-22T14:27:23.361930", "sender_account": "XMJK82504694562095", "receiver_account": "EJZC41691668687807", "amount": 2599.18, "currency": "USD", "type": "NORMAL"}
{"transaction_id": "32f4aaa1-4cf2-434e-83e1-b756c7d88c4c", "timestamp": "2026-08-22T14:27:24.363143", "sender_account": "EUPF21042455172540", "receiver_account": "OBST45783212332050", "amount": 9900.0, "currency": "USD", "type": "FRAUD_PLACEMENT"}
{"transaction_id": "69519499-d30f-4add-a78d-0f99577cef4a", "timestamp": "2026-08-22T14:27:24.363205", "sender_account": "OBST45783212332050", "receiver_account": "TKNE95981619733116", "amount": 9900.0, "currency": "USD", "type": "FRAUD_LAYERING"}
{"transaction_id": "5d9035f1-5e53-48ae-8088-999c0b2f3c35", "timestamp": "2026-08-22T14:27:25.364405", "sender_account": "OONT57623890878105", "receiver_account": "RZVP21155505850037", "amount": 3053.17, "currency": "USD", "type": "NORMAL"}
{"transaction_id": "90118688-5b11-48af-a838-37777fea274c", "timestamp": "2026-08-22T14:27:26.365486", "sender_account": "SOBM80491499457608", "receiver_account": "BLTT28136406266695", "amount": 2393.91, "currency": "USD", "type": "NORMAL"}
{"transaction_id": "7be5dfdf-036a-4272-8edc-22fa7f80e8cb", "timestamp": "2026-08-22T14:27:27.366253", "sender_account": "BARZ06398633576495", "receiver_account": "RZVP21155505850037", "amount": 4126.57, "currency": "USD", "type": "NORMAL"}
{"transaction_id": "02949c00-72b8-415d-971d-48050656a681", "timestamp": "2026-08-22T14:27:28.367157", "sender_account": "TYUO44513722171270", "receiver_account": "VVRM26534773504180", "amount": 3323.82, "currency": "USD", "type": "NORMAL"}
{"transaction_id": "b69cb7d2-c6b5-478e-92ce-f22412c1e353", "timestamp": "2026-08-22T14:27:29.367860", "sender_account": "OWJJ95183742153706", "receiver_account": "WQIV41315931568868", "amount": 2005.28, "currency": "USD", "type": "NORMAL"}
{"transaction_id": "48245fde-1c9d-4be2-9609-5150ecf01e06", "timestamp": "2026-08-22T14:27:30.369014", "sender_account": "RZVP21155505850037", "receiver_account": "BMWQ07401602650724", "amount": 9900.0, "currency": "USD", "type": "FRAUD_PLACEMENT"}
{"transaction_id": "f44cc5a0-b3ec-4180-b929-21ae7e72c8b7", "timestamp": "2026-08-22T14:27:30.369058", "sender_account": "BMWQ07401602650724", "receiver_account": "TKNE95981619733116", "amount": 9900.0, "currency": "USD", "type": "FRAUD_LAYERING"}
{"transaction_id": "90c54494-c44c-4d79-a583-a85cd03f6315", "timestamp": "2026-08-22T14:27:31.370533", "sender_account": "HQYC61658237444874", "receiver_account": "HNVF64891754144366", "amount": 3772.85, "currency": "USD", "type": "NORMAL"}
{"transaction_id": "ad0703e0-f909-4e53-8b4f-712ce753354b", "timestamp": "2026-08-22T14:27:32.371252", "sender_account": "MLNT98933143420708", "receiver_account": "TYZA12395659119598", "amount": 9900.0, "currency": "USD", "type": "FRAUD_PLACEMENT"}
{"transaction_id": "7dea31cf-26f2-43fb-ad12-a18ba085f000", "timestamp": "2026-08-22T14:27:32.371309", "sender_account": "TYZA12395659119598", "receiver_account": "TKNE95981619733116", "amount": 9900.0, "currency": "USD", "type": "FRAUD_LAYERING"}
{"transaction_id": "6fde4d15-293b-40cc-a850-6990aebbe4d7", "timestamp": "2026-08-22T14:27:33.372598", "sender_account": "MLNT98933143420708", "receiver_account": "BMWQ07401602650724", "amount": 9900.0, "currency": "USD", "type": "FRAUD_PLACEMENT"}
{"transaction_id": "8c8bccfd-94c9-4bc2-b8ef-a7670cbdb636", "timestamp": "2026-08-22T14:27:33.372654", "sender_account": "BMWQ07401602650724", "receiver_account": "TKNE95981619733116", "amount": 9900.0, "currency": "USD", "type": "FRAUD_LAYERING"}
{"transaction_id": "c528197b-dff1-4cb3-bc86-25f22cb67bd1", "timestamp": "2026-08-22T14:27:34.373563", "sender_account": "QOSV59129264416433", "receiver_account": "WKTH11946849130998", "amount": 1168.55, "currency": "USD", "type": "NORMAL"}
{"transaction_id": "1985cdf3-8bd6-46c4-b1db-a9cdb698d865", "timestamp": "2026-08-22T14:27:35.374794", "sender_account": "YGUU62893874834917", "receiver_account": "YXRF85957215814306", "amount": 112.73, "currency": "USD", "type": "NORMAL"}
{"transaction_id": "905533ea-84bc-45fb-b98d-fe0b5232c9c9", "timestamp": "2026-08-22T14:27:36.375772", "sender_account": "FOKF83913028698195", "receiver_account": "TYZA12395659119598", "amount": 9900.0, "currency": "USD", "type": "FRAUD_PLACEMENT"}
{"transaction_id": "6467f5cc-58c8-4ef1-9795-cb9c722b2357", "timestamp": "2026-08-22T14:27:36.375807", "sender_account": "TYZA12395659119598", "receiver_account": "TKNE95981619733116", "amount": 9900.0, "currency": "USD", "type": "FRAUD_LAYERING"}
{"transaction_id": "94896390-454a-490d-8f8e-3dfb99d616b8", "timestamp": "2026-08-22T14:27:37.377089", "sender_account": "KNAU16349393570336", "receiver_account": "HQYC61658237444874", "amount": 936.18, "currency": "USD", "type": "NORMAL"}
{"transaction_id": "fcff4624-9739-40ab-8bab-f7cab207e212", "timestamp": "2026-08-22T14:27:38.378279", "sender_account": "SNQR02825333527062", "receiver_account": "OBST45783212332050", "amount": 9900.0, "currency": "USD", "type": "FRAUD_PLACEMENT"}
{"transaction_id": "90e411c4-b330-4903-8562-c3d42a78fcea", "timestamp": "2026-08-22T14:27:38.378338", "sender_account": "OBST45783212332050", "receiver_account": "TKNE95981619733116", "amount": 9900.0, "currency": "USD", "type": "FRAUD_LAYERING"}
{"transaction_id": "de049b7e-d4e4-4e9c-b402-9350bc90dbc4", "timestamp": "2026-08-22T14:27:39.379456", "sender_account": "WSCV53841899351261", "receiver_account": "IVEN85122238604633", "amount": 1373.12, "currency": "USD", "type": "NORMAL"}
{"transaction_id": "9b7f17ea-aac8-41aa-b178-89c9c3868d34", "timestamp": "2026-08-22T14:27:40.380150", "sender_account": "RZVP21155505850037", "receiver_account": "UOIY52992373188750", "amount": 4137.28, "currency": "USD", "type": "NORMAL"}
{"transaction_id": "02a59a2a-96b8-4bfd-b14a-ea31785361ca", "timestamp": "2026-08-22T14:27:41.381269", "sender_account": "PALM16133745049607", "receiver_account": "IQWF66011720786197", "amount": 353.52, "currency": "USD", "type": "NORMAL"}
{"transaction_id": "2d03ef49-8e8c-4b1a-bc6b-5e1c321cce19", "timestamp": "2026-08-22T14:27:42.382534", "sender_account": "NRLN08377251537949", "receiver_account": "FOKF83913028698195", "amount": 4106.0, "currency": "USD", "type": "NORMAL"}
{"transaction_id": "b0052f06-d657-416d-8420-ea47e6c3f6c2", "timestamp": "2026-08-22T14:27:43.383378", "sender_account": "QJTE47754309425360", "receiver_account": "WIYV91633626744584", "amount": 3138.77, "currency": "USD", "type": "NORMAL"}
{"transaction_id": "721974bd-3c45-4cbd-a173-ded59db3005b", "timestamp": "2026-08-22T14:27:44.383963", "sender_account": "POPI60802500302561", "receiver_account": "VPQE19399427637466", "amount": 9900.0, "currency": "USD", "type": "FRAUD_PLACEMENT"}
{"transaction_id": "fe013ad1-2335-4e95-886d-63ed34f16517", "timestamp": "2026-08-22T14:27:44.383993", "sender_account": "VPQE19399427637466", "receiver_account": "TKNE95981619733116", "amount": 9900.0, "currency": "USD", "type": "FRAUD_LAYERING"}
{"transaction_id": "d038e460-6690-43c8-b449-a93e42b15123", "timestamp": "2026-08-22T14:27:45.384696", "sender_account": "EUPF21042455172540", "receiver_account": "VPQE19399427637466", "amount": 9900.0, "currency": "USD", "type": "FRAUD_PLACEMENT"}
{"transaction_id": "776df030-9190-4284-b4ac-bc47d71f4b9a", "timestamp": "2026-08-22T14:27:45.384734", "sender_account": "VPQE19399427637466", "receiver_account": "TKNE95981619733116", "amount": 9900.0, "currency": "USD", "type": "FRAUD_LAYERING"}
{"transaction_id": "79b67101-b76a-41e0-8afb-94c0bbbdd791", "timestamp": "2026-08-22T14:27:46.385802", "sender_account": "EMXL67993602576108", "receiver_account": "ZADP42098975580841", "amount": 808.08, "currency": "USD", "type": "NORMAL"}
{"transaction_id": "1486c852-8bd9-4dfd-b1c9-b20da71ffb59", "timestamp": "2026-08-22T14:27:47.386638", "sender_account": "GIBZ40473797020174", "receiver_account": "IVEN85122238604633", "amount": 1119.65, "currency": "USD", "type": "NORMAL"}
{"transaction_id": "b5fc1793-824b-4c9e-9ca0-4022908034ca", "timestamp": "2026-08-22T14:27:48.387366", "sender_account": "OONT57623890878105", "receiver_account": "BTCE30031727194183", "amount": 4648.29, "currency": "USD", "type": "NORMAL"}
{"transaction_id": "9f7f7309-a594-4d6e-88fd-c03b4eccda95", "timestamp": "2026-08-22T14:27:49.388161", "sender_account": "OXKV10606491971240", "receiver_account": "MPYG47417771988920", "amount": 2374.14, "currency": "USD", "type": "NORMAL"}
{"transaction_id": "12dd4e9e-e67a-4536-bcb9-0f6b46fa6f23", "timestamp": "2026-08-22T14:27:50.389235", "sender_account": "ONTE15993666350518", "receiver_account": "VVRM26534773504180", "amount": 1842.67, "currency": "USD", "type": "NORMAL"}
{"transaction_id": "4310db67-3126-44cc-b5f2-421e432b7344", "timestamp": "2026-08-22T14:27:51.389937", "sender_account": "NORJ47127315571079", "receiver_account": "GOHX63551834343537", "amount": 795.14, "currency": "USD", "type": "NORMAL"}
{"transaction_id": "48f4b8a2-9df9-44b5-97e4-93001edde17e", "timestamp": "2026-08-22T14:27:52.390755", "sender_account": "UOIY52992373188750", "receiver_account": "TYZA12395659119598", "amount": 9900.0, "currency": "USD", "type": "FRAUD_PLACEMENT"}
{"transaction_id": "c2d894e5-65d8-4795-b883-d949cde787d1", "timestamp": "2026-08-22T14:27:52.390788", "sender_account": "TYZA12395659119598", "receiver_account": "TKNE95981619733116", "amount": 9900.0, "currency": "USD", "type": "FRAUD_LAYERING"}
